id,name,url,language,languages,types,levels,cefr,skills,price,popularity,methods,tags,pitch,notes,apple_podcasts,spotify,rss,app_store,google_play,youtube,other_links
a-bit-of-arabic,A bit of Arabic,https://podcasts.apple.com/gb/podcast/a-bit-of-arabic/id1695840664,arabic,arabic,podcast,beginner|intermediate,A1–B1,listening|vocabulary,freemium,2,comprehensible-input,msa|comprehensible-input,"Short, simplified MSA episodes mixing comprehensible input with light explanation.","Bite-sized episodes of slow, clear Modern Standard Arabic — stories and everyday vocabulary — that you can follow well before you could handle news or native podcasts. Learner podcasts in formal Arabic are rare, which makes this worth the shelf space on your phone. Most episodes are free with some behind a paywall, and MSA listening practice will not train you for conversation in any actual dialect.",https://podcasts.apple.com/us/podcast/a-bit-of-arabic/id1695840664,,https://anchor.fm/s/64f3cd48/podcast/rss,,,https://www.youtube.com/@FootballWeeklyPodcast,
acquire-arabic,AcquireArabic,https://www.youtube.com/@AcquireArabic,arabic,arabic,youtube,beginner,A1–A2,listening|immersion,free,2,comprehensible-input,msa|comprehensible-input,"Dreaming-Spanish-style comprehensible input in Modern Standard Arabic, from zero.","All-Arabic videos for absolute beginners, using drawings and gestures so you understand before you can translate — the model that worked for Spanish, finally applied to formal Arabic. Free and a genuinely gentle entry point for people who find textbook Arabic discouraging. The library is still small compared to established input channels, and because it teaches MSA you will still need dialect material for actual conversation.",,,,,,,
al-arabiyya-bayna-yadayk,Al-Arabiyya Bayna Yadayk (Arabic Between Your Hands),https://www.arabicforall.net/,arabic,arabic,book|course,beginner|intermediate|advanced,A1–C1,speaking|listening|reading|grammar,paid,3,structured-course,msa|textbook,Arabic-only MSA course series built around communication rather than translation.,"A Saudi-published series used across the Arab world and in Islamic studies programmes, written entirely in Arabic with heavy audio support and a strong speaking and listening emphasis from the first book. Because there is no English, it forces immersion and works well with a teacher or a study group. That same choice makes it hard to start alone with no guidance, and the vocabulary skews formal and religious.",,,,,,,
al-jazeera-learning-arabic,Al Jazeera Learning Arabic,https://learning.aljazeera.net/en,arabic,arabic,course|website|youtube,beginner|intermediate|advanced,A1–C1,reading|listening|vocabulary|grammar,free,3,structured-course|authentic-media,msa|news,Free levelled MSA lessons and graded news material from Al Jazeera's education arm.,"A genuinely free platform with lessons sorted from beginner to advanced, built around media Arabic — news clips, interviews and articles with vocabulary support and comprehension exercises — plus a matching YouTube channel. For anyone learning Arabic to read or watch the news, the register is exactly right. The interface is easier to navigate in Arabic than in English, and there is no speaking practice at all.",,,,,,,
al-kitaab,Al-Kitaab Arabic Language Program,https://alkitaabtextbook.com/,arabic,arabic,book|course,beginner|intermediate|advanced,A1–C1,reading|writing|grammar|listening,paid,4,structured-course,msa|egyptian-arabic|levantine-arabic|textbook,The three-part textbook series most university Arabic programmes are built around.,"Parts One to Three carry you from post-alphabet beginner to advanced reading of literary and journalistic Arabic, and the third edition deliberately teaches formal Arabic together with Egyptian and Levantine spoken forms rather than pretending dialects do not exist. If you want the same syllabus a degree programme uses, this is it. It is widely criticised for a punishing vocabulary load, thin grammar explanations and a design that assumes a teacher — self-learners often need a supplementary grammar.",,,,,,,
alif-baa,Alif Baa: Introduction to Arabic Letters and Sounds,https://alkitaabtextbook.com/alifbaa/,arabic,arabic,book|course,beginner,A1,reading|writing|pronunciation|listening,paid,3,structured-course|pronunciation-training,msa|egyptian-arabic|levantine-arabic|arabic-script|textbook,The standard first book: the Arabic script and sound system in about six weeks.,"Volume zero of the Al-Kitaab programme, taking you from no Arabic at all to reading and handwriting the alphabet, with video drills for the sounds English speakers struggle with (ع، ح، ق، ط) and a companion website of exercises. Uniquely for a script book, it introduces Egyptian and Levantine pronunciation alongside formal Arabic from the start. It is a paid textbook whose online access code is tied to the purchase, and used copies often have that code already redeemed.",,,,,,,
almaany,Almaany المعاني,https://www.almaany.com/,arabic,arabic,dictionary|website,intermediate|advanced,,reading|vocabulary,free,3,,msa,Free Arabic-Arabic and Arabic-English dictionary aggregating the classical lexicons.,"The lookup most Arabic speakers and advanced learners actually use: it pulls together Lisan al-Arab and other classical dictionaries alongside modern bilingual entries, with roots, conjugations and idioms. Monolingual definitions make it the natural step up when English glosses stop being precise enough. The site is ad-heavy, the interface is cluttered, and it covers formal Arabic only — dialect words will not be there.",,,,,,,
arabic-all-the-time,Arabic All The Time,https://www.arabicallthetime.com/,arabic,arabic,website|youtube,beginner|intermediate|advanced,A1–C1,listening|immersion|speaking,freemium,2,comprehensible-input|conversation-practice,levantine-arabic|msa|comprehensible-input,Levelled A1–C1 comprehensible-input video library in Levantine Arabic and MSA.,"Several hundred videos organised by level with input tracking, covering both Levantine and formal Arabic, plus crosstalk sessions with the creator (the first one free) for speaking practice. The clear level progression makes it one of the few input resources you can follow systematically rather than dipping into. A portion is free and the rest needs a subscription; Levantine and MSA only, so Egyptian or Gulf learners should look elsewhere.",,,,,,,
arabic-almanac,Arabic Almanac (ejtaal.net),https://ejtaal.net/aa/,arabic,arabic,dictionary|tool,advanced,,reading|vocabulary,free,2,,msa|classical-arabic,"Scanned Hans Wehr, Lane and other classical lexicons, searchable by root.","A free root-based interface to page scans of the major Arabic dictionaries — Hans Wehr, Lane's Lexicon, Steingass and more — which is how serious readers of classical and literary Arabic look words up. Indispensable if you are reading Qur'anic, poetic or pre-modern prose. It assumes you can derive the root yourself and read dictionary conventions, so it is useless as a beginner tool, and the scanned-page interface feels ancient.",,,,,,,
arabic-with-matto,Learn Arabic with Matto,https://www.youtube.com/@ArabicwithMatto,arabic,arabic,youtube,beginner|intermediate,A1–B1,listening|immersion|vocabulary,free,2,comprehensible-input,msa|gulf-arabic|comprehensible-input,"Comprehensible input in both formal Arabic and Hijazi/Peninsular dialect, clearly labelled.","Each video states whether it is Modern Standard or western-Saudi Hijazi speech, which matters a lot given how rarely Arabian Peninsula varieties get taught to foreigners. Free, input-driven and a rare on-ramp for learners heading to Saudi Arabia or the Gulf. Hijazi is not identical to the Khaleeji spoken in the UAE, Kuwait or Qatar, so treat it as the closest available approximation rather than an exact match.",,,,,,,
arabic-with-toqa,Arabic with Toqa,https://www.youtube.com/@ArabicwithToqa,arabic,arabic,youtube,beginner|intermediate,A1–B1,vocabulary|grammar|speaking,free,2,grammar-reference,msa|egyptian-arabic|levantine-arabic,Free lessons comparing MSA with Egyptian and Levantine forms side by side.,"Explicitly addresses the problem every Arabic learner hits — the same idea has a formal form and several spoken ones — by teaching them together so you know which register you are producing. Energetic and beginner-friendly, all free. It is a collection of themed lessons rather than a syllabus, and the comparative approach can feel like a lot at once if you have not yet chosen a variety to focus on.",,,,,,,
arabicpod101,ArabicPod101,https://www.arabicpod101.com/,arabic,arabic,podcast|course|app,beginner|intermediate,A1–B1,listening|vocabulary|speaking,freemium,4,structured-course,msa|egyptian-arabic|maghrebi-arabic,"Huge library of short audio lessons, mostly MSA with some Egyptian and Moroccan.","Dialogue-plus-explanation lessons with transcripts, line-by-line breakdowns and flashcards, covering absolute beginner through lower intermediate. The sheer volume makes it a decent daily listening habit, and a free account gives real access before you commit. Two caveats: the catalogue mixes varieties without always making the distinction obvious, so check whether a lesson is formal Arabic or dialect; and the marketing is relentless, with prices only reasonable during their frequent sales.",https://podcasts.apple.com/us/podcast/learn-arabic-arabicpod101-com/id280208841,,https://www.arabicpod101.com/wp-feed-audio-video.php,,,,
comprehensible-egyptian-arabic,Comprehensible Egyptian Arabic,https://www.youtube.com/@ComprehensibleEgyptian,arabic,arabic,youtube,beginner,A1–A2,listening|immersion,free,2,comprehensible-input,egyptian-arabic|comprehensible-input,"Egyptian Arabic taught entirely in Arabic with visuals, gestures and slow speech.","Applies the comprehensible-input approach to Egyptian: no English, just simple narration supported by drawings and props so meaning arrives from context. Since almost all beginner dialect material leans on English explanation and transliteration, this trains your ear far earlier. The channel is smaller than its Spanish equivalents, so there is a limited number of videos — use it alongside a structured course, not instead of one.",,,,,,,
darija-school,Darija School,https://darijaschool.com/en/,arabic,arabic,course|website,beginner|intermediate,A1–B1,speaking|listening|vocabulary,freemium,1,structured-course,maghrebi-arabic,"Structured Moroccan Darija lessons with video, audio, PDFs and quizzes.","A modern course platform for Moroccan Arabic — the dialect furthest from anything a Modern Standard course prepares you for — with a set of free modules before the paid tiers, taught by native speakers. Useful for anyone moving to or working in Morocco. Darija's Amazigh and French loan vocabulary means very little transfers to Middle Eastern Arabic, so choose it deliberately rather than as your default dialect.",,,,,,,
desert-sky-arabic,Desert Sky Arabic,https://arabic.desert-sky.net/,arabic,arabic,website,beginner|intermediate,A1–B2,grammar|vocabulary,free,2,grammar-reference,egyptian-arabic|msa,"Free, clearly written Egyptian Arabic grammar reference with MSA comparisons.","One learner's long-maintained notes covering pronouns, verb conjugation, negation, colloquial expressions and proverbs, giving Cairene Egyptian forms next to formal Arabic with transliteration throughout. For a dialect with almost no free structured grammar available, it remains the reference people link to first. The site is old-fashioned and no longer actively updated, and the transliteration-heavy presentation means you should already be comfortable with the script.",,,,,,,
easy-arabic-youtube,Easy Arabic,https://www.youtube.com/@EasyArabicVideos,arabic,arabic,youtube,intermediate|advanced,B1–C1,listening|vocabulary|immersion,free,3,authentic-media,egyptian-arabic|levantine-arabic|maghrebi-arabic|street-interviews,"Unscripted street interviews in Egypt, Palestine and Tunisia with dual subtitles.","Real people answering real questions at natural speed, with simultaneous Arabic and English subtitles so you can follow colloquial speech you would otherwise miss entirely. The Super Easy series has the team speaking slowly for lower levels. Because the interviews are filmed in different countries the dialect shifts between videos — check the description before assuming you are hearing the variety you study.",,,,,,,
gulf-arabic-com,GulfArabic.com,https://www.gulfarabic.com/,arabic,arabic,course|website,beginner|intermediate,A1–B1,speaking|listening|vocabulary|grammar,freemium,1,structured-course,gulf-arabic,"One of the few structured courses in Khaleeji, the Gulf dialect of the UAE and Saudi.","A long-running course covering Gulf pronunciation, script, grammar, everyday vocabulary and business communication, with audio recorded for every word and sentence, aimed at expatriates working in the region. Gulf Arabic is badly underserved, so a sequenced course of any kind is worth knowing about. Some introductory lessons are free and the rest is a paid membership; the site design is dated and there is little independent review of the material.",,,,,,,
hob-learning,Hob Learning,https://hob-learning.com/,arabic,arabic,app|course,beginner|intermediate,A1–B1,listening|speaking|vocabulary,freemium,1,structured-course|comprehensible-input,levantine-arabic,Structured Levantine (Jordanian) course built around understanding real speech.,"Video lessons and a growing comprehensible-input library focused on Jordanian Levantine, available on the web and as an app, with sample material free on YouTube. It fills a specific gap: a sequenced dialect course rather than a scattered playlist. Full access is a paid subscription, the catalogue is smaller than long-established platforms, and the Jordanian focus means some vocabulary differs from Lebanese or Palestinian usage.",,,,https://apps.apple.com/us/app/hob-learning/id6754415995,https://play.google.com/store/apps/details?id=com.hoblearning.app,https://www.youtube.com/@hob.learning,
kallimni-arabi,Kallimni 'Arabi series,https://aucpress.com/9789774160318/kallimni-arabi/,arabic,arabic,book|course,beginner|intermediate|advanced,A1–C1,speaking|listening|reading|grammar,paid,2,structured-course,egyptian-arabic|textbook,"Samia Louis's six-book Egyptian Arabic course, the closest thing to a dialect standard.","A properly sequenced spoken-Egyptian curriculum (Bishweesh through Aktar) written in Arabic script with audio, taking you from survival phrases to genuinely advanced colloquial — no other dialect has anything this complete. Widely used by language schools in Cairo. Books are paid and sold per level, instructions are largely in Arabic, and like most classroom series it works far better with a teacher or tutor than alone.",,,,,,,
khallina,Khallina,https://khallina.org/,arabic,arabic,website|media,beginner|intermediate|advanced,A1–C1,listening|reading|immersion,free,1,authentic-media,msa|egyptian-arabic|levantine-arabic|maghrebi-arabic|culture,"Free culture modules — music, film, food, history — built for Arabic learners.","An open educational project offering short thematic units around authentic Arab cultural material, each with video or audio, vocabulary support and activities, tagged by level so beginners get something they can actually use. It answers the 'why does my textbook have no culture in it' complaint directly. Content spans several dialects and MSA, module count is modest, and it supplements a course rather than replacing one.",,,,,,,
learn-arabic-with-maha,Learn Arabic with Maha,https://www.youtube.com/@LearnArabicwithMaha,arabic,arabic,youtube,beginner|intermediate,A1–B1,pronunciation|vocabulary|speaking,free,2,pronunciation-training,egyptian-arabic,Free Egyptian Arabic lessons with unusually good pronunciation coaching.,"A long-running channel of short themed lessons — greetings, food, transport, common verbs — with careful attention to where each Arabic sound is produced in the mouth, which is exactly what most beginners get wrong and never fix. Everything is free and the Egyptian dialect is the one you will hear across Arab media. Videos are standalone rather than a sequenced course, so you need to impose your own order.",,,,,,,
levantine-arabic-with-maha,Levantine Arabic with Maha,https://www.youtube.com/@LevantineArabicwithMaha,arabic,arabic,youtube|podcast,intermediate|advanced,B1–C1,listening|vocabulary|immersion,free,2,comprehensible-input,levantine-arabic,"Lebanese Arabic at intermediate-and-above level, spoken naturally throughout.","One of very few channels giving sustained Lebanese Levantine input above beginner level, with a companion podcast for listening on the move. Valuable precisely because intermediate dialect material is where most learners run out of resources. Videos are free with transcripts and early access on Patreon; the accent is specifically Lebanese, which differs noticeably from Palestinian or Syrian speech.",,https://open.spotify.com/show/6m7mnfcmY68MftMJ2P6GgX,,,,,
lingualism,Lingualism,https://lingualism.com/,arabic,arabic,book|tool,beginner|intermediate|advanced,A1–C1,reading|listening|vocabulary,freemium,2,graded-reading,msa|egyptian-arabic|levantine-arabic|graded-reader,"Dialect ebooks and graded readers with parallel text, transcription and free audio.","Matthew Aldrich's catalogue is the deepest independent source of written Egyptian and Levantine material: verb references, vocabulary books and graded readers with Arabic script, phonemic transcription, English translation and audio, plus matching Anki decks. For dialects that barely exist in print, this fills a real gap. Books are paid (though inexpensive), the audio is streamed free on their YouTube channel, and the presentation is functional rather than polished.",,,,,,,
lisaan-masry,Lisaan Masry,https://sea.lisaanmasry.org/info/en/home.html,arabic,arabic,dictionary|website,beginner|intermediate|advanced,,vocabulary|reading,freemium,2,,egyptian-arabic,Egyptian Arabic dictionary with full conjugation tables and audio for entries.,"A dedicated Egyptian Colloquial dictionary that gives you conjugated verb forms, plurals and transliteration rather than making you guess how a Modern Standard entry gets pronounced in Cairo. Free browsing covers most needs; an account and paid tier unlock extras like saved lists. The database is community-built so quality varies between entries, the interface has not changed in years, and the site is intermittently unreachable — retry rather than assuming it is gone.",,,,,,,
living-arabic-project,The Living Arabic Project,https://www.livingarabic.com/,arabic,arabic,dictionary|website,intermediate|advanced,,reading|vocabulary,free,2,,msa|egyptian-arabic|levantine-arabic|gulf-arabic|maghrebi-arabic,"The largest free dialect dictionaries for Egyptian, Levantine, Gulf, Iraqi and more.","Search a word and see how it is used in Classical Arabic and across Egyptian, Levantine, North African, Gulf, Iraqi, Sudanese and Yemeni, with roots, plurals, pronunciation notes and example sentences — something no other free resource comes close to. Essential once you start reading or listening to real dialect material. The web dictionaries are free (a paid Lughatuna app adds offline access), and coverage is much thicker for Egyptian and Levantine than for the others.",,,,,,,
madinah-arabic,Madinah Arabic,https://www.madinaharabic.com/,arabic,arabic,course|website,beginner|intermediate,A1–B1,reading|grammar|vocabulary,freemium,3,structured-course|grammar-reference,msa|arabic-script,"Free structured MSA course starting from the alphabet, with 90+ online lessons.","Two free self-paced courses — a reading course that teaches the script letter by letter, then a language course covering core grammar and vocabulary — with audio and exercises throughout. It is the best free zero-to-basics path for Modern Standard Arabic and is popular with learners whose goal is reading classical and religious texts. Paid one-to-one classes are offered on top; the free material is text-heavy and gives you almost no conversational practice.",,,,,,,
peace-corps-moroccan-arabic,Peace Corps Moroccan Arabic Course (Friends of Morocco),https://www.friendsofmorocco.org/learnarabic.htm,arabic,arabic,book|course,beginner|intermediate,A1–B1,speaking|listening|grammar|vocabulary,free,2,structured-course,maghrebi-arabic,"The free Peace Corps Darija textbook and audio, still the best free Moroccan course.","A complete government-produced Moroccan Arabic curriculum — dialogues, grammar notes, vocabulary lists and accompanying audio — released free and collected here alongside other Darija materials. Written for volunteers about to live in Moroccan villages, so the vocabulary is genuinely practical. The materials date from the 2000s, the page is a plain link hub rather than a polished platform, and transliteration conventions differ from what modern courses use.",,,,,,,
playaling,Playaling,https://playaling.com/,arabic,arabic,website|app|media,beginner|intermediate|advanced,A1–C1,listening|vocabulary|reading,freemium,2,authentic-media,msa|egyptian-arabic|levantine-arabic|gulf-arabic|maghrebi-arabic,"Real Arabic video clips with interactive dual subtitles, filtered by dialect and level.","Over a thousand clips — TV, music, interviews, cartoons — each with tappable Arabic and English captions, an audio dictionary and vocabulary practice, filterable by Levantine, Egyptian, Gulf, Maghrebi, MSA or Educated Spoken Arabic. It is the cleanest way to train your ear on how a specific dialect actually sounds instead of textbook recordings. There is a free tier and trial, but the useful volume needs a subscription, and there is an alphabet course but no full grammar syllabus.",,,,https://apps.apple.com/us/app/playaling-learn-arabic/id6740200598,https://play.google.com/store/apps/details?id=com.playaling_app,,
qasid-institute,Qasid Arabic Institute,https://www.qasid.com/online-courses,arabic,arabic,course|tutoring,beginner|intermediate|advanced,A1–C2,grammar|reading|speaking|writing,paid,2,structured-course|conversation-practice,msa|levantine-arabic|classical-arabic,"Amman institute's live online MSA and Levantine classes, taught to university standard.","Qasid is one of the best-known immersion schools in the Arab world and runs its full sequence — formal Arabic, classical texts and Jordanian Levantine — as live small-group and private online classes with placement testing. The right choice if you need accountability and real teaching rather than self-study. It is priced like tuition, not like an app, and requires committing to a schedule across time zones.",,,,,,,
qutrub,Qutrub Arabic Verb Conjugator,https://qutrub.arabeyes.org/,arabic,arabic,tool,beginner|intermediate|advanced,,grammar|writing,free,1,,msa,"Free open-source conjugator: type any Arabic verb, get every form fully vowelled.","Enter a verb and it returns the complete paradigm with full diacritics across tenses, moods and voices — the fastest way to check whether you have the right pattern when reading or writing. Free, open source and no account needed. It handles Modern Standard Arabic only, the interface is bare, and it tells you the forms without explaining the underlying verb-form system.",,,,,,,
reddit-learn-arabic,r/learn_arabic,https://www.reddit.com/r/learn_arabic/,arabic,arabic,community,beginner|intermediate|advanced,,grammar|vocabulary|reading,free,3,,msa|egyptian-arabic|levantine-arabic|gulf-arabic|maghrebi-arabic,Active community for the questions Arabic textbooks leave unanswered.,"The main English-language gathering point for Arabic learners, useful for translation checks, script and handwriting questions, resource comparisons and — most valuably — the recurring 'which dialect should I learn' discussions from people who have actually made that choice. Native speakers answer regularly. Quality varies as on any forum, and dialect advice is often coloured by where the answerer happens to be from.",,,,,,,
rumooz-aljazeera,رموز Rumooz (Al Jazeera Podcasts),https://www.aljazeera.net/podcasts/rumooz/,arabic,arabic,podcast|media,advanced,C1–C2,listening|immersion,free,2,authentic-media,msa|native-content,"Al Jazeera's narrative documentary podcast — native-level Arabic, professionally produced.","Long-form profiles of influential figures in Arab history and politics, narrated in polished Modern Standard Arabic with archival audio, free from Al Jazeera. Once learner podcasts stop challenging you, this is the natural next step and doubles as a serious history education. It is full native speed with dense political and historical vocabulary — genuinely hard below C1, though transcript-free listening at that level is the point.",,https://open.spotify.com/show/0tMACllmViSiDSBfTYYh5D,,,,https://www.youtube.com/@aljazeera,
sowt-podcasts,Sowt صوت,https://www.sowt.com/,arabic,arabic,podcast|media,advanced,B2–C2,listening|immersion,freemium,2,authentic-media,levantine-arabic|msa|native-content,The leading independent Arabic podcast network — native shows across many genres.,"Around 80 shows spanning society, history, literature and true crime, produced to international podcast standards by a Jordan-based network, in a mix of Modern Standard Arabic and regional dialects (Levantine most often). This is what Arabic media sounds like when it is not made for learners. Most episodes are free with an optional Sowt+ tier; there are no transcripts or vocabulary aids, so bring an intermediate-plus ear.",https://podcasts.apple.com/us/podcast/%D9%85-%D9%86%D8%A8-%D8%AA-manbet/id1535591764,https://open.spotify.com/show/4nRmqhTiufdByd2WuSsIHA,,,,https://www.youtube.com/@Sowt,
storytime-with-teta,Storytime with Teta,https://storytimewithteta.com/,arabic,arabic,podcast,beginner,A1–A2,listening|vocabulary,free,1,authentic-media,msa|kids-content,"Free children's stories in simple, clearly narrated Arabic — great beginner listening.","Made for Arabic-speaking children rather than language learners, which is exactly why it works: simple sentences, repeated vocabulary and warm expressive narration at a speed beginners can follow. Free on the site and podcast apps. Being genuinely children's content, expect fairy-tale vocabulary rather than the language you need to order coffee or discuss work.",https://podcasts.apple.com/us/podcast/storytime-with-teta/id1470708012,https://open.spotify.com/show/5jfS87YxRRNQLpfbsbnvT8,https://rss.buzzsprout.com/352184.rss,,,https://www.youtube.com/@StorytimeWithTeta,
talk-in-arabic,Talk in Arabic,https://talkinarabic.com/,arabic,arabic,website|course,beginner|intermediate|advanced,A1–B2,listening|speaking|vocabulary,paid,2,structured-course,egyptian-arabic|levantine-arabic|gulf-arabic|maghrebi-arabic,"Eight spoken dialects in one subscription — Egyptian, Levantine, Gulf, Maghrebi and more.","Covers Egyptian, Levantine, Saudi, Iraqi, Sudanese, Moroccan, Algerian and Tunisian with native-speaker audio and video dialogues and transcripts, which makes it the most practical single answer for someone who has picked a dialect other than Egyptian. Useful too if you are still deciding and want to hear them side by side. It is a paid membership, material is organised as a library rather than a course, and depth varies a lot between the well-served dialects and the smaller ones.",,,,,,https://www.youtube.com/c/talkinarabic,
basic-cantonese-workbook,Basic Cantonese: A Grammar and Workbook,https://www.routledge.com/Basic-Cantonese-A-Grammar-and-Workbook/Yip-Matthews/p/book/9780415471817,cantonese,cantonese,book,beginner|intermediate,A1–B1,grammar|writing|vocabulary,paid,2,structured-course|grammar-reference,grammar|textbook|self-study|jyutping,"Twenty-eight short grammar units, each drilled with exercises and an answer key.","The same authors as the comprehensive grammar, rewritten for beginners: each unit explains one point in a couple of pages and then makes you use it, with answers in the back so self-study actually works, and an Intermediate Cantonese volume waiting when you finish. Everything is in jyutping with characters, which keeps the focus on speech. There is no audio and no conversation practice, so it is the grammar half of a plan that also needs listening and a speaking partner.",,,,,,,
bite-size-cantonese,Bite Size Cantonese,https://podcasts.apple.com/us/podcast/bite-size-cantonese/id1823318361,cantonese,cantonese,podcast,beginner|intermediate,A1–B1,listening|vocabulary|pronunciation,free,2,pronunciation-training,beginner|pronunciation|daily,"Short weekly episodes on everyday phrases, tones and pronunciation fixes.","Celia publishes a few minutes at a time — practical vocabulary, tone and pronunciation tips, cultural context, and some episodes recorded entirely in Cantonese as comprehensible input — with about fifty episodes by mid-2026 and a new one most weeks. Free, and transcripts are available if you email her. The episodes are deliberately tiny and not sequenced into a course, so use it as the habit-forming daily drip rather than your main study.",https://podcasts.apple.com/us/podcast/bite-size-cantonese/id1823318361,,https://anchor.fm/s/106778cb8/podcast/rss,,,,
cantoboo,CantoBoo!,https://www.youtube.com/@CantoBoo,cantonese,cantonese,youtube,beginner,A1–A2,vocabulary|speaking|pronunciation,free,2,,beginner|vocabulary,Absolute-beginner drills on the highest-frequency Cantonese words and patterns.,"A Hong Kong channel aimed squarely at people starting from zero: it takes a small set of very common words and shows how to recombine them into sentences you can use the same day, mostly in short vertical videos, and it was still active in August 2026. Free, and the repetition is genuinely useful for fixing tones early. The short-form format means very little context and no progression to follow, so it works as daily reinforcement next to a structured course, not as one.",,,,,,,
cantonese-after-hours,Cantonese after hours,https://www.youtube.com/@Cantoneseafterhours,cantonese,cantonese,youtube,beginner|intermediate,A1–B1,listening|speaking|vocabulary,free,2,structured-course,beginner|spoken-cantonese,"A Hong Kong native building a slow, learner-paced video series from scratch.","A small free channel by a Hong Konger who teaches languages on the side, working through a numbered series — self-introduction, talking about Hong Kong — at a pace built for learners, with a companion site. New episodes appeared through mid-2026. The library is genuinely small, so this is one to subscribe to and grow with rather than binge; use it for the friendly, unhurried delivery when the bigger channels feel too fast.",,,,,,,Website=https://www.cantoneseafterhours.com/
cantonese-comprehensive-grammar,Cantonese: A Comprehensive Grammar,https://www.routledge.com/Cantonese-A-Comprehensive-Grammar/Matthews-Yip/p/book/9781138831322,cantonese,cantonese,book,intermediate|advanced,B1–C2,grammar|reading|writing,paid,4,grammar-reference,grammar|reference|textbook,Matthews and Yip's standard reference — the serious book on Cantonese grammar.,"The reference work for the language, describing spoken Hong Kong Cantonese systematically: classifiers, aspect markers, the sentence-final particles that carry so much of the meaning, comparative and relative structures, and code-mixing with English, all with jyutping and translations. If you have ever wondered why a particle changes the whole tone of a sentence, the answer is in here. It is a linguist's description with no exercises and no audio, and it costs reference-book money — buy it when courses stop answering your questions.",,,,,,,
cantonese-corner-cantolingo,Cantonese Corner & CantoLingo,https://www.youtube.com/@cantonesecorner,cantonese,cantonese,youtube|community,beginner|intermediate,A1–B1,speaking|reading|vocabulary,freemium,2,,traditional|reading|community,An adult learner turned teacher on speaking plus reading traditional characters.,"Sue Marguerite moved to Hong Kong in 1988, learned Cantonese and traditional characters as an adult, and has been teaching since 2017 — so the channel covers the half most Cantonese resources skip, reading and writing characters with Cantonese readings rather than Mandarin ones. YouTube videos are free; the CantoLingo community and courses are a paid subscription. Uploads have slowed considerably (the most recent were early 2026), so check the back catalogue rather than expecting a weekly stream.",,,,,,,
cantonese-tools,Cantonese Tools,https://www.cantonese.tools/,cantonese,cantonese,tool|website,beginner|intermediate,,writing|pronunciation,free,2,,typing|tools,"How to actually type, dictate and hear Cantonese on your phone and computer.","A free practical guide to Cantonese support on iOS, macOS, Android and Windows: handwriting and Cangjie input for traditional characters, jyutping and Yale typing by sound, text-to-speech so you can hear any text read aloud, and dictation. It solves the unglamorous problem that stops people writing Cantonese at all. Narrow by design — it teaches you nothing about the language itself — and the device instructions need re-checking after major OS updates.",,,,,,,
cantonese-with-brittany,Cantonese with Brittany,https://www.youtube.com/@cantobritt,cantonese,cantonese,youtube,beginner|intermediate,A2–B1,listening|vocabulary|speaking,free,2,,archive|culture|study-tips,"A learner's-eye channel on Cantonese study, culture and overseas Chinese life.","Brittany learned Cantonese as an adult and made videos for overseas Chinese families and fellow learners: study strategy, native speakers testing her Cantonese, food and culture episodes, plus study-tip posts on her blog. That learner perspective is the value — she names the things natives forget to explain. Uploads stopped in late 2022, so treat it as a finished free archive rather than an active channel; nothing in it has gone stale.",,,,,,,Blog=https://www.cantonesewithbrittany.com/
cantoneseclass101,CantoneseClass101,https://www.cantoneseclass101.com/,cantonese,cantonese,podcast|course|app,beginner|intermediate,A1–B1,listening|vocabulary|grammar|speaking,freemium,4,structured-course,innovative-language|audio-lessons|jyutping,"The largest structured Cantonese audio course, dialogue plus breakdown.","Short native dialogues followed by a line-by-line explanation, with jyutping, traditional characters, PDF transcripts and flashcards on the paid tiers, plus a YouTube channel that posts almost daily. For a language with very few complete courses, the sheer volume is the point: you can follow a beginner path end to end without assembling it yourself. The usual Innovative Language caveats apply — aggressive discount emails, confusing tiers, uneven quality between older and newer series — and the catalogue thins out above lower-intermediate.",https://podcasts.apple.com/us/podcast/learn-cantonese-cantoneseclass101-com/id381008537,,https://www.cantoneseclass101.com/wp-feed-audio-video.php,https://apps.apple.com/us/app/cantonese/id1546692785,,https://www.youtube.com/@CantoneseClass101,
cc-canto,CC-Canto,https://cantonese.org/,cantonese,cantonese,dictionary|tool,beginner|intermediate|advanced,,vocabulary|reading,free,3,,reference|jyutping|offline,"Free open-source Cantonese-English dictionary, searchable by jyutping or Yale.","Pleco's open Cantonese project: it merges the CC-Canto database with CC-CEDICT and Cantonese readings, so you can search by characters, jyutping, Yale or English and get clean English definitions. Everything is free, the data is downloadable, and the same dictionary installs as a free add-on inside the Pleco app for offline lookup on a phone — the usual setup for serious learners. It leans on Mandarin-era CC-CEDICT data for many entries, so for colloquial Cantonese usage check words.hk as well.",,,,,,,
chatty-cantonese,Chatty Cantonese (粵語白白講),https://podcasts.apple.com/us/podcast/chatty-cantonese/id1588780616,cantonese,cantonese,podcast,intermediate|advanced,B1–C1,listening|vocabulary|immersion,free,2,comprehensible-input,archive|transcripts|authentic-speech,"A teacher and a student in real Cantonese conversation, with transcripts.","Forty-plus episodes of unscripted Cantonese conversation aimed at building listening, interleaved with English-language interviews with people in the global Cantonese world — linguists, literary translators, community-school teachers — and every episode links a transcript and vocabulary list. The transcripts are what make the Cantonese episodes usable at intermediate level. It stopped publishing in April 2025, so this is a complete free archive rather than a live show.",https://podcasts.apple.com/us/podcast/chatty-cantonese-%E7%B2%B5%E8%AA%9E%E7%99%BD%E7%99%BD%E8%AC%9B/id1588780616,,https://rss.buzzsprout.com/1864001.rss,,,,
colloquial-cantonese,Colloquial Cantonese,https://www.routledge.com/Colloquial-Cantonese-The-Complete-Course-for-Beginners/Yip-Matthews/p/book/9780415478878,cantonese,cantonese,book|course,beginner,A1–A2,speaking|listening|grammar|vocabulary,paid,3,structured-course,textbook|structured-course|jyutping,"A complete beginner course in book form, with the audio free to download.","Yip and Matthews take you from nothing to basic conversation through graded dialogues, vocabulary and exercises, using jyutping alongside characters, and the accompanying audio is free to stream or download from Routledge's Colloquials site even though the book itself is paid. For learners who want a structured path on paper rather than a video playlist, this is the standard choice. The dialogues are functional rather than lively, and the book alone will not get you speaking without someone to practise with.",,,,,,,
comprehensible-cantonese,Comprehensible Cantonese,https://www.youtube.com/@comprehensiblecantonese,cantonese,cantonese,youtube,intermediate,A2–B2,listening|vocabulary|immersion,free,2,comprehensible-input,comprehensible-input|subtitles|authentic-speech,"Natural Cantonese conversation and travel vlogs, captioned in Cantonese.","Running since 2020 and still posting weekly in 2026, this channel puts Cantonese closed captions on every video, so you can watch conversations and trip diaries with the written form in front of you and switch the support off as you improve. That combination — unscripted speech plus accurate Cantonese subtitles — is rare and is exactly what the intermediate stage needs. It is free, and it aims above absolute beginners: expect natural pace and no English explanation.",,,,,,,
dope-chinese-gloria,Dope Chinese with Gloria,https://www.youtube.com/@dopecantonese,cantonese,cantonese,youtube,beginner|intermediate,A1–B1,listening|vocabulary|speaking,free,2,,listening|guangdong,Listening practice and common-mistake videos from a Guangdong Cantonese teacher.,"Gloria posts short, free listening exercises, beginner vocabulary sets and 'most learners get this wrong' clips, and was still uploading in August 2026, with paid classes as the commercial side. Two things to know: she teaches both Cantonese and Mandarin on the same channel, so you will need to filter, and she is based in Guangdong rather than Hong Kong — the language is the same but some vocabulary and written conventions differ from Hong Kong usage.",,,,,,,
five-minute-cantonese,5 minute Cantonese,https://www.youtube.com/@5minutecantonese,cantonese,cantonese,youtube,beginner|intermediate,A1–B1,vocabulary|grammar|pronunciation,free,2,grammar-reference,grammar|vocabulary|particles,Amanda's numbered short lessons on the small words that trip learners up.,"A Hong Kong teacher with a multilingual background has published nearly three hundred numbered lessons, still weekly in 2026, focusing on the details that make Cantonese hard: sentence-final mood particles, tone contrasts, quiz-style review of everyday vocabulary. Short enough to watch on a break, and free, with a membership tier for extras. The numbering is chronological rather than a syllabus, so treat it as a lucky-dip of targeted explanations rather than a course to work through in order.",,,,,,,
hambaanglaang,Hambaanglaang (冚唪唥粵文讀本),https://hambaanglaang.hk/,cantonese,cantonese,book|website|course,beginner|intermediate,A1–B1,reading|listening|vocabulary,free,3,graded-reading,graded-reader|reading|free-curriculum|written-cantonese,"Free graded readers in written Cantonese, each with audio and video.","A Hong Kong community project publishing story books written in real Cantonese (粵文, not standard written Chinese), graded step by step and split into a series for all ages and one written specifically for teens and adults, with a video and an audio recording for every book plus lesson plans for teachers. Reading it all online is free; printed sets are sold to fund the project. This is the graded-reading resource Cantonese has always lacked, but the site is Cantonese-first and awkward to navigate, and written Cantonese looks alien at first even if you read Chinese.",,,,,,,
jyutping-org,Jyutping.org (粵拼),https://jyutping.org/,cantonese,cantonese,website|tool,beginner,A1–A2,pronunciation|reading,free,3,pronunciation-training,jyutping|pronunciation|reference,Learn the jyutping romanisation properly before you learn anything else.,"A dedicated free site for the LSHK jyutping scheme — what each initial, final and tone number means, how to learn the system in one sitting, and which input methods let you type Cantonese by sound. Getting jyutping straight early is the single highest-leverage hour in Cantonese, because every good dictionary and course assumes it. The site is written mainly in Cantonese with only partial English, so pair it with a jyutping chart in English if you are starting from zero.",,,,,,,
learn-cantonese-together,Learn Cantonese Together,https://www.youtube.com/@LearnCantoneseTogether,cantonese,cantonese,youtube|podcast,beginner|intermediate|advanced,A1–B2,listening|vocabulary|immersion,free,3,comprehensible-input,comprehensible-input|immersion|graded,"Comprehensible input in Cantonese only, colour-coded from zero to advanced.","Built explicitly on Krashen and the ALG approach: every video is in Cantonese with visuals and context doing the explaining, and each title is tagged complete beginner, beginner, intermediate or advanced so you can find your level immediately. Topics come from Hong Kong life and news, uploads ran several times a week through August 2026, and there is an audio-only podcast version. It is free. The channel is young, so the higher levels have less material than the beginner tiers, and there is no grammar explanation anywhere by design.",https://podcasts.apple.com/us/podcast/learn-cantonese-together/id1896888426,https://open.spotify.com/show/033uYo20swKFhlOgb2LuTt,https://anchor.fm/s/1138462a0/podcast/rss,,,,Podcast=https://podcasts.apple.com/us/podcast/learn-cantonese-together/id1896888426
naked-cantonese,Naked Cantonese (RTHK),https://podcasts.apple.com/us/podcast/rthk-naked-cantonese/id217743398,cantonese,cantonese,podcast,beginner|intermediate,A1–B1,listening|vocabulary|speaking,free,3,,archive|slang|public-broadcaster,"Two hundred short, funny Hong Kong radio lessons on the Cantonese people speak.","Cecilie Gamst Berg and Sarah Passmore made this for RTHK Radio 3: seven-to-fifteen-minute lessons on slang, swearing, food ordering and the phrases textbooks refuse to print, delivered as comedy rather than instruction. The full run of roughly two hundred episodes is free from RTHK and the podcast apps. It ended in 2021 and the audio quality shows its age, and it is a supplement rather than a syllabus — but nothing since has been this entertaining about spoken Cantonese.",https://podcasts.apple.com/us/podcast/rthk-naked-cantonese/id217743398,,https://podcast.rthk.hk//podcast/nakedlunch.xml,,,,
orangugu-cantonese,Orangugu Cantonese (廣東話小星猩),https://www.youtube.com/@orangugucantonese3270,cantonese,cantonese,youtube,beginner,A1–A2,listening|vocabulary|reading,free,1,comprehensible-input,kids|traditional|comprehensible-input,"Original songs, comics and games for overseas Hong Kong kids learning Cantonese.","Founded in 2022 by a Hong Kong teacher to give diaspora children proper Cantonese and traditional-Chinese material, with original songs, interactive games, comic-based lessons and an interactive podcast series, still publishing in 2026 and free. Adults are not the audience, but the slow, repetitive, picture-supported speech makes it usable early listening practice — and the comic episodes are a gentle way into reading written Cantonese.",,,,,,,
reddit-r-cantonese,r/Cantonese,https://www.reddit.com/r/Cantonese/,cantonese,cantonese,community,beginner|intermediate|advanced,,vocabulary|reading|writing,free,3,,qa|community,The main English-language forum for Cantonese learners and native speakers.,"The place to ask what a phrase means, get a sanity check on a translation, or find out which resource people actually use, with native speakers and long-term learners answering — plus recurring debates about romanisation, written Cantonese and the language's political situation that are worth reading once. Free and searchable, so check the archive before posting. Answers are crowd-sourced and occasionally confidently wrong, and threads skew toward Hong Kong usage.",,,,,,,
rthk-cantonese,RTHK,https://www.rthk.hk/radio/radio1,cantonese,cantonese,media,advanced,B2–C2,listening|immersion|vocabulary,free,4,authentic-media,news|public-broadcaster|authentic-speech,Hong Kong's public broadcaster: live Cantonese radio and on-demand archives.,"Radio 1 and Radio 2 stream live and almost everything is available on demand, giving you unlimited free Cantonese news, phone-ins, drama and culture programming recorded for Hong Kong people rather than for learners. It is the most reliable free source of native Cantonese audio outside Hong Kong, since the commercial streamers geo-block. Nothing is graded or transcribed and the site is clunky to browse, so save individual programmes you like rather than trying to navigate it each time.",,,,https://apps.apple.com/app/id371680815,https://play.google.com/store/apps/details?id=hk.rthk.fwRTHK01,,
words-hk,words.hk (粵典),https://words.hk/,cantonese,cantonese,dictionary,intermediate|advanced,,vocabulary|reading,free,4,,monolingual|reference|jyutping,"The modern Cantonese dictionary, defined in Cantonese by Cantonese speakers.","A large crowd-built dictionary where entries are defined in Cantonese itself with jyutping, usage examples and English glosses on many words, alongside a corpus of written Cantonese text. Because it documents how people actually speak, it catches slang, particles and internet coinages that older Chinese dictionaries pretend do not exist. The main site is in Chinese; CantoWords.com is the same data with an English interface, which is what most learners should use. Not every entry has an English gloss yet.",,,,,,,English site=https://cantowords.com/
acquire-mandarin,Acquire Mandarin,https://www.youtube.com/@acquiremandarin,chinese,chinese,youtube,intermediate,B1–B2,listening|immersion|vocabulary,free,2,comprehensible-input,comprehensible-input|simplified,Interesting topics discussed entirely in clear Mandarin for the awkward middle stage.,"Bridges the gap between beginner input channels and native content: real subjects covered in natural but carefully paced Chinese, staying in the target language throughout. This is the level where free material is thinnest, which makes the channel unusually valuable. Expect fewer visual crutches than beginner channels — you need a working base of a couple of thousand words to enjoy it.",,,,,,,
chinese-forums,Chinese Forums,https://www.chinese-forums.com/,chinese,chinese,community,beginner|intermediate|advanced,,reading|vocabulary|immersion,free,2,,forum,Twenty years of archived discussion among unusually experienced Mandarin learners.,"A long-running forum where advanced learners, translators and teachers review resources, discuss study methods and run reading groups — the signal-to-noise ratio is far better than social media. Searching the archive answers most 'which textbook / how do I get past HSK 4' questions immediately. Traffic is much lower than it was, so expect slow replies to new threads and treat it primarily as an archive.",,,,,,,
chinese-grammar-wiki,Chinese Grammar Wiki (AllSet Learning),https://resources.allsetlearning.com/chinese/grammar/Main_Page,chinese,chinese,website,beginner|intermediate|advanced,A1–C1,grammar,free,3,grammar-reference,grammar|simplified,"Every Mandarin grammar point, sorted by level, with plenty of example sentences.","The reference to bookmark: each structure gets a short explanation, a formula and a stack of natural example sentences, organised A1 through C1 so you can both look things up and work through a level systematically. Free on the web with an optional paid ebook version. It is a reference, not a course — it explains what a structure means but gives you no drilling or production practice.",,,,,,,
chinese-zero-to-hero,Chinese Zero To Hero,https://www.chinesezerotohero.com/,chinese,chinese,course,beginner|intermediate|advanced,A1–C1,grammar|vocabulary|reading|listening,paid,2,structured-course,hsk|exam-prep|simplified,Structured video courses following the HSK syllabus all the way to HSK 6.,"The most complete HSK-aligned course track available online, with grammar explanations, vocabulary drilling and mock exams for each level, taught clearly in English with Chinese examples. If your goal is the HSK certificate for study or work in China, this is the straightest path. Courses are paid per level (a free YouTube channel previews the teaching style), and the HSK-exam focus means less everyday conversational practice.",,,,,,,
chinesepod,ChinesePod,https://www.chinesepod.com/,chinese,chinese,podcast|course,beginner|intermediate|advanced,A1–C1,listening|vocabulary|grammar,freemium,3,structured-course,archive|simplified,A vast back catalogue of dialogue-based audio lessons from Newbie to Advanced.,"Two decades of lessons built around a short natural dialogue plus bilingual discussion, graded across six levels — the Intermediate and Upper Intermediate tiers in particular are still among the best listening material for Mandarin. Many episodes are free through podcast feeds; transcripts and exercises need a subscription. Caveat: the platform is essentially in maintenance mode, with little new content and slow support, so treat it as an archive rather than a living course.",https://podcasts.apple.com/us/podcast/chinesepod-advanced/id1529838325,,https://anchor.fm/s/317e2da0/podcast/rss,,https://play.google.com/store/apps/details?id=llc.chinesepod.android,,
dashu-mandarin,Dashu Mandarin 大叔中文,https://www.youtube.com/@dashumandarin,chinese,chinese,podcast|youtube,intermediate|advanced,B2–C1,listening|vocabulary|immersion,freemium,2,comprehensible-input,simplified,Three Chinese teachers debating culture and society at close to natural speed.,"Unscripted multi-speaker conversation is the hardest listening skill and this is the best learner-oriented source of it: real interruptions, opinions and slang, but from teachers who keep things intelligible. Excellent preparation for native podcasts. Free on YouTube and podcast apps, with transcripts and vocabulary behind a paid tier; the pace will overwhelm you below solid B1.",https://podcasts.apple.com/us/podcast/dashu-mandarin-podcast/id1614411825,,https://anchor.fm/s/88ca316c/podcast/rss,,,,
dong-chinese,Dong Chinese,https://www.dong-chinese.com/,chinese,chinese,app|website|tool,beginner|intermediate,A1–B2,reading|vocabulary|writing,freemium,2,structured-course|graded-reading,hanzi|simplified|traditional,Learn characters through real etymology plus frequency-ordered reading practice.,"Shows you where characters actually come from — ancient forms, sound components, meaning components — instead of inventing mnemonics, then feeds you sentences and short media graded to what you already know. The character-origin data is genuinely scholarly and the free tier is generous. The interface is dense and does not hold your hand, so it suits self-directed learners more than beginners who want a guided path.",,,,https://apps.apple.com/us/app/dongchinese/id6760429148,https://play.google.com/store/apps/details?id=com.peterolson.chinse.dongchinese,,
du-chinese,Du Chinese,https://duchinese.net/,chinese,chinese,app|website,beginner|intermediate|advanced,A1–C1,reading|listening|vocabulary,freemium,3,graded-reading,graded-reader|simplified|traditional,"Graded Chinese stories with native audio, tap-for-pinyin and a built-in dictionary.","Thousands of short lessons across six difficulty tiers, each with clear recorded audio, a pop-up dictionary and toggleable pinyin, so you can read comfortably from your first hundred characters. A few free lessons refresh regularly; a subscription unlocks the library. The stories are written for learners rather than native content, which is exactly what makes it work early on but also why you should graduate to real material later.",,,,https://apps.apple.com/us/app/du-chinese-read-learn-chinese/id1052961520,https://play.google.com/store/apps/details?id=org.sinamon.duchinese,,
grace-mandarin-chinese,Grace Mandarin Chinese,https://www.youtube.com/@GraceMandarinChinese,chinese,chinese,youtube,beginner|intermediate,A1–B2,pronunciation|speaking|listening,free,2,pronunciation-training,tones|pinyin|taiwan-mandarin,"Clear, well-produced videos on tones, pronunciation and how Mandarin actually sounds.","A Taiwanese teacher whose channel is unusually strong on the things textbooks gloss over: tone pairs, tone changes in fast speech, mouth position for tricky sounds, and the difference between mainland and Taiwanese pronunciation. Explanations are in English with Chinese examples, so it works from day one. She speaks Taiwanese Mandarin, which is a feature if that's your target and a minor accent difference if it isn't.",,,,,,,
hack-chinese,Hack Chinese,https://www.hackchinese.com/,chinese,chinese,tool|website,beginner|intermediate|advanced,A1–C1,vocabulary|reading,paid,2,flashcards,srs|hsk|vocabulary,Chinese-specific spaced repetition with ready-made HSK and textbook word lists.,"A vocabulary SRS built only for Mandarin: import HSK levels, Integrated Chinese chapters or your own lists, and it schedules reviews with sensible defaults instead of Anki's endless configuration. Good for people who want spaced repetition to just work. It is a paid subscription doing something Anki does free, and like all SRS it teaches recognition, not usage — pair it with reading.",,,,,,,
hacking-chinese,Hacking Chinese,https://www.hackingchinese.com/,chinese,chinese,website|podcast,beginner|intermediate|advanced,,listening|reading|vocabulary|pronunciation,free,3,,method|study-strategy,"Fifteen years of practical, evidence-minded articles on how to actually study Mandarin.","Olle Linge writes long, careful pieces on tone learning, character memorisation, listening strategy and dealing with plateaus, plus regularly updated best-of lists for podcasts, YouTube channels and reading material. There is an accompanying podcast and free challenge platform. It is about method rather than content — you still need a course, a dictionary and input, but this tells you how to use them well.",https://podcasts.apple.com/us/podcast/hacking-chinese-podcast/id1536284827,https://open.spotify.com/show/5iCRv1jg3j3yJZGJlYVYaO,https://anchor.fm/s/388eb9e8/podcast/rss,,,https://www.youtube.com/@HackingChinese,
heavenly-path,Heavenly Path 飞升宝典,https://heavenlypath.notion.site/,chinese,chinese,website|community,intermediate|advanced,B1–C2,reading|immersion,free,2,,reading-guide|immersion|simplified,"Community-built roadmap from graded readers to native novels, games and shows.","A free Notion wiki that solves 'what do I read next': hundreds of native books, webnovels, manhua, games and TV shows sorted by real difficulty, with a step-by-step guide out of textbook Chinese and into native material. It is the single best answer for intermediate learners stuck in the HSK plateau. Notion's interface is clunky on phones, and recommendations skew towards webnovels and genre fiction.",,,,,,,
hellochinese,HelloChinese,https://www.hellochinese.cc/,chinese,chinese,app|course,beginner|intermediate,A1–B1,vocabulary|grammar|listening|speaking,freemium,4,structured-course|gamified,simplified,The best gamified beginner app for Chinese specifically — tones and characters built in.,"Designed for Mandarin rather than retrofitted from a European-language template, so it drills tones with speech recognition, teaches stroke order for handwriting, and lets you toggle pinyin off as you improve. The free tier covers a real beginner course; premium unlocks later units, immersion videos and extra review. It plateaus around HSK 3–4 — treat it as your first six months, not your whole plan.",,,,https://apps.apple.com/us/app/hellochinese-learn-chinese/id1001507516,https://play.google.com/store/apps/details?id=com.hellochinese,https://www.youtube.com/@HelloChineseApp,
hsk-official-test,Chinese Proficiency Test (HSK) — Official Site,https://www.chinesetest.cn/,chinese,chinese,website,beginner|intermediate|advanced,A1–C2,reading|listening|writing,free,3,,hsk|exam-prep,"Official HSK and HSKK registration, test dates, syllabuses and sample papers.","The authoritative source for what each HSK level actually requires, where to sit the exam, and free official practice papers — worth checking directly rather than relying on third-party summaries, since the HSK 3.0 standard changed level boundaries and vocabulary counts substantially. Registration and information are free; the exam itself has a fee. The site is functional but clunky, and English translations lag the Chinese pages.",,,,,,,
integrated-chinese,Integrated Chinese (Cheng & Tsui),https://www.cheng-tsui.com/browse/integrated-chinese,chinese,chinese,book|course,beginner|intermediate,A1–B2,reading|writing|grammar|vocabulary,paid,3,structured-course,textbook|simplified|traditional,"The standard university Mandarin textbook series, now in its fourth edition.","Four volumes of systematic grammar, dialogues and character work, used by most North American college programmes, with workbooks, audio and a web app for exercises. If you want a spine for self-study with a clear sequence and available answer keys, this is the safest choice. It is expensive, the dialogues are dated and campus-centric, and it is written for classroom use — self-learners need to supply their own speaking practice.",,,,,,,
lazy-chinese,Lazy Chinese,https://www.youtube.com/@Lazy-Chinese,chinese,chinese,youtube,beginner,A1–A2,listening|immersion|vocabulary,free,2,comprehensible-input,comprehensible-input|simplified,"Slow, all-Chinese storytelling with gestures and props you can follow from day one.","Suqing tells simple stories entirely in Mandarin, using drawings, objects and clear enunciation so meaning arrives from context instead of translation — the comprehensible-input approach applied properly to Chinese. It is the standard first listening resource for beginners who want their ear trained early. No English explanations means you need patience at the very start, and the videos build vocabulary slowly by design.",,https://open.spotify.com/show/7cbdgvtWWMOwl4eejMRPWI,,,,,
learning-chinese-through-stories,Learning Chinese Through Stories,https://www.learningchinesethroughstories.com/,chinese,chinese,podcast,beginner|intermediate|advanced,A2–C1,listening|vocabulary,freemium,2,comprehensible-input,simplified,"Story episodes paired with all-Chinese vocabulary explanations, across five levels.","Each story comes with a companion episode where the hosts unpack the key words and phrases in Chinese, so you get input and consolidation without leaving the language, from Beginning through Superior. The level range makes it one of the few learner podcasts you can stay with for years. Podcast audio is free; transcripts, worksheets and speaking cohorts are paid, and the recording quality varies across the older catalogue.",https://podcasts.apple.com/us/podcast/learning-chinese-through-stories/id942258146,,https://rss.pdrl.fm/7a3f80/feeds.libsyn.com/130982/rss/?redirect=false,,,,
mandarin-blueprint,Mandarin Blueprint,https://www.mandarinblueprint.com/,chinese,chinese,course,beginner|intermediate,A1–B2,reading|vocabulary|pronunciation,paid,2,structured-course,hanzi|mnemonics|simplified,Character-first course built on the Hanzi Movie Method mnemonic system.,"A long, structured course whose distinguishing idea is the Hanzi Movie Method: you assign actors, sets and props to sound and tone components, then build vivid scenes to lock in thousands of characters. Learners who bounce off rote character study often find it works where nothing else did. It is expensive (hundreds of dollars, sold as subscription or lifetime), the setup phase is heavy before you see returns, and the mnemonic system is not for everyone.",,,,,,,
mandarin-click,Mandarin Click,https://www.youtube.com/@MandarinClick,chinese,chinese,youtube,beginner,A1–A2,listening|immersion,free,2,comprehensible-input,comprehensible-input|simplified,Comprehensible-input videos and Slow Chinese Stories for absolute beginners.,"Chinese-only videos supported by images, body language and deliberately slow speech, with a Slow Chinese Stories playlist that is one of the gentlest entry points into listening. Works well alternated with Lazy Chinese so you hear more than one voice early. As with all pure input channels there is no grammar instruction, so run it alongside a structured course rather than instead of one.",,,,,,,
mandarin-companion,Mandarin Companion Graded Readers,https://mandarincompanion.com/,chinese,chinese,book,beginner|intermediate,A1–B1,reading|vocabulary,paid,3,graded-reading,graded-reader|simplified|traditional,"Full novellas retold within 150, 300 or 450 characters — your first real book in Chinese.","Classic stories (Sherlock Holmes, Jane Eyre, Chinese folk tales) rewritten with strictly controlled character sets and reset in Chinese settings, so a beginner can finish an entire book without constant lookups. Finishing one is a genuine motivation milestone that app-based reading rarely delivers. Books are cheap but paid, available in simplified and traditional, and the Level 0/1 range is narrow — you outgrow the series around HSK 4.",,,,,,,
mandarin-corner,Mandarin Corner,https://www.youtube.com/@MandarinCorner2,chinese,chinese,youtube,intermediate|advanced,B1–C1,listening|vocabulary|immersion,free,2,authentic-media,simplified|street-interviews,Street interviews and everyday conversations with full pinyin and English subtitles.,"Eileen's channel captures how people in China actually speak — market vendors, taxi drivers, friends chatting — with dual subtitles and downloadable transcripts, plus slower structured lessons for lower levels. It is one of the few free sources of genuinely unscripted mainland Mandarin at a usable difficulty. Upload pace has slowed in recent years, but the back catalogue is large and still current enough.",,,,,,,
maomi-chinese,MaoMi Chinese,https://maomichinese.com/,chinese,chinese,podcast,beginner|intermediate,A2–B1,listening|vocabulary,freemium,2,comprehensible-input,simplified,"Short scripted monologues in easy Mandarin, with key words explained in Chinese.","Molly records tightly scripted episodes at lower-intermediate level and explains new vocabulary in simpler Chinese rather than switching to English, which trains you to stay in the language. Episode length is manageable for a commute and levels are labelled. The audio is free; transcripts and exercises are a paid membership, and the fully scripted delivery is cleaner than real conversation.",https://podcasts.apple.com/us/podcast/maomi-chinese/id1548129463,,https://rss.buzzsprout.com/1426696.rss,,,https://www.youtube.com/channel/UC9xJNZQ2YwSKuIm_VUB1F4w,
mdbg-dictionary,MDBG Chinese Dictionary,https://www.mdbg.net/chinese/dictionary,chinese,chinese,dictionary|website,beginner|intermediate|advanced,,reading|vocabulary|writing,free,3,,simplified|traditional,"Free browser dictionary built on CC-CEDICT, with character decomposition and stroke order.","The default desktop lookup for most learners: search by pinyin, character, English or handwriting, then drill into components, stroke order and example words. It also has a bulk text annotation tool that adds pinyin above a whole passage, which is handy for prepping reading material. Plain and ad-light, but purely a reference — no lessons, no spaced repetition.",,,,,,,
moedict,萌典 MoeDict,https://www.moedict.tw/,chinese,chinese,dictionary|website,intermediate|advanced,,reading|vocabulary,free,2,,traditional|taiwan-mandarin,"Taiwan's official Ministry of Education dictionary in a fast, free open-source interface.","The best free reference for traditional characters and Taiwanese Mandarin usage, built on the Ministry of Education's official dictionaries and showing zhuyin (bopomofo) alongside pinyin. It also carries Taiwanese Hokkien and Hakka entries. Definitions are Chinese-Chinese, so it is a step up in difficulty — treat it as the monolingual dictionary you graduate into rather than a beginner tool.",,,,,,,
outlier-linguistics,Outlier Linguistics Chinese Character Dictionary,https://www.outlier-linguistics.com/,chinese,chinese,dictionary|tool,intermediate|advanced,,reading|vocabulary,paid,2,,hanzi|etymology,Palaeography-based character add-on for Pleco: what each component really contributes.,"Built by linguists working from excavated bronze and oracle-bone forms, it explains for each character which parts carry sound and which carry meaning, correcting a lot of folk etymology that circulates in learner circles. It installs inside Pleco, so it fits your existing lookup habit. It is a one-time paid add-on and it assumes you already read some Chinese — buying it at beginner level is premature.",,,,,,,
pleco,Pleco,https://www.pleco.com/,chinese,chinese,dictionary|app,beginner|intermediate|advanced,A1–C2,reading|vocabulary,freemium,4,,simplified|traditional,"The Chinese dictionary every serious learner installs first, and never uninstalls.","A free, offline-capable Chinese-English dictionary with stroke-order animations, handwriting and audio search, plus paid add-ons for OCR (point your camera at a menu or sign), document reading and extra dictionaries. The free version alone is better than any competitor; the paid bundles are one-time purchases rather than a subscription. Its flashcard system is powerful but fiddly — many people pair Pleco for lookup with a separate SRS. Simplified and traditional both supported.",,,,https://apps.apple.com/us/app/pleco-chinese-dictionary/id341922306,https://play.google.com/store/apps/details?id=com.pleco.chinesesystem,,
readibu,Readibu,https://www.readibu.com/,chinese,chinese,app|tool,intermediate|advanced,B1–C1,reading|vocabulary,freemium,2,graded-reading,webnovels|simplified|traditional,Read Chinese web novels and your own EPUBs with pop-up pinyin and dictionary.,"Aimed squarely at the hardest transition in Chinese — from graded readers to native text — by making any Chinese webpage or imported file tappable for pinyin, definitions and text-to-speech, with difficulty estimates for novels. Reading itself is free; premium adds sync, offline and sentence translation. Best once you have roughly HSK 4 vocabulary; below that even with lookups the novels are a slog.",,,,https://apps.apple.com/us/app/readibu-chinese-novel-reader/id1474518982,https://play.google.com/store/apps/details?id=com.readibu.mobile,,
skritter,Skritter,https://skritter.com/,chinese,chinese,app|tool,beginner|intermediate|advanced,A1–C1,writing|reading|vocabulary,paid,3,flashcards,hanzi|handwriting|srs,Handwriting SRS that grades every stroke as you write characters from memory.,"You write characters with a finger or stylus and it marks stroke order and shape in real time, scheduling reviews so you actually retain them; it ships with HSK, Integrated Chinese and other textbook lists. Only Chinese and Japanese are supported, which is why it is here rather than in the general tools. Roughly $15/month or $100/year after a 7-day trial, and it is worth it only if handwriting is genuinely one of your goals — many learners reasonably skip production of characters entirely.",,,,https://apps.apple.com/us/app/skritter-write-chinese/id1370892114,https://play.google.com/store/apps/details?id=com.inkren.skritter.chinese,https://www.youtube.com/channel/UCjgfULWh8BVpW4kebqEr91w,
speak-chinese-with-da-peng,大鹏说中文 Speak Chinese With Da Peng,https://www.youtube.com/@chinese9339,chinese,chinese,youtube|podcast,intermediate,B1–B2,listening|vocabulary,free,2,comprehensible-input,simplified,"A Beijing teacher talking about daily life and culture in clear, unhurried Mandarin.","Da Peng speaks slowly and articulately about everyday topics, idioms and Chinese social norms, entirely in Chinese, with a matching podcast feed for listening away from the screen. The mainland-standard accent and everyday register make it a good daily listening habit for intermediates. There is no English scaffolding and few transcripts on the free channel.",https://podcasts.apple.com/us/podcast/%E5%A4%A7%E9%B9%8F%E8%AF%B4%E4%B8%AD%E6%96%87-speak-chinese-with-da-peng/id1490732024,https://open.spotify.com/show/4Xgf5VBTn1azv5yFOX1EPI,https://rss.buzzsprout.com/688918.rss,,,,
story-fm,故事FM,https://storyfm.cn/,chinese,chinese,podcast|media,advanced,C1–C2,listening|immersion,free,2,authentic-media,native-content|simplified,Ordinary Chinese people telling their own true stories — native podcasting at its best.,"Around 900 episodes of first-person narration from across Chinese society, produced to a high standard and free with transcripts on the website. As native content it doubles as language input and as a window into contemporary China that learner material never gives you. It is genuinely native speed with regional accents and heavy colloquialism — comfortable only once you can follow unscripted speech.",https://podcasts.apple.com/us/podcast/%E6%95%85%E4%BA%8Bfm/id1256399960,,https://feeds.storyfm.cn/storyfm.xml,,,,
teatime-chinese,TeaTime Chinese 茶歇中文,https://teatimechinese.com/,chinese,chinese,podcast,intermediate,B1–B2,listening|vocabulary,freemium,2,comprehensible-input,simplified,"Weekly 20-minute episodes on Chinese culture and society, spoken slowly and clearly.","Nathan covers substantive topics — history, food, internet culture, current life in China — in simple but adult Mandarin, which is rare: most learner podcasts are either childish or too fast. Episodes are free on all podcast apps; transcripts and vocabulary lists are a paid extra. The pacing is deliberately slower than natural speech, so use it as a bridge rather than a final destination.",https://podcasts.apple.com/us/podcast/teatime-chinese-%E8%8C%B6%E6%AD%87%E4%B8%AD%E6%96%87/id1557463835,https://open.spotify.com/show/6mJNegfDGmNaG1mWJtZJed,https://rss.libsyn.com/shows/330782/destinations/2693480.xml,,,https://www.youtube.com/c/TeaTimeChinese,
the-chairmans-bao,The Chairman's Bao,https://www.thechairmansbao.com/,chinese,chinese,website|app|media,beginner|intermediate|advanced,A1–C1,reading|listening|vocabulary,freemium,3,graded-reading,graded-reader|news|hsk|simplified,"Real news rewritten at six HSK-aligned levels, with audio and word lists.","A news-based graded reader adding articles daily across levels roughly mapped to HSK 1–6, each with human-recorded audio, one-tap dictionary and exportable vocabulary. Because the content is current events rather than invented stories, it keeps intermediate learners reading when textbook dialogues get boring. Free sample lessons exist but the useful volume is behind a subscription, and simplified characters dominate.",,,,,https://play.google.com/store/apps/details?id=uk.co.metapps.thechairmansbao,,
yoyo-chinese,Yoyo Chinese,https://www.yoyochinese.com/,chinese,chinese,course,beginner|intermediate,A1–B1,speaking|listening|grammar|pronunciation,paid,3,structured-course|pronunciation-training,simplified|spoken-chinese,"Video course from Yangyang Cheng focused on spoken, conversational Mandarin.","A well-sequenced beginner-to-intermediate video curriculum with unusually good pronunciation coaching and a conversational rather than exam-driven emphasis, plus a Chinese Characters course for reading. Explanations are in English and paced for absolute beginners. It is a subscription, the library stops around upper-intermediate, and there is little advanced material once you finish the main tracks.",,,,,,https://youtube.com/channel/UCSJyGe2H0C9q6QH0-hH04zw,
yoyo-chinese-pinyin-chart,Yoyo Chinese Interactive Pinyin Chart,https://www.yoyochinese.com/chinese-learning-tools/Mandarin-Chinese-pronunciation-lesson/pinyin-chart-table,chinese,chinese,tool|website,beginner,A1,pronunciation|listening,free,3,pronunciation-training,pinyin|tones,"Every pinyin syllable in all four tones, with native audio and video explanations.","A free chart where you click any initial-final combination to hear it in each tone, with short video lessons on the sounds English speakers get wrong (zh/ch/sh vs j/q/x, the ü vowel, the third-tone sandhi). Working through this before you memorise vocabulary saves months of fossilised pronunciation errors. It is a reference tool, not a course, so pair it with feedback from a teacher or tutor.",,,,,,,
zhongwen-extension,Zhongwen Chinese Popup Dictionary,https://chromewebstore.google.com/detail/zhongwen-chinese-english/kkmlkkjojmombglmlpbpapmhcaljjkde,chinese,chinese,tool,intermediate|advanced,,reading|vocabulary,free,2,,simplified|traditional|browser-extension,Hover over any Chinese word in the browser to see pinyin and meaning instantly.,"A free, open-source Chrome extension that turns the whole Chinese web into readable material: hover for pinyin, definition and word segmentation, with keyboard shortcuts to save words for export to Anki. It is the cheapest way to start reading native articles rather than textbook passages. Purely a lookup crutch — it will not make you learn anything unless you also review what you save.",,,,,,,
cesky-narodni-korpus,Český národní korpus,https://www.korpus.cz/,czech,czech,tool,advanced,B2–C2,vocabulary|writing|reading,free,2,,corpus|collocations,Search hundreds of millions of words of real Czech to see how a phrase is actually used.,"The Czech National Corpus lets you search vast bodies of written and spoken Czech and see every attested context for a word or construction — the way to settle which preposition or case a verb really takes when dictionaries disagree or say nothing. Access is free but requires registration, and the query interfaces (KonText, SyD, Treq) are built for linguists, so there is a real learning curve. Overkill below B2; close to indispensable for anyone writing serious Czech.",,,,,,,
cestina-pro-cizince-exam,Čeština pro cizince (official exam portal),https://cestina-pro-cizince.cz/,czech,czech,website|tool,beginner|intermediate,A2–B1,reading|writing|listening|speaking,free,3,,exam-prep|official,"Official site for the A2 residence and B1 citizenship Czech exams, with mock tests.","The state portal for the two exams that actually matter administratively: the A2 Czech exam for permanent residence and the B1 exam for citizenship. It explains who must sit them, the format of the written and oral parts, the roughly thirty annual sittings across 29 schools, and publishes free mock tests, preparation materials and a handbook. Interface available in Czech, English, Ukrainian, Russian, Vietnamese, French and Mongolian. It is exam preparation, not a course — nothing here teaches you Czech from scratch.",,,,,,,
cestina-s-michalem,Čeština s Michalem,https://czechstart.buzzsprout.com/,czech,czech,podcast,beginner,A1–A2,listening|vocabulary,free,2,comprehensible-input,slow-speech|transcripts|comprehensible-input,"Short, slow, all-Czech episodes for complete beginners, with transcripts.","Michal records short episodes spoken slowly and in deliberately simple Czech, with the explicit aim of getting beginners used to hearing the language rather than teaching grammar — transcripts for every episode are published alongside. Around 70 episodes and still publishing in August 2026, and it is entirely free. Because it is all in Czech with no English support, the first few episodes are hard going; the payoff is that you are listening to Czech from day one.",https://podcasts.apple.com/us/podcast/%C4%8De%C5%A1tina-s-michalem-czech-podcast-for-beginners/id1864625726,https://open.spotify.com/show/4yJZsjPzDJYjxTWtEHyqN7,https://rss.buzzsprout.com/2566674.rss,,,https://www.youtube.com/channel/UChk8ANDALBq0mAwUsF3D3GA,
czech-by-zuzka,Czech by Zuzka,https://www.youtube.com/@CzechbyZuzka,czech,czech,youtube,beginner|intermediate,A1–B1,grammar|vocabulary|pronunciation,free,2,grammar-reference,grammar,Weekly explainers on the Czech mistakes learners actually make.,"Zuzka publishes short, tightly-focused videos on the specific things that trip English speakers up — when téměř is the wrong word for 'almost', how to say 'it's me', numbers for public transport, the 42 letters of the Czech alphabet. Uploads were weekly through August 2026. Explanations are in English with Czech examples, which suits beginners; the format is a set of standalone clips rather than a course, so you will need something sequential underneath it.",,,,,,,
czech-essential-grammar,Czech: An Essential Grammar (Naughton),https://www.routledge.com/Czech-An-Essential-Grammar/Naughton-vonKunes/p/book/9780367861858,czech,czech,book,intermediate|advanced,A2–C1,grammar|writing|reading,paid,3,grammar-reference,reference-grammar,"The compact English-language reference grammar of Czech, updated by von Kunes.","James Naughton's grammar, revised with Karen von Kunes, is the standard concise reference for Czech in English: the case system, verbal aspect, the numeral mess and the split between spoken and written Czech, all in short searchable chapters with real examples. It is the book to keep beside whatever course you use once endings stop making sense. Being a reference, it has no exercises and does not sequence anything for study, and it is priced like an academic title.",,,,,,,
czech-step-by-step,Czech Step by Step,https://www.czechstepbystep.cz/,czech,czech,book|website|youtube,beginner|intermediate,A1–B1,grammar|reading|listening|speaking,freemium,4,structured-course,textbook|graded-news,"The standard Czech-for-foreigners textbook family, with free audio and exercises.","Lída Holá's series — Čeština Start, Čeština expres, Česky krok za krokem and New Czech Step by Step — is what most Czech language schools teach from, with editions annotated in English, German, Russian, Ukrainian, Polish and Spanish. Crucially, the audio recordings, online exercises, word banks and teacher manuals are free downloads even if you don't buy the books, and the accompanying YouTube channel posts short graded news videos with subtitles most weeks. The books themselves are paid, and prices are high for what is a fairly traditional course.",,,,,,https://www.youtube.com/@czech-step-by-step,
czech-your-day,Czech Your Day,https://czech-me.com/,czech,czech,podcast,beginner|intermediate,A2–B1,listening|vocabulary,free,2,comprehensible-input,daily|graded,"A daily Czech podcast built on weekly themes, ending in a Friday comprehension test.","Renča publishes short episodes every weekday around a single weekly topic, with each episode building vocabulary toward Friday's longer piece that you should be able to follow if you did the week — a structure that turns listening into a habit rather than a one-off. Over 130 episodes by August 2026 and free in any podcast app. The daily cadence means individual episodes are slight, and the accompanying blog is sparse.",https://podcasts.apple.com/us/podcast/czech-your-day/id1815426163,,https://rss.buzzsprout.com/2503392.rss,,,,
czechclass101,CzechClass101,https://www.czechclass101.com/,czech,czech,course|podcast|app,beginner|intermediate,A1–B1,listening|vocabulary|grammar|reading,freemium,3,structured-course,,"The largest structured Czech audio-lesson library, with transcripts and flashcards.","Innovative Language's Czech arm: dialogue-based audio and video lessons arranged into level pathways, each with a PDF transcript, line-by-line breakdown and SRS flashcards. Czech has very few structured audio courses, which is what makes this worth considering despite the format. A free lifetime account unlocks a fraction of the library, the rest is subscription-only, and the upgrade prompts are constant. The catalogue thins out badly above B1. The public podcast feed was still updating in August 2026.",https://podcasts.apple.com/us/podcast/learn-czech-czechclass101-com/id785218994,,https://www.czechclass101.com/wp-feed-audio-video.php,,,https://www.youtube.com/@Czechclass101,
czechonline-mluvte-cesky,Mluvte česky / Czech Online,https://www.czechonline.org/,czech,czech,course,beginner|intermediate,A1–B1,vocabulary|grammar|reading|listening,free,2,structured-course,free-course|professional-czech,"A completely free 114-lesson Czech course, including medical, legal and business Czech.","An EU-supported portal offering a full free course with no time limit and no ads, split into five strands — everyday, medical, business and legal Czech plus a conversational tandem section — with the interface available in Czech, English, German and Polish. The professional strands are unusual and genuinely useful if you work in a Czech hospital or office. The platform is functional rather than polished, and free courseware of this kind tends to stop being updated once the funding round ends, so check the material still matches current usage.",,,,,,,
easy-czech,Easy Czech,https://easyczech.org/,czech,czech,youtube,beginner|intermediate,A2–B2,listening|vocabulary|immersion,free,3,comprehensible-input,comprehensible-input|street-interviews,"Street interviews in real spoken Czech, with a slower 'Super Easy' beginner series.","The Czech branch of the Easy Languages format: unscripted conversations filmed on the street in Prague and elsewhere, subtitled in Czech and English so you can see the gap between textbook Czech and what people actually say — including the obecná čeština endings courses tend to hide. The parallel 'Super Easy Czech' series slows everything down for beginners. Free on YouTube and still posting in August 2026, though at a slower cadence than the larger Easy Languages channels.",,,,,,https://www.youtube.com/@EasyCzechVideos,
ilearnczech,iLearnCzech,https://ilearnczech.com/,czech,czech,website|course,beginner|intermediate|advanced,A1–C1,grammar|listening|reading|vocabulary,free,2,structured-course,free-course|exam-prep,"Free A1–C1 Czech lessons, videos and tests, including exam preparation.","Jana Slav's site organises videos, grammar exercises, presentations, podcast episodes and tests by CEFR level all the way to C1, which puts it ahead of almost every other free Czech resource on range. There is a strong strand on the A2 permanent-residence and B1 citizenship exams. The site content is free with a small optional shop; the YouTube channel and podcast have both slowed markedly, with the podcast last updated in 2023, so the site is the living part of the project.",,https://open.spotify.com/show/5Zpdl0qmqoYLKxssJpDbwU,,,,,
locallingo-czech,Local Lingo (Czech),https://www.locallingo.com/,czech,czech,website,beginner,A1–A2,pronunciation|grammar|vocabulary,free,2,pronunciation-training,pronunciation|archive,"Free Czech pronunciation guide with native audio, plus grammar basics and phrases.","A long-standing free reference whose strongest section is pronunciation: every Czech sound recorded by a native speaker, including the ř that defeats most learners, alongside grammar basics, themed phrase lists with audio and simple exercises. It remains the quickest way to get the sound system straight before you start speaking. The copyright line stops at 2021 and no new material has appeared since, so treat it as a fixed reference rather than a maintained course.",,,,,,,
nechybujte,Nechybujte,https://www.nechybujte.cz/,czech,czech,dictionary|website,intermediate|advanced,B1–C2,vocabulary|writing|grammar,free,2,,monolingual|thesaurus,"Free monolingual Czech dictionary, thesaurus and spelling rules in one place.","Lingea's free Czech-language portal bundles a monolingual dictionary, a dictionary of synonyms and the spelling and punctuation rules, so you can check what a word means, find a less repetitive alternative and confirm how to write it without leaving the site. A good companion to the Academy's příručka, which is stronger on paradigms but weaker on meaning. It is entirely in Czech, so it becomes useful somewhere around B1, and Lingea advertises its commercial dictionaries throughout.",,,,,,,
prirucka-ujc,Internetová jazyková příručka,https://prirucka.ujc.cas.cz/,czech,czech,dictionary|tool|website,intermediate|advanced,B1–C2,grammar|writing|reading,free,4,grammar-reference,official|declension,"The official Czech language handbook: every declension and conjugation, plus usage rules.","Maintained by the Czech Language Institute of the Academy of Sciences, this is the authority Czechs themselves consult. Search any word to get its complete declension or conjugation table, and the accompanying articles settle spelling, punctuation, capitalisation and word-formation questions. For a language whose difficulty is concentrated in case endings, having the full paradigm one search away is the highest-value free tool there is. Everything is in Czech, and the explanatory articles assume you already read Czech comfortably.",,,,,,,
radio-prague-czech-language,Radio Prague International — Czech language,https://english.radio.cz/czech-language,czech,czech,media|website,beginner|intermediate|advanced,,vocabulary|reading|listening,free,3,,news|culture,"The public broadcaster's English-language reporting on Czech itself — words, dialects, usage.","Czech Radio's international service keeps a dedicated section on the Czech language, publishing interviews and features in English about dialects like Brno's hantec, how learners master the ř, expressions and their origins, and Czech taught abroad. It is background and motivation rather than instruction — articles about Czech, not lessons in it — so pair it with an actual course. Everything is free, with audio versions of most pieces, and the section is updated regularly.",,,,,,https://www.youtube.com/@RadioPragueInternational,
reddit-learnczech,r/learnczech,https://www.reddit.com/r/learnczech/,czech,czech,community,beginner|intermediate|advanced,,grammar|vocabulary|reading,free,3,,q-and-a,The English-language community for Czech learners' grammar and resource questions.,"The place to ask why a noun took that ending, whether a phrase sounds natural, or which textbook is worth the money, with Czech speakers answering regularly and useful recurring threads on the residence and citizenship exams. Particularly good for the spoken-versus-written Czech questions that textbooks avoid. It is a small subreddit, so replies can take a day and some questions go unanswered; r/czech is larger but mostly not about learning.",,,,,,,
slovnik-seznam,Seznam Slovník,https://slovnik.seznam.cz/,czech,czech,dictionary,beginner|intermediate,A1–B2,vocabulary|reading|writing,free,4,,czech-english,"The Czech–English dictionary most people in Czechia actually use, free and fast.","Seznam's dictionary is the default bilingual lookup in Czechia, covering Czech against English, German, French, Spanish, Italian, Russian and Slovak, with audio pronunciation and inflected forms shown for entries. It is quick, free and needs no account, which is what you want for the dozens of lookups a day that early Czech demands. Definitions are terse and it gives little sense of register or collocation, so move to a monolingual dictionary as soon as you can read one.",,,,,,,
slowczech,slowczech,https://slowczech.com/,czech,czech,podcast|course|tutoring|youtube,beginner|intermediate,A1–B1,listening|speaking|vocabulary,freemium,3,comprehensible-input|conversation-practice,slow-speech,"Slowly-spoken Czech podcast plus tutoring, aimed at people living in Czechia.","Eliška's team built slowczech around one problem — foreigners who understand Czech on paper but freeze in a shop — so the podcast (close to 300 episodes and still weekly in August 2026) speaks slowly about ordinary life, and the tutoring and immersion programmes push output from the first lesson. There is a free starter kit and the whole podcast archive costs nothing. Self-paced courses, group immersion and one-to-one lessons are paid, and the content stops around B1.",https://podcasts.apple.com/us/podcast/slowczech-learn-czech-for-real-life/id1466543587,https://open.spotify.com/show/6oylf2ljLhnt67G3cOge4b,https://feeds.blubrry.com/feeds/slowczech.xml,,,https://www.youtube.com/@slowczech,
talkie-czech,Talkie Czech,https://www.youtube.com/@Talkie-Czech,czech,czech,youtube,beginner,A1–A2,listening|vocabulary|speaking,free,2,comprehensible-input,dialogues|listening,Hour-long A1–A2 dialogue compilations for passive Czech listening practice.,"A channel built around real-life dialogues for beginners — ordering food, shopping, small talk — including hour-long 'listening marathon' compilations that work well as background repetition while commuting or cooking. Posting weekly as of August 2026. The dialogues are scripted and slower than real speech, so treat them as a drill rather than authentic input, and the channel offers no grammar explanation at all.",,,,,,,
umime-cesky,Umíme česky,https://www.umimecesky.cz/,czech,czech,website|tool,beginner|intermediate,A2–B2,grammar|writing|vocabulary,freemium,3,gamified,drills|spaced-repetition,Adaptive Czech drills — thousands of short exercises that adjust to your mistakes.,"Built for Czech schoolchildren, this is a large bank of short adaptive exercises on spelling, case endings, verb forms and vocabulary, including games, dictations and multiplayer races, with a dedicated 'Czech as a second language' section for non-natives. The adaptive engine keeps feeding you what you get wrong, which is exactly what declension practice needs. It is entirely in Czech and pitched at native children, so the framing can feel odd; a lot is free, with personal and school licences unlocking the rest.",,,,,,,
zpravicky-decko,Zprávičky (ČT :D),https://decko.ceskatelevize.cz/zpravicky,czech,czech,media,intermediate,B1–B2,listening|vocabulary,free,2,authentic-media,news|graded,"Czech TV's daily children's news — real news, deliberately simple language.","The public broadcaster's news bulletin for children runs every weekday in short episodes, using ordinary vocabulary, short sentences and clear delivery because its audience is eight-year-olds — which makes it the closest thing Czech has to a graded news service for learners. Free to stream from the ČT :D site. There are no subtitles or transcripts, the topics skew towards school and animals, and playback of Czech Television content can be restricted outside Czechia.",,,,,,,
basby-dansk,Basby.dk,http://basby.dk/,danish,danish,website|tool,beginner|intermediate,A1–B2,grammar|writing|pronunciation,free,2,grammar-reference,exercises|grammar-drills,"Hundreds of free Danish grammar drills, explained in English by a working teacher.","Anders Basby, a Danish teacher at a language school in Copenhagen, has put his exercise bank online for free: adjectives, word order, prepositions, modal verbs, pronouns and more, each with a short English explanation and immediate feedback. It is the fastest way to actually practise the rules other resources only describe. The site is plain HTML on an unencrypted host and looks like it was built in 2008, which it more or less was — the content is what matters.",,,,,,,
danish-essential-grammar,Danish: An Essential Grammar (Routledge),https://www.routledge.com/Danish-An-Essential-Grammar/Allan-Holmes-Lundskaer-Nielsen/p/book/9781138504196,danish,danish,book,intermediate|advanced,A2–C1,grammar|writing,paid,2,grammar-reference,reference-grammar|routledge,The reference grammar English-speaking Danish learners actually keep on the desk.,"Robin Allan, Philip Holmes and Tom Lundskær-Nielsen cover Danish morphology and syntax systematically with English explanations and plentiful examples, indexed so you can look up a problem rather than read it front to back. Danish is thin on serious reference grammars in English; this is the standard one. It is a reference, not a course — there are no exercises and no audio.",,,,,,,
danish-mastery,Danish Mastery,https://www.danishmastery.com/,danish,danish,course|youtube,beginner|intermediate|advanced,A1–C1,grammar|vocabulary|listening,paid,2,structured-course,exam-prep|pd3|video-course,"600+ Danish video lessons plus PDFs and exercises, bought once and kept.","A one-person video school covering vocabulary, grammar breakdowns, listening practice and preparation for the Prøve i Dansk 3 exam, sold as tiered packages you own permanently rather than a subscription. The PD3 focus makes it unusually relevant if you are working toward Danish residency or study requirements. Production is homemade and there is no live teaching or feedback, so pair it with a class or tutor for speaking.",,,,,,,
danish-with-christina,Danish with Christina,https://danishwithchristina.podbean.com,danish,danish,podcast,intermediate,B1–B2,listening|vocabulary|immersion,free,2,comprehensible-input,danish-only|intermediate-gap,Entirely-in-Danish episodes aimed squarely at the intermediate plateau.,"Christina speaks only Danish, at a pace pitched at learners who have outgrown beginner audio but cannot yet handle native podcasts, on topics chosen to be more interesting than textbook fare. It is a small archive — around 18 episodes, the most recent from mid-2025 — so it is a supplement, not a course. Worth the download precisely because so little Danish audio targets this level.",https://podcasts.apple.com/us/podcast/danish-with-christina-intermediate-danish-language/id1517330175,https://open.spotify.com/show/5pKzw78ocHnenoaGbP6ua2,https://feed.podbean.com/danishwithchristina/feed.xml,,,,
danishclass101,DanishClass101,https://www.danishclass101.com/,danish,danish,course|podcast|app,beginner|intermediate,A1–B1,listening|vocabulary|speaking|reading,freemium,3,structured-course,innovative-language|audio-lessons,"Innovative Language's audio-lesson library for Danish, still publishing in 2026.","Hundreds of short dialogue-plus-explanation lessons with transcripts, line-by-line breakdowns, word lists and a spaced-repetition trainer, arranged into level pathways. For a language as underserved as Danish, this is the largest structured audio course you can buy, and the free feed alone gives you a lot. The usual caveats apply: constant upsell emails, some very old lessons, and the top tiers are poor value unless you use the tutoring.",https://podcasts.apple.com/us/podcast/learn-danish-danishclass101-com/id785215720,,https://www.danishclass101.com/wp-feed-audio-video.php,,,,Podcast=https://podcasts.apple.com/us/podcast/learn-danish-danishclass101-com/id785215720
dansk-for-begyndere,Dansk for Begyndere,https://danskforbegyndere.dk/,danish,danish,podcast,beginner|intermediate,A2–B2,listening|vocabulary,freemium,3,comprehensible-input,comprehensible-input|daily,"A daily 10-minute monologue in calm, clear Danish on one everyday theme.","Emilie Bradtberg publishes a new episode nearly every day, each built around a single topic — housing standards, holidays, work culture — spoken slowly enough to follow but in genuinely natural Danish. The sheer cadence is the point: it makes daily listening a habit rather than a project. Episodes are free in any podcast app; a premium membership adds a library sorted by CEFR level, MP3 downloads and early access.",https://podcasts.apple.com/us/podcast/dansk-for-begyndere/id1892591336,https://open.spotify.com/show/3Llw1UMnT0t2a4S8kyWxY8,https://feeds.transistor.fm/dansk-for-begyndere,,,https://www.youtube.com/channel/UCF3n6v2tT79vQw7-K6Zz9Pg,
dansk-her-og-nu,Dansk her og nu,https://danskherognu.dk/,danish,danish,course|website,beginner,A1–A2,grammar|listening|reading|vocabulary,free,3,structured-course,free-curriculum|self-study,"A complete free beginner Danish course: dialogues, grammar drills and listening.","A full self-study course built with support from the Danish integration ministry, organised into modules of texts and dialogues, grammar explanations with dozens of interactive exercises, and 'lyt og forstå' listening tasks. It costs nothing, needs no account, and covers exactly the ground the state language schools cover in their first modules. The design is dated and there is no speaking practice, so treat it as your grammar-and-reading backbone rather than your whole plan.",,,,,,,
dansk-i-oererne,Dansk i ørerne,https://danskioererne.dk/,danish,danish,podcast,beginner|intermediate,A2–B2,listening|vocabulary|immersion,free,2,comprehensible-input,comprehensible-input|culture,"Short episodes of slow, clear Danish about Danish culture and everyday life.","Made specifically for people learning Danish as a second language, with each episode explaining something about Denmark — traditions, food, history, companies, the idea of danskhed — in deliberately slow and distinct speech. It fills the awkward A2–B2 gap where textbook audio is too easy and native radio is impossible. Free to listen, with optional extra material and a shop supporting the project.",https://podcasts.apple.com/us/podcast/dansk-i-%C3%B8rerne/id1605769170,,https://anchor.fm/s/791b1a88/podcast/rss,,,,
den-danske-ordbog,Den Danske Ordbog (ordnet.dk),https://ordnet.dk/ddo,danish,danish,dictionary,beginner|intermediate|advanced,A1–C2,vocabulary|reading|pronunciation,free,4,,monolingual|audio|official,"The authoritative dictionary of modern Danish, free, with audio and en/et marked.","Published by the Society for Danish Language and Literature, DDO covers Danish from 1950 onward and is updated continuously, with pronunciation recordings, gender, inflection tables, real usage examples and idioms on almost every entry. For a learner the audio and the en/et marking alone justify making it your default lookup. It is Danish-to-Danish only, so beginners will still need a bilingual dictionary alongside it.",,,,,,,
dr-ligetil,DR Ligetil,https://www.dr.dk/ligetil,danish,danish,media|website,beginner|intermediate,A2–B1,reading|listening|vocabulary,free,4,authentic-media,public-broadcaster|easy-news|free-curriculum,"Denmark's public broadcaster rewrites the daily news in plain Danish, with audio.","DR's easy-language news desk publishes the same stories as the main bulletins in short, simply-worded articles that can be read aloud on the page, so you can read and listen to the same text. It is updated constantly and it is the single best free source of Danish that is real but not yet overwhelming. Written for Danes who find news hard rather than for foreigners, so cultural context is assumed rather than explained.",,,,,,,
dr-lyd,DR LYD,https://www.dr.dk/lyd,danish,danish,media|podcast,advanced,B2–C2,listening|immersion,free,3,authentic-media,public-broadcaster|native-content,"DR's full podcast and radio archive — native Danish at full speed, free.","Once learner podcasts stop challenging you, this is where you go: hundreds of Danish shows on news, history, crime, science and culture, produced for Danes with no concessions to learners. Unlike DRTV, audio is generally available outside Denmark. Expect a hard step up — fast, regional and slang-heavy speech with no transcripts.",,,,,,,
drtv,DRTV,https://www.dr.dk/drtv,danish,danish,media,intermediate|advanced,B1–C2,listening|immersion,free,4,authentic-media,public-broadcaster|subtitles|geo-restricted,"Danish public-service TV on demand, most of it with Danish subtitles.","DR's streaming catalogue — drama, documentaries, children's programming and news — is free and much of it carries Danish subtitles, which is the single most effective way to bridge from written Danish to the spoken language's dropped consonants. Children's series are an underrated on-ramp for adults at B1. Most of the catalogue is geo-blocked outside Denmark, so from abroad you will need a Danish connection.",,,,,,,
ereolen,eReolen,https://ereolen.dk/,danish,danish,media,intermediate|advanced,B1–C2,reading|listening|vocabulary,free,2,authentic-media,denmark-residents|library|audiobooks,Free Danish ebooks and audiobooks through the public library system.,"Danish public libraries lend ebooks and audiobooks digitally at no cost, and reading a novel while listening to its audiobook is one of the most effective intermediate-to-advanced routines there is. The catalogue includes plenty of translated fiction, which is easier to start with than Danish originals. You need a Danish library card, which in practice means a CPR number, so this is for people living in Denmark; the service now runs through each local library's own website.",,,,https://apps.apple.com/dk/app/ereolen/id1438218229,https://play.google.com/store/apps/details?id=dk.redia.eReolen,,
korpusdk,KorpusDK,https://ordnet.dk/korpusdk,danish,danish,tool,advanced,B2–C2,writing|vocabulary|grammar,free,1,,corpus|writing-aid,Search a large corpus of real Danish to see how a word is actually used.,"A free searchable corpus of contemporary Danish texts that answers the question dictionaries cannot: which preposition really follows this verb, and how often do Danes actually write it that way. Invaluable when you are writing Danish and want evidence rather than intuition. The interface is academic and there is a learning curve to the query syntax.",,,,,,,
laerdansk,Lærdansk (danskuddannelse),https://laerdansk.dk/,danish,danish,tutoring|course,beginner|intermediate|advanced,A1–C1,speaking|listening|writing|grammar,free,4,structured-course|conversation-practice,denmark-residents|classes|exam-prep,"The state Danish-education system: structured classes, free for most residents.","Lærdansk runs language centres across Denmark delivering the official danskuddannelse programme up to the Studieprøven, tuition-free for residents referred by their municipality, though self-supporting students and workers pay a refundable deposit per module. If you live in Denmark this should be the spine of your learning; nothing online replaces a teacher and a class of people at your level. Only relevant inside Denmark, and availability and pacing depend on your municipality.",,,,,,,
lex-dk,lex.dk (Den Store Danske),https://lex.dk/,danish,danish,website,intermediate|advanced,B1–C2,reading|vocabulary,free,2,authentic-media,encyclopedia|reading-practice,"Denmark's national encyclopedia, free — clean expository Danish on any topic.","lex.dk hosts Den Store Danske and a dozen other Danish reference works as a free, ad-free encyclopedia written in careful standard prose. It is excellent reading practice precisely because the register is neutral and the topics are ones you already understand in your own language. Purely reading input — no audio, no exercises, no learner scaffolding.",,,,,,,
ordbog-over-det-danske-sprog,Ordbog over det danske Sprog (ODS),https://ordnet.dk/ods,danish,danish,dictionary,advanced,C1–C2,reading|vocabulary,free,2,,historical|literature,"The historical dictionary of Danish 1700–1950, free on the same ordnet platform.","ODS documents older Danish with full citations, which is what you need once you start reading Blicher, Pontoppidan or anything printed before the war and hit words DDO no longer carries. Purely a reference for advanced readers and anyone curious about how the language moved. Entries are written in older Danish themselves, so it is unusable below a solid C1.",,,,,,,
reddit-danishlanguage,r/danishlanguage,https://www.reddit.com/r/danishlanguage/,danish,danish,community,beginner|intermediate|advanced,A1–C2,grammar|vocabulary|writing,free,3,,forum|q-and-a,The main English-speaking forum for Danish learners' questions.,"A small but consistently helpful community where native speakers answer questions about grammar, pronunciation and word choice, and where resource threads surface things that never rank on Google. Useful precisely because Danish learning material is scattered and under-documented. Traffic is low compared with the big-language subreddits, so expect hours, not minutes, for an answer.",,,,,,,
retskrivningsordbogen,Retskrivningsordbogen,https://ro.dsn.dk/,danish,danish,dictionary,intermediate|advanced,B1–C2,writing|grammar,free,3,,official|spelling|writing-aid,"The legally binding Danish spelling dictionary, free online from Dansk Sprognævn.","This is the book Danish spelling rules are officially defined by, covering orthography, inflection and the comma rules, and it is free on the web. If you are writing Danish that will be marked — exams, applications, work email — settle disagreements here rather than by searching. It is a norm reference, not a learning resource: no definitions, no examples, no English.",,,,,,,
sproget-dk,sproget.dk,https://sproget.dk/,danish,danish,website|dictionary,intermediate|advanced,B1–C2,grammar|writing|reading,free,3,grammar-reference,official|usage|reference,The official Danish language portal: grammar articles and a Q&A answer bank.,"Run jointly by the Danish Language Council and the Society for Danish Language and Literature, sproget.dk collects usage articles, spelling rules and thousands of answered questions about Danish, plus links to the official reference works. When you need a defensible answer about commas, compound words or ligge/lægge, this is where it lives. Everything is in Danish and aimed at native speakers, so it is only usable from roughly B1 up.",,,,,,,
studieskolen-danish,Studieskolen,https://www.studieskolen.dk/,danish,danish,tutoring|course,beginner|intermediate|advanced,A1–C2,speaking|listening|writing|grammar,paid,3,structured-course|conversation-practice,copenhagen|classes|exam-prep,"Copenhagen's best-known language school, with intensive and online Danish courses.","A long-established Copenhagen school offering Danish at every level including intensive and evening formats, online classes, and preparation for the official Prøve i Dansk and Studieprøven exams. It is the usual recommendation for people who want faster progress or smaller groups than the municipal track allows. Paid, and priced accordingly — worth it mainly if you need speed or a specific exam date.",,,,,,,
swap-language-podcast,Learn Danish with Swap Language,https://podcasts.apple.com/us/podcast/learn-danish-with-swap-language/id1753034073,danish,danish,podcast,beginner|intermediate|advanced,A1–C1,listening|vocabulary,free,3,comprehensible-input,graded|language-school-aligned,"Two graded seasons by a Danish teacher: A1–A2 stories, then B2–C1 personal essays.","Vigdis, who has taught Danish as a second language to adults since 2015, splits the show into a beginner season of short constructed stories matched to the topics of language-school modules 1 and 2, and an intermediate season of personal narratives at natural pace. That explicit level split is rare and makes it easy to find episodes that actually fit you. Roughly 80 episodes exist and new ones now appear only occasionally, so treat it as a strong archive.",https://podcasts.apple.com/us/podcast/learn-danish-with-swap-language/id1753034073,,https://feeds.acast.com/public/shows/65799c6ababc4c001791f1b3,,,,
anw-woordenboek,Algemeen Nederlands Woordenboek (ANW),https://anw.ivdnt.org/,dutch,dutch,dictionary,intermediate|advanced,B1–C2,vocabulary|reading|writing,free,2,,monolingual|corpus-based|free-dictionary,"The scholarly free dictionary of contemporary Dutch, corpus-based and updated daily.","The Instituut voor de Nederlandse Taal's dictionary of Dutch since 1970, built on a purpose-made corpus of over 100 million words and covering the Netherlands, Flanders, Suriname and the Caribbean. Entries carry real usage evidence, combinations and register labels — the detail you want once you are writing Dutch rather than just reading it. Free and updated daily, with no printed parent edition. It is a research dictionary, so entries are dense and coverage is still incomplete.",,,,,,,
delftse-methode,Delftse methode,https://www.nt2.nl/en/delftse-methode,dutch,dutch,book|course,beginner|intermediate,A0–B2,speaking|listening|vocabulary,paid,3,structured-course,textbook|nt2|speaking-first,"Forty years old and still unusual: you prepare alone, then spend the lesson speaking.","TU Delft's method inverts the normal classroom — you do the listening and text preparation in your own time, and lesson time is reserved entirely for talking. It teaches high-frequency vocabulary inside carefully written texts rather than through grammar tables, and runs in separate strands for theoretically and practically educated learners across 0–A2, A2–B1 and B1–B2. Widely used in Dutch universities and companies. The trade-off is that it is deliberately light on explicit grammar, which frustrates learners who want rules stated up front.",,,,,,,
dutchgrammar-com,Dutch Grammar (dutchgrammar.com),https://www.dutchgrammar.com/en/,dutch,dutch,website|course,beginner|intermediate|advanced,A1–C1,grammar|pronunciation|reading,free,3,grammar-reference,reference|word-order,"A free, thorough Dutch grammar reference with audio and exercises for every topic.","A long-running independent reference covering spelling and pronunciation, verbs, pronouns, nouns and articles, and the word-order rules that trip up every English speaker — with sound files and exercises attached to the explanations. When you need the actual rule rather than a video's summary of it, this is where to look. Free and ad-light, with a forum where questions still get answered. The site design is firmly from an earlier era of the web.",,,,,,,
dutchies-to-be,Dutchies to be — Learn Dutch with Kim,https://www.youtube.com/@learndutchwithkim,dutch,dutch,youtube|course,beginner|intermediate,A1–B1,listening|vocabulary|grammar|speaking,freemium,3,comprehensible-input,taught-in-dutch|nt2,"Kim teaches Dutch in Dutch, at a pace beginners can actually follow.","The strongest single Dutch teaching channel running: Kim explains grammar and everyday phrases almost entirely in Dutch, slowly and with on-screen text, so you get comprehensible input and instruction at the same time. New videos land roughly every other Friday and she was still publishing in August 2026. Free on YouTube; her site sells self-paced courses and workbooks for people who want a structured path. Best from late A1 onward — absolute beginners may want a bilingual course alongside it.",,,,,,,Website=https://www.learndutchwithkim.com/
dutchly-comprehensible-input,Dutchly — Dutch Comprehensible Input,https://www.youtube.com/@learnwithdutchly,dutch,dutch,youtube,beginner|intermediate,A1–B2,listening|vocabulary|immersion,free,2,comprehensible-input,comprehensible-input|graded,Noelle narrates everyday Dutch life at graded speeds — pure comprehensible input.,"A comprehensible-input channel in the Dreaming Spanish mould: Noelle talks through ordinary topics — shopping, home renovation, daily routines — in Dutch pitched at a stated level, using visuals and gesture instead of English translation. Videos are explicitly labelled complete-beginner, intermediate or int/advanced so you can pick your difficulty. Free, and publishing steadily through 2026. The library is still young (started 2025), so there is less here than for comparable Spanish or French channels.",,,,,,,
dutchpod101,DutchPod101,https://www.dutchpod101.com/,dutch,dutch,podcast|course|app,beginner|intermediate,A1–B1,listening|vocabulary|speaking,paid,4,structured-course,audio-lessons|dialogues,A huge library of bite-sized Dutch audio lessons with native-speaker dialogues.,"The Dutch arm of the Innovative Language network: hundreds of short audio and video lessons, each built around a dialogue that gets broken down line by line, plus transcripts and word banks. It is strong for beginners who want listening volume and cheap at the lower tiers, running roughly $4–$47/month depending on plan. Two real caveats: the catalogue is organised chaotically for newcomers, and the progression thins out badly past upper-intermediate. Best as a supplement, not your only course.",https://podcasts.apple.com/us/podcast/learn-dutch-dutchpod101-com/id448501269,,https://www.dutchpod101.com/wp-feed-audio-video.php,,,,
easy-dutch-youtube,Easy Dutch,https://www.youtube.com/@EasyDutch,dutch,dutch,youtube,beginner|intermediate|advanced,A2–C1,listening|vocabulary|immersion,freemium,4,comprehensible-input,authentic-speech|subtitles,"Street interviews with real Dutch people, dual Dutch/English subtitles throughout.","Unscripted interviews at native speed, plus 'Super Easy Dutch' episodes where the hosts slow right down for beginners, all dual-subtitled so one video serves several levels. This is the fastest way to hear how Dutch is actually spoken rather than how textbooks write it. Videos are free and still weekly in 2026; membership adds interactive transcripts, vocabulary lists and exercises. The regular episodes are genuinely hard below B1 — start with the Super Easy ones.",,,,,,,
een-beetje-nederlands,Een Beetje Nederlands,https://www.eenbeetjenederlands.nl/,dutch,dutch,podcast,intermediate|advanced,B1–B2,listening|vocabulary|immersion,free,3,comprehensible-input,transcripts|culture|slow-speech,Clear-spoken Dutch on culture and history with a free transcript for every episode.,"Robin van der Markt narrates Dutch history, culture and current affairs in careful but natural Dutch, and — unusually — puts a free transcript with every single episode. That combination makes it the best value listening resource for learners crossing from A2 into B1. Over ninety episodes exist and it was still publishing in mid-2026. It is aimed squarely at B1/B2; below that the sentence length will outrun you even at the slower pace.",https://podcasts.apple.com/us/podcast/een-beetje-nederlands/id1550089820,https://open.spotify.com/show/1oLBjGwX7TcLRuFI4Gyjbe,https://anchor.fm/s/48d96938/podcast/rss,,,,
heb-je-zin,Heb je zin?,https://www.learndutch.org/courses/heb-je-zin/,dutch,dutch,media|youtube,beginner|intermediate,A2–B1,listening|vocabulary|grammar,free,2,comprehensible-input,graded|subtitles|story-based,"A narrated Dutch comic soap with bilingual subtitles, built to bridge to real TV.","A low-key illustrated soap opera from LearnDutch.org that follows a cast through everyday Dutch life, narrated slowly and clearly with both Dutch and English subtitles. It exists to fill the gap where textbook audio is too easy but Dutch television is still impossible, and it does that job better than most graded readers. Completely free. The animation is static and the production basic — you are here for the language, not the drama.",,,,,,https://www.youtube.com/channel/UC2IYiaH8iDXjJHblQIYPAyw,
inburgeren-nl,Inburgeren.nl,https://www.inburgeren.nl/,dutch,dutch,website,beginner|intermediate,A2–B1,reading|listening|speaking|writing,free,3,,exam-prep|official|nt2,Official information and practice material for the Dutch civic-integration exams.,"DUO's official site for the inburgering and NT2 state examinations: what each exam part contains, which level it is set at, how to register, and free practice exams for the reading, listening, speaking and writing components. If your Dutch has a legal deadline attached, this is the authoritative source rather than a school's summary of it. Free. It is exam administration, not a course — use it to calibrate and rehearse, and learn the language elsewhere.",,,,,,,
learndutch-bart-de-pau,Learn Dutch with Bart de Pau,https://www.learndutch.org/,dutch,dutch,course|youtube|website,beginner|intermediate,A0–B1,vocabulary|grammar|listening|pronunciation,freemium,4,structured-course,free-curriculum|structured,The best-known free Dutch video curriculum: 1000 common words plus 50 grammar lessons.,"Bart de Pau's free video series are the closest thing Dutch has to a canonical beginner course — '1000 most common Dutch words' for vocabulary and a 50-lesson #dutchgrammar track, all structured and cheerfully presented. The paid side is his Dutch Summer School and Winter School language camps plus small-group virtual classrooms on Zoom. The free videos genuinely stand alone; you never have to buy anything to finish the beginner path. Uploads slowed noticeably during 2026, so treat it as a finished library rather than an active channel.",,,,,,https://www.youtube.com/@LearndutchOrg,Grammar=https://www.learndutch.org/dutch-grammar/
nedbox,NedBox,https://www.nedbox.be/,dutch,dutch,website|course,beginner|intermediate,A1–B1,listening|reading|vocabulary|grammar,free,2,authentic-media,flemish|authentic-material|exercises,"Free Flemish TV clips and news articles wrapped in ~2,250 graded exercises.","Built by the Flemish and Dutch university language centres, NedBox turns real television fragments and newspaper articles into exercise sets — roughly 140 items and 2,250 assignments spread across A1 to B1. You pick your own level, pace and topic rather than following a fixed syllabus. Completely free. The material is Belgian Dutch, so it is the best free way to train your ear for Flemish rather than the Randstad accent most courses teach.",,,,,,,
nederlands-in-gang,Nederlands in gang,https://www.nt2.nl/nl/product/100-20506_Nederlands-in-gang-herziene-editie,dutch,dutch,book|course,beginner,A0–A2,grammar|reading|speaking|listening|pronunciation,paid,3,structured-course,textbook|nt2|academic,"The standard Dutch coursebook for educated adult learners, zero to A2.","De Boer, Van der Kamp and Pentermann's course is what most Dutch university and serious evening-class programmes put in front of educated adult beginners, taking you from nothing to a solid A2 with communicative exercises, grammar video and pronunciation support. The revised edition costs around €51.50 including a year's online licence. It is the entry point to a well-built ladder — Nederlands in actie, op niveau, naar perfectie and naar de top run on to C1. It assumes a classroom or at least a tutor; pure self-study with it is hard going.",,,,,,,
nos-jeugdjournaal,NOS Jeugdjournaal,https://jeugdjournaal.nl/,dutch,dutch,media,intermediate,B1,listening|reading|vocabulary,free,3,authentic-media,easy-news|public-broadcaster|daily,"Daily news for Dutch 9–12 year-olds — plain vocabulary, ordinary adult speed.","The children's news bulletin explains the day's events in straightforward language with lots of visual context, and the website carries written articles alongside the video. It is a natural step up once the Journaal in Makkelijke Taal feels easy. Be aware it is not a learner product: the delivery runs at normal Dutch speed and covers more stories per episode, so it is harder than its target age suggests. Free and updated every weekday.",,,,https://apps.apple.com/nl/app/nos-jeugdjournaal/id319038532,https://play.google.com/store/apps/details?id=nl.nos.jeugdjournaal,https://www.youtube.com/channel/UC-bbHiTZGWKbsCjpzUfrk6Q,
nos-journaal-makkelijke-taal,NOS Journaal in Makkelijke Taal,https://npo.nl/start/serie/nos-journaal-in-makkelijke-taal,dutch,dutch,media|website,beginner|intermediate,A2–B1,listening|vocabulary,free,3,authentic-media,easy-news|public-broadcaster|daily,The national broadcaster's daily 10-minute news bulletin in deliberately simplified Dutch.,"NOS makes a proper news programme for people still learning Dutch: three stories in about ten minutes, simpler vocabulary, and a presenter who explains background calmly instead of assuming it. It airs daily at 17:00 on NPO 1 and every episode stays online at NPO Start. This is the single best free listening resource for the A2–B1 gap, because it is real news rather than learner-fiction. Some NPO Start streams are restricted outside the Netherlands.",,,,,,,About=https://over.nos.nl/onze-programmas/journaal-in-makkelijke-taal/
oefenen-nl,Oefenen.nl,https://www.oefenen.nl/,dutch,dutch,website|course,beginner,A0–A2,reading|writing|listening|vocabulary,free,2,structured-course,literacy|nt2|free-curriculum,Free Dutch literacy and basic-language courses from a Dutch charitable foundation.,"A free public-good platform carrying programmes like Klik & Tik, Lees en Schrijf!, Taalklas.nl and Station Nederlands, covering language alongside digital skills, money and health. It is designed for adults with limited literacy and for newcomers at the very start, which makes it gentler and more practical than academic NT2 courses. Free, run as a registered Dutch charity. The interface is Dutch-only, so complete beginners without any Dutch may need help getting started.",,,,,,,
the-dutch-online-academy,The Dutch Online Academy,https://thedutchonlineacademy.com/,dutch,dutch,website|course|app,beginner|intermediate,A1–B2,grammar|vocabulary|reading,freemium,2,grammar-reference|structured-course,grammar|exercises,"Free Dutch grammar explanations and exercises, with paid structured courses on top.","A tidy, modern site whose grammar pages — clear explanations with exercises attached — are free and among the easiest to read online. It adds flashcard decks, a vocabulary guessing game and a progress dashboard for registered users. Paid self-paced courses and e-books are the business model, but the free grammar section is genuinely useful on its own. Coverage is broad rather than deep, so it complements a proper coursebook rather than replacing one.",,,,,,,
universiteit-van-nederland,Universiteit van Nederland,https://www.universiteitvannederland.nl/,dutch,dutch,podcast|media,advanced,B2–C2,listening|vocabulary|immersion,free,2,authentic-media,academic|advanced-listening|authentic-speech,Free mini-lectures by leading Dutch academics — TED talks in academic Dutch.,"Dutch professors give short, well-produced lectures on sleep science, neurology, technology, history and law, released free as both video and podcast. For advanced learners it is the natural next step after news: structured argument, abstract vocabulary and a single clear speaker rather than crosstalk. Completely free, with subtitles available on the video versions. It is made for Dutch native speakers, so specialist terminology comes without explanation.",https://podcasts.apple.com/us/podcast/de-universiteit-van-nederland-podcast/id1385505692,https://open.spotify.com/show/0z2ydI7p9BA6wxFiq8U0lF,https://www.omnycontent.com/d/playlist/61ee9ca4-a1b2-4660-9651-b2b70035edf5/e3cbd078-9414-4691-b0f1-b2fe0110b4c7/f2f192d9-787a-4383-8c1a-b2fe0110b4d3/podcast.rss,,,,
van-dale-online,Van Dale Online,https://www.vandale.nl/,dutch,dutch,dictionary,intermediate|advanced,B1–C2,vocabulary|reading|writing,paid,5,,authoritative|subscription|nt2,"The authoritative Dutch dictionary — now subscription-only, with a cheap NT2 tier.","Van Dale has been the reference Dutch dictionary since 1874 and remains the one Dutch editors and teachers actually cite. Note the change that catches people out: the free online dictionary was withdrawn on 10 December 2025 and everything now sits behind Van Dale Online. There is a learner-priced tier, Van Dale Online NT2, at about €4.99 a year, with the professional plan nearer €7.50 a month. Only worth paying for if you need bilingual depth or write Dutch professionally — otherwise woorden.org and the ANW cover most needs free.",,,,,,,
vrt-nws,VRT NWS,https://www.vrt.be/vrtnws/nl/,dutch,dutch,media,intermediate|advanced,B1–C2,listening|reading|immersion,free,3,authentic-media,flemish|authentic-speech|news,Flanders' public broadcaster — the main free source of standard Belgian Dutch.,"VRT's news service is the reference register for spoken Flemish: clearly articulated standard Belgian Dutch across daily television bulletins, radio and a large free article archive. Most Dutch courses train you exclusively on Netherlands Dutch, so this is how you stop being thrown by Flemish vowels and vocabulary. Free online. It is native-targeted news at full speed, so it belongs at B1 and above — start with Wablieft if that is still too fast.",,,,https://apps.apple.com/us/app/vrt-nws/id952769219,,https://www.youtube.com/channel/UC59gT3bFTFNSqafRcluDIsQ,
wablieft,Wablieft,https://nieuws.wablieft.be/,dutch,dutch,media|website,beginner|intermediate,A2–B1,reading|vocabulary,freemium,2,authentic-media,easy-news|flemish|reading-practice,"Belgium's easy-language newspaper — real news written in plain, short Dutch.","A Flemish easy-language newspaper written for adults who find standard press Dutch hard, whether they are learners, low-literate readers or older people. Short sentences and everyday vocabulary, but real reporting rather than simplified filler. Articles are readable free on the news site; the printed weekly and school packs are subscription products. Because it is Flemish it also gives you Belgian spelling and word choice, which differs from Netherlands Dutch in small but noticeable ways.",,,,,,,
woorden-org,Woorden.org,https://www.woorden.org/,dutch,dutch,dictionary,beginner|intermediate|advanced,A1–C2,vocabulary|reading,free,3,,monolingual|free-dictionary,Free ad-free Dutch monolingual dictionary with plain definitions and example sentences.,"A free Dutch learner's dictionary with clearly written definitions, synonyms, pronunciation and example sentences, plus a good section on idioms and sayings. Since Van Dale withdrew its free online dictionary at the end of 2025 this has become the practical default for looking up a Dutch word in Dutch. It is ad-free and searchable by word fragments. The definitions come largely from Kernerman rather than a Dutch academic corpus, so for fine shades of meaning check the ANW too.",,,,,,,
woordenlijst-groene-boekje,Woordenlijst Nederlandse Taal (Groene Boekje),https://woordenlijst.org/,dutch,dutch,dictionary|website,intermediate|advanced,B1–C2,writing|grammar|vocabulary,free,3,,spelling|official|reference,"The official Dutch spelling list — authoritative plurals, past participles and hyphens.","The Taalunie's official word list, the online edition of the Groene Boekje, giving the sanctioned spelling, plural, diminutive and verb forms for well over a hundred thousand words. This is the arbiter when you cannot decide whether a compound takes a hyphen or how a borrowed verb conjugates. Free, and shared as the standard for both the Netherlands and Flanders. It settles spelling only — it gives no definitions, so pair it with a real dictionary.",,,,,,,
zeg-het-in-het-nederlands,Zeg het in het Nederlands,https://www.dutchidiom.com/,dutch,dutch,podcast,intermediate,A2–B1,listening|vocabulary,freemium,2,comprehensible-input,slow-speech|culture|transcripts,"Slow, clear Dutch monologues on Dutch history and culture, 12–30 minutes each.","One of the most-recommended Dutch listening podcasts: single-host episodes entirely in Dutch, spoken deliberately slowly, on subjects like the Afsluitdijk, Urk's fishermen and Dutch wartime history. The slow delivery makes it usable well before you can handle native podcasts. Listening is free and the show reached episode 56 by 2026, though it publishes irregularly. Transcripts are sold separately in sets of ten rather than given away, which is the main catch.",https://podcasts.apple.com/us/podcast/zeg-het-in-het-nederlands/id1578166672,https://open.spotify.com/show/1JKtddIRlFHl5RWMENmOib,https://feeds.soundcloud.com/users/soundcloud:users:417093849/sounds.rss,,,,
accents-way-hadar-shemesh,The Accent's Way (Hadar Shemesh),https://hadarshemesh.com/,english,english,youtube|podcast|course,intermediate|advanced,B1–C2,pronunciation|speaking,freemium,2,pronunciation-training,pronunciation|confidence,Pronunciation and confidence coaching from a non-native speaker's perspective.,"Hadar Shemesh is a non-native speaker who teaches clarity rather than accent erasure — her framing is that you do not have to sound American to sound good — through videos, a podcast, a free pronunciation masterclass, a 14-day plan and a list of commonly mispronounced words. That perspective makes her unusually good on the psychological side of speaking up in a second language. The substantial courses are paid, the emphasis is on American sounds despite the framing, and the free material is spread across several formats rather than one path.",https://podcasts.apple.com/il/podcast/in-fluency/id1492946397,https://open.spotify.com/show/5ol9UbO7nDaoO7V2pPYzmP,,,,,
all-ears-english,All Ears English,https://www.allearsenglish.com/,english,english,podcast,intermediate|advanced,B1–C1,listening|speaking|vocabulary,freemium,3,comprehensible-input,american-english|listening,"Daily American English podcast about connection, idioms and small talk.","Lindsay and Michelle release episodes every weekday — it was still publishing daily in August 2026 — focusing on natural conversational American English, idioms and the social side of speaking, with a deliberately upbeat 'connection not perfection' stance. The daily cadence makes it a genuinely sustainable listening habit. Episodes are chatty and low-density, so you get less language per minute than from a scripted show, ads are frequent, and transcripts and the IELTS-specific material require paid membership.",https://podcasts.apple.com/us/podcast/all-ears-english-podcast/id751574016,https://open.spotify.com/show/6qXldSz1Ulq1Nvj2JK5kSR,https://feeds.megaphone.fm/allearsenglish,https://apps.apple.com/us/app/all-ears-english-listening/id1260196995,https://play.google.com/store/apps/details?id=com.allearsenglish.aee,https://www.youtube.com/channel/UCajKaiBJSwYcDFbfMICpSpA,
bbc-6-minute-english,6 Minute English,https://www.bbc.co.uk/learningenglish/features/6-minute-english,english,english,podcast,intermediate|advanced,B1–C1,listening|vocabulary,free,4,comprehensible-input,british-english,"Weekly six-minute discussion built around six target words, with transcript.","Two presenters discuss a topic — sleep science, AI, urban foxes — at a controlled pace, teaching six pieces of vocabulary along the way, with a full transcript and PDF for every episode. Short enough to do daily on a commute and consistent enough that it becomes a habit, which is why it is the most widely recommended English podcast for learners. The conversational format is scripted rather than spontaneous, so it will not prepare you for fast native speech on its own, and below about B1 the pace is still demanding.",https://podcasts.apple.com/us/podcast/6-minute-english/id262026947,,https://podcasts.files.bbci.co.uk/p02pc9tn.rss,,,,
bbc-learning-english,BBC Learning English,https://www.bbc.co.uk/learningenglish,english,english,website|course|media,beginner|intermediate|advanced,A1–C1,listening|vocabulary|grammar|pronunciation,free,4,structured-course,british-english,"The biggest free English learning site, updated daily by the BBC.","Decades of programmes organised into courses by level, plus daily news-based vocabulary, pronunciation videos covering every English phoneme, grammar explainers and drama series, all with transcripts and all free with no account required. It is the single most reliable free starting point for a learner of British English and it was still publishing new material in August 2026. The volume is its weakness as well as its strength — the site is a sprawl of overlapping series, so pick one course and follow it rather than browsing at random, and note the model is British throughout.",,,,,,,
breaking-news-english,Breaking News English,https://breakingnewsenglish.com/,english,english,website|media,beginner|intermediate|advanced,A2–C1,reading|listening|vocabulary,free,3,graded-reading,news|graded-reader,"Every news story rewritten at seven levels, with audio and worksheets.","Sean Banville publishes current news stories graded into seven versions from very easy to near-native, each with audio at several speeds and a stack of downloadable exercises — gap-fills, dictations, discussion questions. The multi-level format means you can read the same story at your level and then reread it a level up, which is an unusually effective way to push comprehension. It is entirely free, but the site is ad-supported and visually cluttered, and the worksheets are aimed at classrooms so self-studiers will ignore half of them.",,,,,,,
britannica-dictionary,The Britannica Dictionary,https://www.britannica.com/dictionary,english,english,dictionary,beginner|intermediate|advanced,A2–C2,vocabulary|writing|reading,free,3,,american-english,American learner's dictionary with more example sentences than any other.,"This is the former Merriam-Webster Learner's Dictionary under Britannica's roof (learnersdictionary.com now redirects here), and its distinguishing feature is volume of examples — most entries show the word in many real sentences, which teaches usage far better than a definition does. Best for learners of American English who keep producing grammatically correct but unnatural sentences. It is American-only in spelling and idiom, the site is ad-supported, and the rebrand means older bookmarks and links point at the wrong place.",,,,,,,
british-council-learnenglish,British Council LearnEnglish,https://learnenglish.britishcouncil.org/,english,english,website|course,beginner|intermediate|advanced,A1–C1,reading|listening|grammar|writing|vocabulary,free,4,structured-course,british-english|cefr,"Free skills practice tagged by CEFR level, from the British Council.","Every activity is labelled by level and skill — reading texts, listening clips, grammar explanations, writing models for emails and essays — with comprehension exercises attached, and all of it is free without an account. Its structure by CEFR level makes it far easier to navigate than most free sites, and there is a free level test to place yourself. The material is exam-and-classroom flavoured rather than entertaining, and the British Council's genuinely paid products (English Online courses, IELTS prep) are marketed alongside it, so check what you are clicking.",,,,,,https://youtube.com/@BritishCouncilEnglish,
business-english-pod,Business English Pod,https://www.businessenglishpod.com/,english,english,podcast|course,intermediate|advanced,B1–C1,listening|speaking|vocabulary,freemium,2,structured-course,business-english,"Meetings, negotiations and interviews modelled as dialogues you can copy.","Lessons are built around realistic workplace scenarios — running a meeting, handling a difficult client, answering interview questions — with a dialogue, the target phrases pulled out, and practice, which is far more useful than generic business vocabulary lists. The best pick if your English has to work at your job rather than on holiday. Many episodes are free to stream but transcripts, quizzes and the full library need a subscription, and the corporate-scenario framing gets repetitive if you listen straight through.",https://podcasts.apple.com/us/podcast/business-english-pod-learn-business-english/id206603090,https://open.spotify.com/show/4nCHpl7GXuMu41Jn4xDLtH,,https://apps.apple.com/app/business-english-app-by-business/id568878613,https://play.google.com/store/apps/details?id=com.business.english.pod.droid,,
cambridge-dictionary,Cambridge Dictionary,https://dictionary.cambridge.org/,english,english,dictionary,beginner|intermediate|advanced,A1–C2,vocabulary|reading|pronunciation,free,5,,bilingual|cefr,"Learner definitions plus bilingual entries in dozens of languages, all free.","The other great free learner's dictionary, distinguished by pairing every English entry with a translation into your own language — genuinely useful when a monolingual definition leaves you unsure — plus CEFR levels, example sentences, both accents in audio and a good grammar section. It is often quicker than Oxford for a rough sense of a word. Coverage of newer slang lags, the bilingual entries are much thinner than the English ones for smaller languages, and the site is ad-heavy.",,,,,,,
culips,Culips English Podcast,https://www.culips.com/,english,english,podcast,intermediate|advanced,B1–C1,listening|vocabulary|speaking,paid,2,comprehensible-input,listening|idioms,"Natural conversations dissected phrase by phrase, with detailed study guides.","Over a thousand lessons in which hosts from Canada, the US and the UK hold a natural conversation and then unpack the idioms, slang and connected speech in it, with study guides, interactive transcripts and a Discord community. The explain-the-real-conversation format is the most efficient way to convert listening into usable phrases. The archive is largely behind a membership at about $15 a month or $105 a year, only sample guides are free, and the level is stated as intermediate and up, so beginners should look elsewhere first.",https://podcasts.apple.com/us/podcast/culips-everyday-english-podcast/id279999557,,https://esl.culips.com/feed/podcast/,,,,
elllo,Elllo,https://elllo.org/,english,english,website|media,beginner|intermediate|advanced,A1–C1,listening|vocabulary,free,2,comprehensible-input,accents|listening,Thousands of short listening clips of real people from dozens of countries.,"The English Listening Lesson Library Online holds several thousand unscripted conversations recorded with speakers from all over the world, each with transcript, vocabulary notes, a quiz and a difficulty rating. Its unique value is accent variety — you hear Nigerian, Indian, Scottish, Japanese and American English rather than one studio voice, which is what real-world English actually sounds like. The site design is dated and the navigation clunky, and audio quality varies because the recordings are informal, but everything is free with no signup.",,,,,,,
elsa-speak,ELSA Speak,https://elsaspeak.com/,english,english,app,beginner|intermediate|advanced,A1–C1,pronunciation|speaking,freemium,3,pronunciation-training,pronunciation|american-english,Speech-recognition app that scores your pronunciation sound by sound.,"You read prompts aloud and ELSA marks which individual phonemes were off, showing what to do differently, plus AI role-plays for conversation practice — the closest thing to a pronunciation coach that runs on your phone at any hour. Most useful if you have a specific accent problem you already know about and want targeted, repeatable drilling. The free tier is limited and the app pushes hard towards Pro; scoring is calibrated to American English and can be harsh or plain wrong on perfectly intelligible non-standard pronunciation, so do not let it grind down your confidence.",,,,https://apps.apple.com/us/app/elsa-speak-english-learning/id1083804886,https://play.google.com/store/apps/details?id=us.nobarriers.elsa,https://www.youtube.com/@ELSAspeakglobal,
english-corpora-coca,COCA (English-Corpora.org),https://www.english-corpora.org/coca/,english,english,tool,advanced,B2–C2,writing|vocabulary|grammar,free,2,,corpus|american-english|writing,Search a billion words of real American English to settle usage questions.,"The Corpus of Contemporary American English lets you ask which words actually collocate with which, whether a phrasing is common in academic writing but rare in speech, and how usage has shifted over decades — evidence rather than opinion, which is exactly what advanced writers need. Free after a quick registration, with sister corpora for British English, news and academic text. The interface is academic and unfriendly, free accounts hit query limits, and it assumes you can interpret concordance lines, so it is genuinely a C-level tool.",,,,,,,
english-grammar-in-use,English Grammar in Use (Murphy),https://www.cambridge.org/us/cambridgeenglish/catalog/grammar-vocabulary-and-pronunciation/english-grammar-use-5th-edition,english,english,book,intermediate,B1–B2,grammar|writing,paid,5,grammar-reference,grammar|textbook,The default intermediate grammar book: one point per two-page spread.,"Raymond Murphy's blue book has taught grammar to tens of millions of learners with a simple format — explanation and examples on the left page, exercises on the right — covering everything an intermediate learner needs, with an answer key that makes it genuinely self-study. The fifth edition adds an interactive ebook with audio. Companion volumes exist for elementary (red) and advanced (green) levels, so buy the one that matches you; and it is a practice book, not a course, with nothing on listening, speaking or vocabulary building.",,,,,,,
english-with-lucy,English with Lucy,https://englishwithlucy.com/,english,english,youtube|course,beginner|intermediate|advanced,A2–C1,pronunciation|vocabulary|grammar,freemium,4,pronunciation-training,british-english|pronunciation,"Polished British-English lessons on pronunciation, idiom and common mistakes.","Lucy Bella Earl covers Received Pronunciation, British idioms, confusable words and grammar traps in well-produced videos aimed at intermediate learners, and the channel was still posting weekly in August 2026 to an audience in the millions. It is the most accessible entry point for learners specifically targeting British English. The free videos are broad rather than systematic and increasingly funnel towards the paid courses and study packs, so treat them as supplements to a structured programme rather than the programme itself.",,,,,,https://www.youtube.com/@EnglishwithLucy,
engvid,engVid,https://www.engvid.com/,english,english,youtube|website|course,beginner|intermediate|advanced,A1–C1,grammar|vocabulary|pronunciation|writing,free,3,grammar-reference,free-videos,"Over 2,300 free whiteboard lessons from nine teachers, with quizzes.","The classic free English video library: nine long-serving teachers with different accents and styles cover grammar points, vocabulary sets, business English, IELTS and TOEFL, each lesson followed by a quiz, and new lessons are still going up in 2026. Because the teachers overlap, you can find the same topic explained four different ways until one clicks. Presentation is old-fashioned whiteboard-and-marker with no learning path, so you must know what you want to study — it is a reference shelf, not a course.",,,,,,,
ielts-liz,IELTS Liz,https://ieltsliz.com/,english,english,website|course,intermediate|advanced,B1–C2,writing|speaking|reading|listening,freemium,3,,ielts|exam-prep,Hundreds of free IELTS lessons and model answers aimed at band 7 and above.,"A former IELTS examiner's archive of over 300 pages covering every part of the test, with model answers, band descriptors explained, and the specific mistakes that cap people at band 6 — the Writing Task 2 material in particular is better than most paid courses. Still being updated in 2026, including notes on test changes. It is IELTS-specific rather than general English, the site is organised as a blog archive that takes patience to navigate, and the advanced lessons and ebooks are paid.",,,,,,https://www.youtube.com/@ieltsliz,
ludwig-guru,Ludwig,https://ludwig.guru/,english,english,tool,intermediate|advanced,B1–C2,writing|vocabulary,freemium,2,,writing|collocations,Check whether your sentence sounds English by finding it in published texts.,"Type a phrase you are unsure about and Ludwig shows you real sentences from newspapers, journals and books that use it, so you can see whether native writers actually say 'discuss about' or 'make a research'. It answers the question a dictionary cannot — not what a word means but whether your combination of words exists. The free tier limits daily searches and holds back some features, results skew towards formal written English rather than speech, and it will confirm a phrasing exists without telling you whether it fits your context.",,,,,,,
lukes-english-podcast,Luke's English Podcast,https://teacherluke.co.uk/,english,english,podcast,intermediate|advanced,B1–C2,listening|vocabulary|immersion,freemium,3,comprehensible-input,british-english|listening,"Long, funny, unscripted British English — over 1,000 free episodes.","Luke Thompson is a teacher and stand-up comedian, and his podcast reached episode 1,000 in August 2026 with a back catalogue of rambling conversations, comedy, interviews and language analysis in natural British English. It is the best free source of long-form authentic listening for learners who are past the graded-material stage and want volume. Episodes often run over an hour and the speech is genuinely fast and idiomatic, which is the point but makes it unusable below B1; structured vocabulary and grammar episodes sit behind the LEP Premium subscription.",https://podcasts.apple.com/us/podcast/lukes-english-podcast-learn-british-english-with-luke/id312059190,,https://feeds.acast.com/public/shows/62b0ada25c7ea10012f541cb,,,https://www.youtube.com/channel/UC2L7vR43LKuBXXV2AentEMw,
mmmenglish,mmmEnglish,https://www.mmmenglish.com/,english,english,youtube|course,intermediate,B1–B2,speaking|grammar|pronunciation,freemium,3,pronunciation-training,australian-english|speaking,Australian teacher drilling the patterns that get intermediate learners unstuck.,"Emma teaches word patterns, prepositions, and imitation-based speaking practice where you repeat after her to work on rhythm and connected speech, aimed squarely at intermediate learners who understand a lot but freeze when speaking. Her free videos and sample lessons are substantial, and the imitation lessons in particular are a format few other channels do well. Courses are paid and hosted off-site, the accent model is Australian, and beginners will find the assumed baseline too high.",,,,,,,
news-in-levels,News in Levels,https://www.newsinlevels.com/,english,english,media|website,beginner|intermediate,A1–B1,reading|listening|vocabulary,free,3,graded-reading,news|graded-reader,"Daily world news in three difficulty levels, aimed at genuine beginners.","Short news items published every day in a 1,000-word, 2,000-word and 3,000-word vocabulary version with audio, so beginners can read real current events from very early on — it was still publishing daily in August 2026 and stays free. Level 1 is genuinely accessible at A1–A2, which very little authentic material is. Editing quality is inconsistent, with occasional awkward or ungrammatical sentences, the site is heavy with ads, and the pronunciation in the recordings is not always model-quality, so use it for volume rather than as a model of correct English.",,,,https://apps.apple.com/us/app/english-news-in-levels/id1044945336,https://play.google.com/store/apps/details?id=com.newsinlevels,,
oxford-bookworms-library,Oxford Bookworms Library,https://elt.oup.com/catalogue/items/global/graded_readers/oxford_bookworms_library/,english,english,book,beginner|intermediate|advanced,A1–C1,reading|vocabulary,paid,3,graded-reading,graded-reader|reading,"Over 270 stories rewritten at seven levels, so you can read whole books early.","Graded readers are the highest-return, least-used tool in English learning: these are novels, thrillers, classics and non-fiction rewritten within a controlled vocabulary for each of seven stages from A1 to C1, most with audio, so you can finish real books long before you could read the originals. Reading several at a comfortable level does more for fluency than grinding through one text that is too hard. They are paid, priced per title, and the simplifications strip out much of the original style — the point is volume of comprehensible reading, not literary appreciation.",,,,,,,
oxford-learners-dictionaries,Oxford Learner's Dictionaries,https://www.oxfordlearnersdictionaries.com/,english,english,dictionary,beginner|intermediate|advanced,A1–C2,vocabulary|reading|pronunciation|writing,free,4,,cefr|british-english,"Definitions written in a 3,000-word vocabulary, with CEFR level on every word.","Definitions are constrained to a controlled defining vocabulary, so you never need a second dictionary to understand the first one, and each headword carries a CEFR tag telling you whether it is worth learning yet, alongside British and American audio, grammar patterns and collocations. The free site covers the full Advanced Learner's Dictionary. It is monolingual by design, which is right for intermediate learners and off-putting for absolute beginners, and the ads and app upsells on the free site are noticeable.",,,,,,,
perfect-english-grammar,Perfect English Grammar,https://www.perfect-english-grammar.com/,english,english,website,beginner|intermediate|advanced,A1–C1,grammar|writing,free,2,grammar-reference,grammar|british-english,"Clear grammar explanations with free exercises, written by one teacher.","Seonaid Beckwith explains one grammar point per page in plain language with example sentences and several free practice exercises, covering tenses, conditionals, reported speech, articles and the rest of the usual trouble spots. When you need a fast, trustworthy answer to 'when do I use the present perfect', this is quicker than any video. Explanations are British-oriented and deliberately simplified, so advanced learners chasing nuance will outgrow it and should move to a full reference grammar; some downloadable packs are paid.",,,,,,,
plain-english-podcast,Plain English,https://plainenglish.com/,english,english,podcast,intermediate,B1–B2,listening|vocabulary,freemium,2,comprehensible-input,news|slow-english,"Current events told slowly in clear English, with an expression per episode.","Twice a week, one world-news story explained at deliberately reduced speed, followed by an English expression taught in context — the format that gets intermediate learners listening to real content without hitting a wall. Free listening plus a permanently free tier of extras, with transcripts, translations and exercises in the paid Plus membership. It is slower than natural speech by design, so it is a stepping stone rather than a destination, and the news framing is American in perspective.",https://podcasts.apple.com/us/podcast/plain-english-with-derek-thompson/id1594471023,,https://feeds.megaphone.fm/plain-english,,,,
rachels-english,Rachel's English,https://rachelsenglish.com/,english,english,youtube|course|podcast,intermediate|advanced,B1–C2,pronunciation|speaking|listening,freemium,3,pronunciation-training,american-english|pronunciation,"The reference channel for American pronunciation, rhythm and reductions.","Over a thousand free videos analysing American English at the level of individual sounds, linking, stress and the reductions ('gonna', 'wanna', swallowed T's) that make natives hard to understand, often using slow-motion mouth close-ups and clips from films. Still publishing in August 2026. Free on YouTube and the site; the Academy membership is the paid product. It is exclusively American English and technique-heavy — hugely effective if you want to sound American, largely irrelevant if you do not.",,https://open.spotify.com/show/5B1kl6GPZeVxQqElCqDW5j,,,,https://www.youtube.com/channel/UCvn_XCl_mgQmt3sD753zdJA,
randalls-esl-lab,Randall's ESL Cyber Listening Lab,https://www.esl-lab.com/,english,english,website|tool,beginner|intermediate|advanced,A2–C1,listening|vocabulary,free,2,comprehensible-input,american-english|listening,"Graded listening quizzes on everyday situations, free since the 1990s.","Randall Davis has been recording scripted but natural dialogues — booking a hotel, a doctor's appointment, a job interview — with pre-listening vocabulary, comprehension quizzes and full scripts, organised into easy, medium and difficult tiers. It is the most practical free resource for the specific skill of understanding functional spoken English, and everything is free. The recordings are dated in places and the interface is plain, but the pedagogy is solid and the quizzes give you honest feedback on whether you actually understood.",,,,,,,
reddit-r-englishlearning,r/EnglishLearning,https://www.reddit.com/r/EnglishLearning/,english,english,community,beginner|intermediate|advanced,,grammar|vocabulary|writing,free,3,,qa,Large subreddit where natives answer 'is this sentence correct?' within minutes.,"The most active free place to get a specific question answered — why one preposition and not another, whether a sentence sounds natural, what a piece of slang means — usually with several native speakers weighing in and disagreeing productively about register and dialect. Also a good barometer of which resources learners actually stick with. Answers come from ordinary speakers rather than teachers, so explanations of why can be wrong even when the correction is right, and it works best as a supplement to structured study.",,,,,,,
simple-english-wikipedia,Simple English Wikipedia,https://simple.wikipedia.org/,english,english,website|media,beginner|intermediate,A2–B2,reading|vocabulary,free,4,graded-reading,reading|graded-reader,"Wikipedia rewritten in short sentences and a basic vocabulary, free.","Around a quarter of a million articles written with simple words and short sentences, covering the same subjects as full Wikipedia — an endless supply of free reading on whatever you are already interested in, which is the hardest thing to find at lower levels. Reading about your own field here first makes the full English article much easier afterwards. Coverage is uneven and articles are much shorter and sometimes less accurate or less current than the main edition, so treat it as reading practice rather than a reference.",,,,,,,
sounds-of-speech-iowa,Sounds of Speech (University of Iowa),https://soundsofspeech.uiowa.edu/,english,english,tool|website,beginner|intermediate|advanced,,pronunciation|listening,free,2,pronunciation-training,pronunciation|american-english|phonetics,Animated cutaway diagrams showing how your mouth makes each English sound.,"For every English consonant and vowel you get an animation of the tongue, lips and vocal folds, a written description of the articulation and video of a speaker producing it — the visual explanation that finally fixes sounds like /θ/, /ɹ/ and the vowel pairs no amount of listening had corrected. Free, from the University of Iowa, no account needed. It is a phonetics reference rather than a practice tool: there is no recording, feedback or drilling, and it covers American English (with separate Spanish and German sections).",,,,,,,
speak-english-with-vanessa,Speak English With Vanessa,https://www.speakenglishwithvanessa.com/,english,english,youtube|course,beginner|intermediate|advanced,A2–C1,speaking|listening|vocabulary,freemium,3,comprehensible-input,american-english|speaking,"Everyday American conversation, taught slowly with lots of repetition.","Vanessa films long, warm lessons on real-life situations — small talk, phone calls, understanding fast speech — speaking clearly enough for lower-intermediate learners while still using natural phrasing, and she was still uploading in August 2026. The generous free PDFs that accompany many lessons make it more structured than most YouTube teaching. Paid courses are the business model and are heavily promoted, the pacing is slow if you are already advanced, and the English taught is thoroughly American.",,,,,,,
voa-learning-english,VOA Learning English,https://learningenglish.voanews.com/,english,english,media|website,beginner|intermediate,A2–B2,listening|reading|vocabulary,free,4,graded-reading|comprehensible-input,american-english|news,Daily American news read at reduced speed with a controlled vocabulary.,"News, science and culture stories written with a limited word list and read at about two-thirds of normal speed, each with the full text alongside the audio, plus long-running series like Everyday Grammar and Words and Their Stories. It remains free with no registration and the site was still publishing daily in August 2026. The register is deliberately simplified American English, so it builds comprehension rather than natural idiom, and its YouTube channel has been dormant since 2025 — go to the website rather than the video feed.",,,,,,https://www.youtube.com/@voalearningenglish,
vocabulary-com,Vocabulary.com,https://www.vocabulary.com/,english,english,tool|website,intermediate|advanced,B1–C2,vocabulary|reading,freemium,3,flashcards,vocabulary|american-english,Adaptive vocabulary training with unusually well-written word explanations.,"An adaptive quiz engine that keeps testing you on words in varied contexts until they stick, backed by dictionary entries written as short essays about how a word is really used rather than terse definitions. Building lists from a book or article you are reading and drilling those words is the strongest way to use it. It is aimed largely at American students preparing for standardised tests, so vocabulary skews academic and away from spoken idiom, and serious use of the learner and classroom features needs a subscription.",,,,,,,
write-and-improve,Write & Improve (Cambridge),https://writeandimprove.com/,english,english,tool,beginner|intermediate|advanced,A1–C1,writing|grammar,freemium,2,,writing|cefr,"Submit writing, get instant CEFR-level feedback and marked-up corrections.","Cambridge's own automated marking tool: write to one of hundreds of prompts, and within seconds you get an estimated CEFR level plus sentence-by-sentence highlights of what needs fixing, then resubmit and watch the score move. For a self-studying learner with no teacher, this closes the biggest gap in solo English study — nobody to correct your writing. The feedback is automated, so it flags problems more reliably than it explains them, and richer features and exam-style tasks sit behind the paid tier.",,,,,,,
comprehensible-filipino,Comprehensible Filipino,https://www.youtube.com/@Comprehensible_Filipino,filipino,filipino,youtube,beginner|intermediate,A1–B1,listening|immersion|vocabulary,free,2,comprehensible-input,comprehensible-input,Filipino taught through visual comprehensible input rather than grammar rules.,"A comprehensible-input channel that teaches through pictures, gestures and slowly spoken Filipino instead of explaining rules, which suits learners who bounce off grammar-first material. It was posting new videos in August 2026. The channel is very small — a few hundred subscribers and about two dozen videos — so it is a promising supplement rather than a body of work you can live in.",,,,,,,
comprehensible-tagalog-podcast,Comprehensible Tagalog Podcast,https://tagalogpodcast.com/,filipino,filipino,podcast,beginner|intermediate|advanced,A2–C1,listening|immersion|vocabulary,free,3,comprehensible-input,comprehensible-input,"300+ free episodes of graded Tagalog conversation, from slow beginner to native speed.","Edison Miguel's comprehensible-input podcast is the standout free listening resource for Tagalog: over 300 episodes of real conversation on Filipino topics, graded so that early episodes are slow and heavily scaffolded and later ones approach normal speed. It is entirely free to listen on Spotify, Apple Podcasts and YouTube, and it was still publishing weekly in August 2026. There are no transcripts on the free tier, and the site doubles as a funnel to the host's paid tutoring.",https://podcasts.apple.com/us/podcast/comprehensible-tagalog-podcast/id1782782419,,https://anchor.fm/s/dd20f3cc/podcast/rss,,,,Apple=https://podcasts.apple.com/us/podcast/comprehensible-tagalog-podcast/id1782782419
diksiyonaryo-ph,Diksiyonaryo.ph,https://diksiyonaryo.ph/,filipino,filipino,dictionary|website,intermediate|advanced,B1–C2,reading|vocabulary,free,2,,monolingual,"Monolingual Filipino dictionary — definitions in Filipino, not English glosses.","A free Filipino-to-Filipino dictionary, which is the tool you want once English glosses stop being precise enough and you need to know what a word means in its own language. Working monolingually is also the fastest way to stop translating in your head. Because everything is defined in Filipino it is unusable below roughly B1, and coverage of slang and regional words is thinner than Tagalog.com's bilingual data.",,,,,,,
filipinopod101,FilipinoPod101,https://www.filipinopod101.com/,filipino,filipino,podcast|course|app,beginner|intermediate,A1–B1,listening|vocabulary|grammar|speaking,freemium,4,structured-course,,"The largest structured Tagalog audio course, with transcripts and vocabulary lists.","The most complete set of graded audio lessons for Tagalog, each with a transcript, breakdown and vocabulary list, and the strongest option for building listening comprehension from scratch. The free account and the YouTube channel between them cover a lot of beginner material. As with its sibling sites, navigation is cluttered, the subscription upselling is relentless, and advanced content is sparse — most learners outgrow it around B1.",https://podcasts.apple.com/us/podcast/learn-filipino-filipinopod101-com/id534444478,,https://www.filipinopod101.com/wp-feed-audio-video.php,,,https://www.youtube.com/@FilipinoPod101,
go-filipino-podcast,Go Filipino: Let's Learn Tagalog,https://podcasts.apple.com/us/podcast/go-filipino-lets-learn-tagalog/id1454231080,filipino,filipino,podcast,beginner|intermediate,A1–B1,grammar|listening|speaking,free,2,structured-course|grammar-reference,archive,"55-episode grammar podcast with exercises — adjectives, pronouns, root words, aspect.","Kris Andres works through Tagalog grammar topic by topic with spoken exercises you can do in the car, which makes it one of the few audio resources that actually teaches structure rather than just phrases. All 55 episodes are free. The series ended in late 2022, so nothing new is coming, and audio-only grammar drilling suits some learners much better than others.",https://podcasts.apple.com/us/podcast/go-filipino-lets-learn-tagalog/id1454231080,,https://www.spreaker.com/show/3587556/episodes/feed,,,,Spreaker=https://www.spreaker.com/podcast/go-filipino-let-s-learn-tagalog--3587556
iwanttfc,iWantTFC,https://www.iwanttfc.com/,filipino,filipino,media,intermediate|advanced,B1–C1,listening|immersion|vocabulary,freemium,4,authentic-media,tv|immersion,"ABS-CBN's streaming service: Filipino films and teleseryes, many free with ads.","The main legal way to watch Filipino movies and teleseryes outside the Philippines, with a large free ad-supported tier and English subtitles on much of the catalogue. Drama series are excellent immersion material because the same characters and situations repeat for hundreds of episodes, so comprehension compounds quickly. Expect heavy Taglish, regional accents, and a catalogue that varies by country — some titles are premium-only.",,,,,,,
learn-tagalog-filipino-podcast,Learn Tagalog Filipino (Oliver Villaverde),https://learntagalogfilipino.com/,filipino,filipino,podcast|tutoring,beginner|intermediate,A1–B1,listening|speaking|vocabulary,freemium,2,conversation-practice,,"150+ free podcast episodes on speaking confidently, with optional paid tutor calls.","Oliver Villaverde's long-running podcast focuses on getting learners speaking with native Filipinos rather than on grammar theory, and it passed 150 episodes while still publishing in 2026. The episodes are free; one-to-one voice calls with his tutors are the paid add-on. Delivery is chatty and unstructured, so it complements a systematic course rather than replacing one.",https://podcasts.apple.com/us/podcast/learn-tagalog-filipino/id1438764478,,https://anchor.fm/s/72f5e20/podcast/rss,,,,Apple=https://podcasts.apple.com/us/podcast/learn-tagalog-filipino/id1438764478
learn-tagalog-with-fides,Learn Tagalog with Fides,https://www.youtube.com/@LearnTagalogwithFides,filipino,filipino,youtube,beginner|intermediate,A1–B1,listening|vocabulary|reading,free,2,,archive,"Tagalog lessons subtitled in Tagalog, English and French — useful for reading along.","Fides subtitles her lessons simultaneously in Tagalog, English and French, so you can read what you are hearing and check meaning without pausing — a rare feature and a real help for building the sound-to-spelling link. Around a hundred videos cover conversation and grammar basics. The channel stopped uploading roughly two years ago, so it is a static archive, and the French track is only useful if you read French.",,,,,,,
learning-tagalog,Learning Tagalog (De Vos),https://www.learningtagalog.com/,filipino,filipino,course|book,beginner|intermediate,A1–B1,grammar|speaking|listening|vocabulary,paid,3,structured-course|grammar-reference,,"60-lesson course with audio for all 1,298 phrases, plus a free online grammar reference.","Frederik and Fiona De Vos built the most carefully structured self-study course for Tagalog: 60 lessons of practical spoken language, audio for every one of its 1,298 phrases including slowed versions, exercises with an answer key, and a full grammar reference, sold as an online edition, ebook or print set. The accompanying Essential Tagalog Grammar is readable free on the site and is worth bookmarking even if you never buy the course. The course itself is paid, and the presentation is plain and text-heavy compared with app-style products.",,,,,,,Free grammar=https://www.learningtagalog.com/grammar/
reddit-tagalog,r/Tagalog,https://www.reddit.com/r/Tagalog/,filipino,filipino,community,beginner|intermediate|advanced,,grammar|vocabulary|writing,free,3,,forum,Learner forum where native speakers answer translation and usage questions.,"The busiest English-language forum for Tagalog learners, good for checking whether a sentence sounds natural, untangling verb focus, or asking what a piece of slang from a teleserye meant. Native speakers answer quickly and are frank about when a textbook form is technically correct but nobody says it. Question quality varies, and heritage-speaker threads about family and identity make up a fair share of the posts.",,,,,,,
sbs-filipino,SBS Filipino,https://www.sbs.com.au/language/filipino,filipino,filipino,media|podcast,advanced,B2–C1,listening|reading|vocabulary,free,2,authentic-media,news|native-content,"Daily news and interviews entirely in Filipino, from Australia's multilingual broadcaster.","SBS produces professional Filipino-language news, interviews and features for Australia's Filipino community, published free as daily audio with accompanying articles. It is proper broadcast journalism in Filipino — the natural step up once learner podcasts stop stretching you. Speech is at full native speed with the Taglish code-switching real Filipino media uses, and much of the content is Australia-focused.",https://podcasts.apple.com/us/podcast/sbs-filipino-sbs-sa-wikang-filipino/id161304192,https://open.spotify.com/show/3rR5lMOznzMxL9yaH8bi9c,https://feeds.sbs.com.au/sbs-filipino,https://apps.apple.com/au/app/sbs-audio/id470808084,https://play.google.com/store/apps/details?id=com.thisisaim.yourlanguage,https://www.youtube.com/channel/UCupDOc54HJbIPtgLjhABOZw,
speak-filipino,Speak Filipino,https://www.youtube.com/@SpeakFilipino,filipino,filipino,youtube,beginner|intermediate,A1–B1,grammar|vocabulary|speaking,free,3,grammar-reference,tagalog|archive,"Clear, well-produced Tagalog lessons from a teacher with a large following.","Close to 100,000 subscribers for fewer than 200 videos, which tells you the hit rate is high: focused lessons on verb focus, pronouns and everyday conversation, taught in English with clean production and no padding. It is a good structured complement to a listening-heavy resource. Uploads have paused (most recent around late 2025), so treat it as a finished archive.",,,,,,,
tagalog-com,Tagalog.com,https://www.tagalog.com/,filipino,filipino,dictionary|website|tool|community,beginner|intermediate|advanced,A1–C1,vocabulary|reading|listening|grammar,freemium,4,graded-reading|flashcards,tagalog,"The best Tagalog dictionary, plus a reader, video library and SRS decks in one place.","This is the hub of the Tagalog learning world: a dictionary of roughly 85,000 words with 66,000 native audio clips and 20,000 example sentences showing syllable stress and word-by-word breakdowns, alongside a text reader with click lookups, a daily-updated library of YouTube videos with transcripts, spaced-repetition decks including the well-known 2k frequency deck, and an active learner forum. If you use one Tagalog site, use this one. Much is free with an account, but the deepest dictionary and reader features sit behind a subscription, and the interface is dense rather than elegant.",,,,,,,
tagalog-lang,Tagalog Lang,https://www.tagaloglang.com/,filipino,filipino,website|dictionary,beginner|intermediate,A1–B1,vocabulary|reading|pronunciation,free,3,grammar-reference,tagalog,"Free reference site running since 2002 — phrases, grammar notes and cultural background.","One of the oldest Tagalog sites still standing, with short explanations of words, phrases, pronunciation and grammar points alongside pages on Filipino food, music, literature and idioms. Its stated aim is helping foreigners talk to ordinary Filipinos, so it covers the Taglish and slang that formal courses skip. It is a browsable reference rather than a course — there is no sequencing, and some pages have not been touched in years.",,,,,,,
tagalog-time-with-pat,Tagalog Time with Pat,https://www.youtube.com/@tagalogtimepat,filipino,filipino,youtube,beginner|intermediate,A1–B1,vocabulary|listening|grammar,free,2,,tagalog,"1,100+ short Tagalog videos — one of the deepest free archives, still updated.","Pat has published well over a thousand short videos on vocabulary, phrases and grammar points, and was still posting in mid-2026, making this both a huge back catalogue and a live channel. The bite-sized format is easy to keep up with daily. The flip side of that volume is that nothing is sequenced and the depth per video is shallow, so it works as drilling and exposure rather than as your main course.",,,,,,,
talk-in-filipino,Talk In Filipino,https://talkinfilipino.com/,filipino,filipino,course|website,beginner|intermediate,A1–B1,listening|speaking|grammar|vocabulary,paid,2,structured-course,colloquial-filipino,One-time-payment course of recorded dialogues in everyday spoken Filipino.,"A self-study course sold for a single lifetime fee instead of a subscription, built around recorded conversations in the Filipino people actually speak rather than formal textbook Tagalog. It is one of the few complete paid alternatives to FilipinoPod101. Most of the enthusiastic reviews online come from sites affiliated with the product, and free preview material is limited, so work through the samples before paying.",,,,,,,
talk-tagalog,Talk Tagalog,https://talktagalog.com/,filipino,filipino,website|podcast,beginner|intermediate,A1–B1,grammar|vocabulary|reading,free,2,grammar-reference,archive,Free long-form articles on the Tagalog grammar points that confuse English speakers.,"A free blog that explains the hard parts of Tagalog properly — verb focus and affixes, the ang/ng distinction, ligatures, aspect — at more length and with better examples than most video lessons manage. It is a useful second opinion when one explanation has not clicked. The accompanying podcast stopped after ten episodes in 2020 and new articles are infrequent, so treat the site as a reference archive.",https://podcasts.apple.com/us/podcast/talk-tagalog-learn-tagalog-the-natural-way/id1448370243,,https://talktagalog.com/feed/podcast/,,,https://www.youtube.com/channel/UCSwNmy-4NJZHnJoDQUv1eRg,
talk-to-me-in-tagalog,Talk to Me in Tagalog,https://www.youtube.com/@TalkToMeInTagalog,filipino,filipino,youtube,beginner|intermediate,A1–B1,grammar|vocabulary|listening|speaking,free,3,grammar-reference,tagalog,The largest active Tagalog teaching channel — weekly grammar and phrase lessons.,"With around 165,000 subscribers, nearly 800 videos and near-daily uploads through 2026, this is the busiest free Tagalog channel going. Lessons are pitched at English speakers and work steadily through verb focus, aspect markers, ligatures and the everyday phrases those rules produce. Quality varies across such a large back catalogue and there is no single ordered path, so lean on the playlists rather than the upload feed.",,,,,,,
finnish-essential-grammar,Finnish: An Essential Grammar (Karlsson),https://www.routledge.com/Finnish-An-Essential-Grammar/Karlsson/p/book/9781138821590,finnish,finnish,book,intermediate|advanced,A2–C1,grammar|writing,paid,3,grammar-reference,reference-grammar|routledge,Fred Karlsson's standard English-language reference grammar of Finnish.,"Karlsson, a Helsinki linguist, lays out Finnish phonology, the case and verb systems and sentence structure in English, systematically and with enough examples to actually use. It is the book to reach for when a website explanation leaves you unsure. A reference work with no audio and few exercises — it explains Finnish, it does not teach you to speak it.",,,,,,,
finnish-flow,Finnish Flow,https://www.youtube.com/@FinnishFlow,finnish,finnish,youtube,intermediate,B1–B2,listening|immersion|vocabulary,free,2,comprehensible-input,vlog|immersion|subtitles,"Everyday Finnish vlogs with subtitles, plus Finnish folklore and culture.","Anna films ordinary days — gardening, travelling, making things — speaking natural but unhurried Finnish with subtitles, which gives intermediate learners real speech with a safety net and a genuine reason to keep watching. The folklore and culture videos are a nice change from language-lesson content. Uploads are sporadic and the archive is modest, so it is a supplement rather than a mainstay.",,,,,,,
finnish-with-anna,Finnish with Anna,https://www.youtube.com/@FinnishwithAnna,finnish,finnish,youtube|course,beginner,A1–A2,grammar|vocabulary|pronunciation,free,2,structured-course,free-curriculum|archive,A complete free 55-lesson beginner Finnish course from a qualified teacher.,"Anna, a native speaker with teaching qualifications, worked through the foundations of Finnish in a numbered series covering vowel harmony, cases, verb types and everyday topics — the closest thing to a free structured video course for beginners. The lessons are clear, well paced and still entirely usable. She stopped uploading in 2021, so treat it as a finished course rather than a channel to follow.",,,,,,,
finnish-with-eemeli,Finnish with Eemeli,https://www.finnishwitheemeli.com,finnish,finnish,podcast,intermediate,B1–B2,listening|vocabulary|immersion,free,2,comprehensible-input,finnish-only|intermediate-gap,Finnish-only episodes built as a bridge from beginner to advanced listening.,"Eemeli, a Finn who has spent much of his adult life abroad, speaks only Finnish across a wide range of topics at a pace pitched at the intermediate plateau — explicitly designed to fill the gap between learner audio and native podcasts. Nearly a hundred episodes and still running in 2026. No English, no transcripts on the free tier, and topics jump around rather than building on each other.",https://podcasts.apple.com/us/podcast/finnish-with-eemeli-podcast/id1758528123,https://open.spotify.com/show/66Q7YlnuvK2GsZFoBwecK0,https://feeds.captivate.fm/finnish-with-eemeli/,,,https://www.youtube.com/@FinnishwithEemeli,
finnishcourses-fi,Finnishcourses.fi,https://finnishcourses.fi/,finnish,finnish,website|tutoring,beginner|intermediate|advanced,A1–C1,speaking|listening|grammar,free,1,,finland-residents|course-finder,"Search Finnish courses across the Helsinki metropolitan area, plus online ones.","A free public search service listing Finnish courses in Helsinki, Espoo, Vantaa and Kauniainen by level, schedule and starting point, including the many cheap or free options run by adult education centres, and including online courses open to anyone. If you live in Finland, this is how you find an actual class instead of guessing. It covers only the capital region physically, and it lists courses, not their quality.",,,,,,,
finnished-youtube,Finnished,https://www.youtube.com/@Finnished,finnish,finnish,youtube,beginner|intermediate,A2–B2,listening|pronunciation|speaking,free,2,comprehensible-input,comprehensible-input|spoken-finnish,Learn-by-listening Finnish videos with an emphasis on unblocking speaking.,"A native teacher's channel built around the argument that you learn Finnish by hearing patterns rather than memorising case tables, with episodes on pronunciation habits, spoken-language shortcuts and the beliefs that keep learners silent. Still uploading in 2026 to a substantial audience. The method-and-mindset angle means less systematic grammar coverage than a course, so use it alongside a reference like Uusi kielemme.",,,,,,,
finnishpod101,FinnishPod101,https://www.finnishpod101.com/,finnish,finnish,course|podcast|app,beginner|intermediate,A1–B1,listening|vocabulary|speaking,freemium,3,structured-course,innovative-language|audio-lessons,"The biggest structured audio course for Finnish, still publishing in 2026.","Dialogue-based lessons with transcripts, line-by-line breakdowns, word banks and a spaced-repetition trainer, organised into level pathways — the standard Innovative Language formula applied to a language with few alternatives. The free podcast feed is genuinely usable on its own. Expect relentless upselling, uneven older lessons, and very little above B1.",https://podcasts.apple.com/us/podcast/learn-finnish-finnishpod101-com/id539930693,,https://www.finnishpod101.com/wp-feed-audio-video.php,,,,
helppoa-suomea,Helppoa suomea,https://podcasts.apple.com/us/podcast/helppoa-suomea-learn-finnish-through-comprehensible/id1811107069,finnish,finnish,podcast,beginner|intermediate,A2–B1,listening|vocabulary,free,3,comprehensible-input,comprehensible-input|finnish-only,"Comprehensible-input episodes in easy Finnish, released regularly through 2026.","Aleksi speaks only Finnish, deliberately simplified and slowed, on everyday subjects — the comprehensible-input approach applied to a language where such material barely existed a few years ago. Around 70 episodes so far with new ones arriving steadily. No transcripts and no English support, so pair it with a dictionary habit and expect to re-listen.",https://podcasts.apple.com/us/podcast/helppoa-suomea-learn-finnish-through-comprehensible/id1811107069,,https://anchor.fm/s/1031587f0/podcast/rss,,,,
katchats-finnish,KatChats Finnish,https://www.youtube.com/@KatChatsFinnish,finnish,finnish,youtube,beginner|intermediate,A1–B2,listening|vocabulary|pronunciation,free,2,comprehensible-input,comprehensible-input|slow-finnish,"Slow spoken Finnish filmed around Helsinki, several videos a week.","Kat films short walk-and-talk videos — a park, a restaurant, a dog walk — speaking slow, clear Finnish with subtitles, which turns comprehensible input into something you can watch rather than grind. Uploads have been frequent right through 2026 and the back catalogue is large. It is input practice, not instruction: no grammar syllabus and no exercises.",,,,,,,
kielibuusti,Kielibuusti,https://www.kielibuusti.fi/,finnish,finnish,website|course,beginner|intermediate|advanced,A1–C1,speaking|listening|reading|vocabulary,free,2,structured-course,free-curriculum|work-finnish|government-funded,Finland's national free portal of Finnish learning materials for adults.,"Developed with support from Finland's Ministry of Education and Culture, Kielibuusti gathers free study paths, work-life vocabulary, speaking practice material and guidance for learners, teachers and employers in one place, in Finnish, Swedish and English. It is aimed squarely at adults who moved to Finland for work and need usable language fast. It is a hub, so quality varies by linked resource, and much of the site assumes you are living in Finland.",,,,,,https://www.youtube.com/channel/UCXbePV1dg8LGMI4TLcGxQbQ,
kielitoimiston-ohjepankki,Kielitoimiston ohjepankki,https://kielitoimistonohjepankki.fi/,finnish,finnish,website,intermediate|advanced,B2–C2,writing|grammar,free,2,grammar-reference,usage|writing-aid|kotus,Kotus's searchable answer bank for how to write correct Finnish.,"Short, practical rulings on spelling, punctuation, compound words, name inflection and the hundred small usage questions that come up once you start writing Finnish seriously. It is the resource Finnish editors and journalists actually check. Entirely in Finnish and normative in tone, so it is for writing accuracy rather than learning to speak.",,,,,,,
kielitoimiston-sanakirja,Kielitoimiston sanakirja,https://www.kielitoimistonsanakirja.fi/,finnish,finnish,dictionary,intermediate|advanced,B1–C2,vocabulary|reading|writing,free,4,,monolingual|official|kotus,"The definitive monolingual dictionary of standard Finnish, free from Kotus.","Published by the Institute for the Languages of Finland, this is the authority on what a Finnish word means and how it inflects, with the inflection-class number on every headword — which is exactly the information you need to decline anything correctly. Switching to it from bilingual dictionaries is a milestone worth aiming for. Finnish-only definitions make it impractical much below B1.",,,,,,,
puhutaan-suomea,Puhutaan Suomea,https://www.puhutaan-suomea.net/,finnish,finnish,media|book,beginner|intermediate,A2–B2,reading|listening|vocabulary,freemium,1,graded-reading,graded-reading|easy-finnish,"A magazine and book series in graded easy Finnish, with audio versions.","Articles about Finland, its language and its culture, each tagged easy, medium or difficult and many with audio, plus a catalogue of easy-Finnish books for sale. Graded reading is scarce for Finnish, and having the same source cover three levels lets you climb rather than jump. The free magazine archive is generous; the books and some materials are paid.",,,,,,,
random-finnish-lesson,Random Finnish Lesson,https://randomfinnishlesson.blogspot.com/,finnish,finnish,website|podcast,beginner|intermediate|advanced,A2–C1,reading|listening|grammar|vocabulary,free,3,grammar-reference|comprehensible-input,easy-finnish|teacher-blog,Hanna Männikkölahti's long-running blog and podcast for Finnish learners.,"A private Finnish teacher who has been writing about the language for over a decade, mixing grammar explanations, easy-Finnish reading, book recommendations and a podcast with well over a hundred episodes; both blog and podcast are still active in 2026. Her specialism is easy Finnish, so the material lands well for learners stuck between beginner courses and native content. The blog is unstructured by design — it is a stream of lessons, not a syllabus.",https://podcasts.apple.com/us/podcast/random-finnish-lesson/id1450247829,,https://feeds.soundcloud.com/users/soundcloud:users:86304484/sounds.rss,,,,Podcast=https://podcasts.apple.com/us/podcast/random-finnish-lesson/id1450247829
reddit-learnfinnish,r/LearnFinnish,https://www.reddit.com/r/LearnFinnish/,finnish,finnish,community,beginner|intermediate|advanced,A1–C2,grammar|vocabulary|writing,free,4,,forum|q-and-a|resource-list,Active learner community with a large curated wiki of Finnish resources.,"Native speakers answer grammar and usage questions here, and the subreddit wiki holds one of the most complete resource lists for Finnish anywhere, covering dictionaries, courses, textbooks and university course listings. Useful both for asking and for browsing. Parts of the wiki have not been updated in years, so check that a linked site is still alive before relying on it.",,,,,,,
selkosanomat,Selkosanomat,https://selkosanomat.fi/,finnish,finnish,media|website,beginner|intermediate,A2–B1,reading|listening|vocabulary,free,3,authentic-media,easy-news|selkokieli|audio,"A whole newspaper written in easy Finnish, with audio on every article.","Finland's plain-language newspaper covers domestic news, sport, culture and world affairs in selkokieli, and every article on the site has a 'kuuntele uutinen' audio version. It gives you more variety and more human-interest writing than the Yle bulletin alone. The website is free; the printed paper is a paid subscription that supports the whole operation.",,,,,,,
suomen-mestari,Suomen mestari (Finn Lectura),https://finnlectura.fi/oppimateriaalit/suomi-toisena-kielena/suomen-mestari/,finnish,finnish,book|course,beginner|intermediate,A1–B1,grammar|reading|listening|vocabulary,paid,4,structured-course,textbook|classroom-standard,The textbook series most Finnish courses in Finland actually teach from.,"Finn Lectura's Suomen mestari runs from absolute beginner through B1 across several volumes, with audio and digital materials, and is the default course book in adult Finnish teaching in Finland — volume 3 was revised for 2026. If you want your self-study to line up with what classes and teachers use, start here. It is written to be taught: the exercises assume a teacher and classmates, and the Finnish-only instructions are hard going alone at A1.",,,,,,,
uusi-kielemme,Uusi kielemme (Finnish for Busy People),https://uusikielemme.fi/,finnish,finnish,website|course,beginner|intermediate|advanced,A1–C1,grammar|vocabulary|reading,free,4,grammar-reference,grammar-reference|free-curriculum,650+ articles explaining Finnish grammar and vocabulary in plain English.,"Inge's site is the reference English speakers actually use for Finnish grammar: consonant gradation, all six verb types, the case system and endless vocabulary lists, each explained patiently with examples. The interactive exercises that used to sit behind a points system are now free for everyone. It is a reference rather than a curriculum, so you need a course or teacher to tell you what order to learn things in.",,,,,,,
venla-info,Venla,https://venla.info/,finnish,finnish,course|website,beginner,A1–A2,reading|grammar|vocabulary|pronunciation,free,2,structured-course,free-curriculum|self-study,A free 14-lesson beginner Finnish course with audio and interactive exercises.,"Joni Kärki's site follows a story through fourteen lessons, each introducing essential vocabulary and structures, backed by topic-sorted vocabulary with audio, standalone grammar articles and self-checking exercises. It is small enough to finish, which makes it a good first course before the sprawl of Uusi kielemme. It stops at the basics — there is nothing here beyond roughly A2.",,,,,,,
visk-iso-suomen-kielioppi,VISK – Iso suomen kielioppi,https://kaino.kotus.fi/visk/etusivu.php,finnish,finnish,website|book,advanced,C1–C2,grammar|reading,free,2,grammar-reference,reference-grammar|kotus|academic,"The complete academic grammar of Finnish, published free online by Kotus.","The full text of Iso suomen kielioppi, the 2004 reference grammar of Finnish, with its terminology definitions and search tools, made freely available online by the Institute for the Languages of Finland. When no learner resource can settle a question about Finnish syntax, the answer is in here. It is written in Finnish for linguists and is genuinely difficult — a last-resort reference, not study material.",,,,,,,
yle-areena-finnish,Yle Areena,https://areena.yle.fi/,finnish,finnish,media,intermediate|advanced,B1–C2,listening|immersion,free,4,authentic-media,public-broadcaster|native-content|geo-restricted,"Finland's public-service TV, radio and podcast catalogue, free.","The full Yle catalogue — drama, documentaries, children's programming, radio and hundreds of podcasts — much of it subtitled in Finnish, which is the most effective bridge into spoken Finnish once you have basic grammar. Children's series and the selkosuomi content make usable entry points at B1. A large part of the video catalogue is geo-blocked outside Finland, though much of the audio is not.",,,,https://apps.apple.com/fi/app/yle-areena/id542317657,https://play.google.com/store/apps/details?id=com.yle.webtv,https://www.youtube.com/c/yleareena,
yle-selkouutiset,Yle Uutiset selkosuomeksi,https://yle.fi/selkouutiset,finnish,finnish,media|website,beginner|intermediate,A2–B1,listening|reading|vocabulary,free,4,authentic-media,public-broadcaster|easy-news|selkokieli,Finland's public broadcaster reports the daily news in simplified Finnish.,"A daily news bulletin written and read in selkokieli — short sentences, common words, slower delivery — with the text published alongside the audio so you can read and listen together. Because it covers the same stories as the main news, you get Finland's actual current affairs at a level you can survive. Vocabulary is news vocabulary, so it complements rather than replaces conversational material.",,,,,,,
yle-supisuomea,Supisuomea (Yle),https://yle.fi/a/20-146210,finnish,finnish,course|media,beginner|intermediate,A1–B1,listening|vocabulary|grammar,free,3,structured-course,public-broadcaster|archive|free-curriculum,"Yle's classic free video course in Finnish, still online as an archive.","A public-broadcaster series of short video lessons on everyday situations with accompanying exercises, made for adults learning Finnish and left online free. The filming is visibly dated but the sequencing and the acted dialogues hold up well as listening practice. Note that Yle Kielikoulu, the newer subtitled-video learning service, was shut down in May 2025 — these older archives are what remain.",,,,,,,
1jour1actu,1jour1actu,https://www.1jour1actu.com/,french,french,media|website,intermediate,A2–B1,reading|listening|vocabulary,free,2,authentic-media,news|kids-media|authentic,"French news written for 8–13 year-olds — simple sentences, real current events.","A children's news site with short articles and one-minute explainer videos, which happens to be an excellent level match for A2–B1 adult learners: real French, short sentences, and every jargon term explained. Free on the web (the print magazine is paid). Topics skew towards what French kids care about, so it's a window on French culture as much as a language exercise.",,,,,,https://www.youtube.com/channel/UCLmlUMA_bGiMWWgfDwfNDgw,
alliance-francaise,Alliance Française,https://www.fondation-alliancefr.org/,french,french,course|tutoring|community,beginner|intermediate|advanced,A1–C2,speaking|listening|writing|grammar,paid,4,structured-course,in-person|classes|cultural-centre,"The global network of French cultural centres — real classes with real teachers, worldwide.","Around 800 Alliance Française centres worldwide run in-person and online French courses, host DELF/DALF exam sessions, and lend French books and films to members. The teaching is properly qualified FLE instruction, which is what most self-learners are actually missing. Prices and class quality vary a lot by city, and the timetable commitment is real — check your local centre specifically rather than the umbrella site.",,,,,,https://www.youtube.com/channel/UC0WqZnRYqEGfm0eLWIlsa2A,
bescherelle,Bescherelle,https://www.bescherelle.com/,french,french,book|website,intermediate|advanced,A2–C2,grammar|writing,paid,4,grammar-reference,conjugation|reference|classic,"The French verb bible French schoolchildren grow up with — every verb model, fully tabled.","'Le Bescherelle' is the reference French natives themselves reach for on conjugation, organised by verb model so you can classify any verb you meet. The books are cheap and the brand now covers orthography and grammar too. The website has some free exercises but the value is in the printed volume; as a pure reference it teaches nothing on its own.",,,,,,,
briovocab,BrioVocab,https://briovocab.com/,french,french,app,beginner|intermediate,A1–B2,vocabulary|listening|pronunciation|writing,freemium,1,flashcards,spaced-repetition|illustrated-vocabulary|custom-word-lists,French vocabulary drills with illustrated A1–B2 decks and adaptive spaced repetition.,"BrioVocab combines ready-made illustrated French word sets for CEFR A1–B2 with the option to add your own words. Its drills cover translation, spelling, articles, definitions and listening, while an FSRS-based schedule recalculates individual memory parameters from each learner's review history. It is strongest as a focused vocabulary trainer rather than a complete French course, and its newer app has a much smaller learner community than the established tools here.",,,,https://apps.apple.com/app/id6793255945,https://play.google.com/store/apps/details?id=com.briovocab.googleplay.app,,
coffee-break-french,Coffee Break French,https://coffeebreaklanguages.com/coffeebreakfrench/,french,french,podcast|course,beginner|intermediate|advanced,A1–C1,listening|grammar|speaking|vocabulary,freemium,4,structured-course|audio-method,structured-course|audio-first,"Four seasons of teacher-and-learner audio lessons, absolute beginner to advanced.","The structure is the appeal: Mark teaches, Anna learns and makes the mistakes you'd make, across four clearly-scoped seasons from A1 to advanced idiom. The audio lessons are free on every podcast app; the paid version (£199/$269 per season) adds video, lesson notes and bonus audio. Free-only is a perfectly viable path — you just don't get anything written.",https://podcasts.apple.com/us/podcast/coffee-break-french/id263170419,https://open.spotify.com/show/6YqgG1UezfW9khCvLh8rvw,https://feeds.acast.com/public/shows/47990e88-454b-4e3b-bf78-75a172c33184,,,,
comme-une-francaise,Comme une Française,https://www.commeunefrancaise.com/,french,french,youtube|course,beginner|intermediate,A2–B2,speaking|listening|pronunciation|vocabulary,freemium,3,grammar-reference,spoken-register|culture,"Géraldine Lepère on how French is actually spoken, versus what textbooks taught you.","Weekly free lessons focused on real spoken register, cultural etiquette and the gap between written and spoken French — the stuff that makes learners sound stiff. Best for people who can read French reasonably but freeze in conversation. The paid side (30-Day Challenge at €39, Conversation Club at €69/month) is priced above most competitors, so try the free videos first.",,,,,,,
delf-dalf-france-education-international,DELF / DALF (France Éducation international),https://www.france-education-international.fr/hub/diplomes-tests,french,french,website|tool,beginner|intermediate|advanced,A1–C2,listening|reading|writing|speaking,free,4,,exam-prep|delf|official|assessment,"Official DELF/DALF exam info and free past papers with audio, straight from the source.","The French ministry body that owns the DELF and DALF diplomas publishes sample papers, audio files and marking criteria for every level for free. Even if you never sit the exam, a past paper is the cheapest honest assessment of where you actually are. Sitting the exam itself costs money and must be booked through an approved centre; the site is bureaucratic to navigate.",,,,,,,
duolingo-french-podcast,Duolingo French Podcast,https://podcast.duolingo.com/french,french,french,podcast,beginner|intermediate,A2–B1,listening|vocabulary,free,3,comprehensible-input,storytelling|archive|bilingual-host,True stories told in simple French with an English host bridging the hard parts.,"Real-life narratives from French speakers, with an English-speaking host summarising between segments so you never get lost — the gentlest possible introduction to extended French listening. Duolingo has sunset the podcast, so no new episodes are coming, but the full back catalogue and its transcripts remain free to stream. A finished archive rather than a living show, and still one of the best A2→B1 stepping stones.",https://podcasts.apple.com/us/podcast/duolingo-french-podcast/id1466824259,https://open.spotify.com/show/2Mu5dTlsG1vRE25twu1P2l,https://anchor.fm/s/fb438900/podcast/rss,,,,
easy-french-podcast,Easy French Podcast,https://www.easyfrench.fm/,french,french,podcast,intermediate|advanced,B1–C1,listening|vocabulary|immersion,freemium,3,comprehensible-input,authentic-speech,"Unscripted French conversation between two natives, with transcripts for members.","The audio sibling of the Easy French channel — two hosts chatting naturally about French life, idioms and current events. Because it's unscripted it is markedly harder than InnerFrench; treat it as B1+ listening practice rather than a lesson. Episodes are free, transcripts and vocabulary helpers sit behind the membership.",https://podcasts.apple.com/us/podcast/easy-french-learn-french-through-authentic-conversations/id1624981488,https://open.spotify.com/show/6ymiUbRF2qUuQGqpNsGjFC,https://feeds.fireside.fm/easyfrench/rss,,,https://www.youtube.com/channel/UCoUWq2QawqdC3-nRXKk-JUw,
easy-french-youtube,Easy French (YouTube),https://www.youtube.com/@EasyFrench,french,french,youtube,beginner|intermediate|advanced,A1–C1,listening|vocabulary|immersion,freemium,4,comprehensible-input,authentic-speech|subtitles,"Street interviews with real Parisians, dual French/English subtitles on every clip.","Two formats: unscripted street interviews at native speed and 'Super Easy French' where the hosts slow right down for beginners. The dual-subtitle format lets you watch the same video at whatever level you're at, which makes it unusually reusable. Videos are free; the paid membership adds interactive transcripts, exercises and a Discord community.",,,,,,,
francais-authentique,Français Authentique,https://www.francaisauthentique.com/,french,french,podcast|youtube|course,beginner|intermediate,A2–B2,listening|vocabulary|speaking,freemium,4,comprehensible-input,comprehensible-input|french-only,"Johan Tekfak's long-running French-only listening method, podcast running since 2012.","One of the oldest French-learner podcasts still going, built around the idea that listening a lot to clear, deliberately-paced French beats grammar drilling. Johan explains expressions and everyday vocabulary entirely in French, so it works as a first all-French resource once you're past absolute beginner. Hundreds of free episodes and videos; the 'packs' and academy are paid and marketed fairly heavily.",https://podcasts.apple.com/us/podcast/podcast-francais-authentique/id500549470,,https://francaisauthentique.libsyn.com/rss,,,,
francais-avec-pierre,Français avec Pierre,https://www.francaisavecpierre.com/,french,french,youtube|podcast|course|website,beginner|intermediate|advanced,A1–C2,grammar|listening|vocabulary|pronunciation,freemium,3,grammar-reference|structured-course,grammar|delf,"A career FLE teacher covering A1–C2 grammar, pronunciation and DELF prep.","Pierre has 15+ years teaching French as a foreign language and the catalogue reflects that: methodical grammar explanations, pronunciation work, and exam prep for DELF, DALF, TCF and TEF. Explanations are in French with occasional support, so it suits learners who want to leave English behind early. Free courses and a weekly newsletter exist, but the site funnels hard toward the paid Académie.",https://podcasts.apple.com/us/podcast/learn-french-with-french-podcasts-fran%C3%A7ais-avec-pierre/id972673390,https://open.spotify.com/show/2VzCU0EcAL40Jp85Asg0ss,https://www.francaisavecpierre.com/feed/podcast/,,,https://www.youtube.com/@FrancaisavecPierre,
frantastique,Frantastique,https://www.gymglish.com/en/frantastique,french,french,course|app,beginner|intermediate|advanced,A1–C1,grammar|vocabulary|listening|writing,paid,2,structured-course,spaced-repetition|email-course|gymglish,A daily 10-minute emailed French lesson that adapts to the mistakes you make.,"Gymglish's French course sends one short, story-driven lesson per day by email and adjusts the next one based on what you got wrong, which builds a habit better than most apps. The humour is odd and very French, and you either enjoy it or find it grating. Subscription-only after the trial; the daily-email format means it suits busy adults far more than intensive learners.",,,,https://apps.apple.com/us/app/learn-french-with-frantastique/id614603569,https://play.google.com/store/apps/details?id=com.gymglish.ggmobile,,
french-mornings-elisa,French Mornings with Elisa,https://www.frenchmornings.com/,french,french,youtube|podcast|course,intermediate|advanced,B1–C1,listening|vocabulary|immersion,freemium,2,comprehensible-input,interviews|transcripts,"Interview-format French with guests, plus free transcripts and comprehension exercises.","Elisa interviews French guests on cultural topics, which means you hear more than one accent and speaking style — useful once single-narrator podcasts feel easy. Free transcripts, glossaries and comprehension exercises accompany episodes, with paid structured courses alongside. Difficulty varies noticeably by guest, so expect some episodes to be harder than others.",https://podcasts.apple.com/us/podcast/french-mornings-with-elisa/id1721113418,,https://anchor.fm/s/ef00a2cc/podcast/rss,,,https://www.youtube.com/@FrenchmorningswithElisa,
frenchpod101,FrenchPod101,https://www.frenchpod101.com/,french,french,podcast|course|app,beginner|intermediate|advanced,A1–C1,listening|vocabulary|grammar|pronunciation,freemium,3,structured-course,innovative-language|audio-lessons,"Enormous library of short audio lessons with dialogues, transcripts and flashcards.","Breadth is the selling point: hundreds of lesson-sized audio and video episodes across every level, each with a dialogue, line-by-line breakdown, PDF notes and word lists. Quality varies between series and the site is relentless about upsells and 'sales' that never end. Best used with a cheap annual plan as a supplementary drip of structured material, not as your only course.",https://podcasts.apple.com/us/podcast/learn-french-frenchpod101-com/id278088281,,https://www.frenchpod101.com/wp-feed-audio-video.php,https://apps.apple.com/us/app/frenchpod/id6502172694,https://play.google.com/store/apps/details?id=it.sondo.frpa,,
grammaire-progressive-du-francais,Grammaire progressive du français,https://progressive.cle-international.com/,french,french,book,beginner|intermediate|advanced,A1–C2,grammar|writing|reading,paid,3,grammar-reference|structured-course,textbook|cle-international|self-study,"The standard French grammar workbook series: explanation left page, exercises right page.","CLE International's series is what most serious French courses actually use, split into débutant (A1), intermédiaire (A2/B1), avancé (B1/B2) and perfectionnement (B2/C2) volumes. The rigid left-explains/right-drills layout makes it genuinely usable for self-study, and answer keys are sold separately (buy them). Entirely in French, so a true beginner may want a bilingual grammar alongside the A1 volume.",,,,,,,
innerfrench,InnerFrench,https://innerfrench.com/,french,french,podcast|course|youtube,intermediate|advanced,B1–C1,listening|vocabulary|immersion,freemium,4,comprehensible-input,comprehensible-input|intermediate-plateau,Hugo Cotton's slow-but-real French podcast for breaking the intermediate plateau.,"The single best-known bridge between textbook audio and full-speed French: ~30-minute monologues on culture, history and psychology, spoken clearly at maybe 80% native speed, entirely in French with free transcripts. Podcast and YouTube channel are free; the structured courses (e.g. Build a Strong Core, DELF B1 prep) are paid. Genuinely too hard for A1–A2 beginners — start elsewhere and come here around solid A2/B1.",https://podcasts.apple.com/us/podcast/innerfrench/id1231472946,,https://podcast.innerfrench.com/feed.xml,,,,
journal-en-francais-facile,Journal en français facile,https://francaisfacile.rfi.fr/fr/podcasts/journal-en-fran%C3%A7ais-facile/,french,french,podcast|media,intermediate|advanced,B1–C1,listening|vocabulary,free,3,comprehensible-input,news|daily|transcripts,"RFI's daily 10-minute world news bulletin, read slowly in deliberately simple French.","Broadcast every weekday and published as a podcast immediately after, with a full transcript. Vocabulary is chosen to be accessible but the delivery is still journalistic, so it sits above beginner level — the classic 'daily habit' resource for B1 learners. Free forever, no account needed, and the same 10 minutes every day makes it easy to keep up.",https://podcasts.apple.com/us/podcast/journal-en-fran%C3%A7ais-facile/id1573764973,,https://apis.fle.rfi.fr/products/get_product/fle_getpodcast_by_nid_author_rfi?token_application=applepodcast_fle&program.entrepriseId=WBMZ39-FLE-FR-20220627,,,https://www.youtube.com/channel/UCopVX-f4PuTMnBJP_1R_YOA,
kwiziq-french,Kwiziq French,https://french.kwiziq.com/,french,french,website|course|tool,beginner|intermediate|advanced,A0–C1,grammar|writing|vocabulary,freemium,3,structured-course|grammar-reference,grammar|adaptive|cefr,Adaptive grammar testing that maps exactly which CEFR points you haven't mastered.,"Its 'Brainmap' diagnoses your grammar gaps down to individual points and then feeds you targeted micro-quizzes, which is far more efficient than working through a grammar book front to back. The lesson write-ups (from the Lawless French team) are clear and free to read. It is deliberately narrow — no listening or speaking practice — so pair it with an input-heavy resource.",,,,,,,
larousse-dictionnaire-francais,Larousse Dictionnaire de français,https://www.larousse.fr/dictionnaires/francais,french,french,dictionary|website,intermediate|advanced,B1–C2,vocabulary|reading|writing,free,4,,monolingual|reference,"The classic monolingual French dictionary: 135,000 definitions, free online.","A proper French-to-French dictionary with 90,000 articles, plus synonym/antonym lists and a conjugator for 9,600+ verbs — the point at which you stop translating and start defining words in French. Free and no account needed. Not a beginner tool: definitions assume you already read French comfortably.",,,,,,,
lawless-french,Lawless French,https://www.lawlessfrench.com/,french,french,website,beginner|intermediate|advanced,A1–C1,grammar|vocabulary|reading|pronunciation,free,3,grammar-reference,reference|grammar,Thousands of free grammar and vocabulary pages — the reference you'll keep tabbing back to.,"Laura K. Lawless has been writing French reference material for over two decades and the archive is enormous: grammar lessons, verb tables, pronunciation notes, listening and reading exercises, all free. It's a lookup resource rather than a course — there is no path through it — so use it to answer 'why is it like that?' while learning elsewhere. Design is dated and ad-supported, but the content quality holds up.",,,,,,,
le-conjugueur,Le Conjugueur,https://leconjugueur.lefigaro.fr/,french,french,tool|website,beginner|intermediate|advanced,A1–C2,grammar|writing,free,3,grammar-reference,conjugation|reference,"Type any French verb, get every tense, mood and agreement rule instantly.","Hosted by Le Figaro, this is the fastest way to check a conjugation, including the tenses textbooks skip (passé simple, subjonctif imparfait) and notes on tricky agreements. Also handles reflexive and negative forms and has grammar rule pages alongside. Free and ad-supported; it's a lookup tool, not a learning path.",,,,,,,
le-petit-nicolas,Le Petit Nicolas,https://www.petitnicolas.com/,french,french,book|media,intermediate,B1–B2,reading|vocabulary|immersion,paid,4,authentic-media,authentic-literature|first-novel,Goscinny's schoolboy stories — real French literature that's actually readable at B1.,"Short, funny chapters narrated by a child, which keeps sentences simple and vocabulary concrete while still being authentic native writing rather than a graded reader. It's the traditional first 'real book' for French learners and the audiobooks and animated adaptations make it work for listening too. The playground slang is dated 1960s French, and the humour needs a bit of cultural patience.",,,,,,,
le-robert-dico-en-ligne,Dico en ligne Le Robert,https://dictionnaire.lerobert.com/,french,french,dictionary|website|tool,intermediate|advanced,B1–C2,vocabulary|writing|reading,free,4,,monolingual|reference,"Le Robert's free monolingual dictionary with usage examples, etymology and conjugation.","The main rival to Larousse and arguably better on nuance and register labels, with clear examples of how a word is actually used. It bundles a conjugator, a synonym dictionary and a spell-checker on the same site. Free; a paid Le Robert Correcteur exists but nothing essential sits behind it.",,,,,,,
learn-french-with-alexa,Learn French With Alexa,https://www.youtube.com/@learnfrenchwithalexa,french,french,youtube,beginner,A1–A2,grammar|pronunciation|vocabulary,freemium,3,structured-course,absolute-beginner|english-explanations,Blackboard-style beginner French lessons taught clearly in English.,"Alexa Polidoro teaches basics — verbs, numbers, pronunciation, essential phrases — explained in English, which makes this one of the easier true-beginner starting points before French-only resources become viable. Very structured and repetitive, in a good way, for A1. Explanations stay shallow, so you'll outgrow the channel around A2; the paid course site sells the next tier.",,,,,,,
news-in-slow-french,News in Slow French,https://www.newsinslowfrench.com/,french,french,podcast|course|media,beginner|intermediate|advanced,A1–C1,listening|grammar|vocabulary,paid,3,comprehensible-input,news|graded|transcripts,"Weekly news discussed at reduced speed, with transcripts and a grammar track per episode.","Three parallel tracks (beginner, intermediate, advanced) mean you can stay on the same show as you improve, and each episode bundles a grammar point and an expression of the week. Transcripts and interactive exercises are the real value over free slow-news options. Subscription-only after a 7-day trial, which is hard to justify when RFI's Français Facile covers similar ground free — worth it mainly for the graded structure.",https://podcasts.apple.com/us/podcast/news-in-slow-french-intermediate/id427774337,,https://rss.libsyn.com/shows/30723/destinations/63713.xml,https://apps.apple.com/us/app/linguistica/id1460842051,https://play.google.com/store/apps/details?id=com.linguistica360.linguistica,,
one-thing-in-a-french-day,One Thing In A French Day,https://onethinginafrenchday.podbean.com/,french,french,podcast,intermediate|advanced,B1–C1,listening|vocabulary|immersion,free,2,comprehensible-input,daily-life|long-running,"Three short slices of everyday Paris life a week, narrated in natural French since 2006.","Laetitia Perraut has published over 2,500 episodes since 2006 and still releases three a week — a few minutes each, describing an ordinary moment of her day. The vocabulary is domestic and concrete, which makes it stick, and the short format suits a commute. Delivery is natural-speed native French with no English support, and transcripts are a paid extra.",https://podcasts.apple.com/us/podcast/one-thing-in-a-french-day-stories-from-paris-in-french/id210206924,,https://onethinginafrenchday.podbean.com/feed.xml,,,,
piece-of-french,Piece of French,https://www.pieceoffrench.com/,french,french,youtube|course,beginner|intermediate,A1–B2,listening|vocabulary|immersion,freemium,2,comprehensible-input,comprehensible-input|vlog,"Elsa films everyday French life and narrates it in clear, subtitled French.","Vlog-style comprehensible input — cooking, errands, travel — narrated in French at a manageable pace with French subtitles. A gentler on-ramp than InnerFrench or Easy French because the visuals carry a lot of the meaning. Free YouTube library is substantial; the staged self-paced courses (French Foundations, Video Club, Master Comprehension) are paid and pricing isn't shown until checkout.",,,,,,https://www.youtube.com/@pieceoffrench,
podcast-francais-facile,Podcast Français Facile,https://www.podcastfrancaisfacile.com/,french,french,podcast|website,beginner|intermediate,A1–B1,listening|pronunciation|grammar|reading,free,2,comprehensible-input,dictation|pronunciation|fle,"Free graded dialogues, dictations and pronunciation drills from an FLE teacher.","A no-frills archive built up over many years: short dialogues, dictées, verb-tense audio drills and phonetics exercises, each with the text on the page. Ideal for absolute and early-intermediate learners who want deliberate practice rather than entertainment. Free and ad-supported; the site design is plain and navigation is more list-than-curriculum, so you pick your own path.",,,,,,,
rfi-francais-facile,Le français facile avec RFI,https://francaisfacile.rfi.fr/fr/,french,french,website|podcast|media,beginner|intermediate|advanced,A1–C1,listening|reading|vocabulary,free,3,comprehensible-input,news|transcripts|public-broadcaster,"Public-radio news in simplified French, with synced transcripts and exercises.","RFI's learner platform pairs real international news with a player that shows the transcript as it plays and lets you slow the audio down. Content is graded by level and comes with comprehension and vocabulary exercises added weekly. Entirely free and updated daily — probably the best free listening-plus-reading combination for French, and it doubles as a way to keep up with world news.",,,,,,https://www.youtube.com/channel/UCopVX-f4PuTMnBJP_1R_YOA,
short-stories-in-french,Short Stories in French (Olly Richards),https://storylearning.com/books,french,french,book,beginner|intermediate,A2–B2,reading|vocabulary,paid,3,graded-reading,graded-reader|extensive-reading|storylearning,"Eight genre stories per volume, written to be readable without a dictionary.","Two volumes — Beginners (A2–B1) and Intermediate Learners (B1–B2) — each with eight short stories, bolded glossary words, plot summaries and comprehension questions per chapter. The deliberate vocabulary control means you can read a whole chapter without stopping, which is the point. Story quality is functional rather than literary; treat it as reading-fluency training, not literature.",,,,,,,
tv5monde-apprendre,Apprendre le français avec TV5MONDE,https://apprendre.tv5monde.com/,french,french,website|media|course,beginner|intermediate|advanced,A1–B2,listening|reading|vocabulary|grammar,free,3,comprehensible-input|authentic-media,video|public-broadcaster|tcf,"4,000 free exercises built on real TV5MONDE reports, music videos and film clips.","A public-broadcaster project running since 1996: every exercise set is attached to an actual broadcast clip, graded A1–B2, with teacher worksheets available too. It also has free TCF exam simulators that mirror real test conditions. Completely free with progress syncing across web and app; the interface is a bit institutional but the material is authentic and huge.",,,,https://apps.apple.com/us/app/le-fran%C3%A7ais-avec-tv5monde/id1482250598,https://play.google.com/store/apps/details?id=com.tv5monde.apprendre,,
authentic-german-learning,Authentic German Learning,https://www.youtube.com/@AuthenticGermanLearning,german,german,youtube,intermediate|advanced,B1–C1,listening|immersion|vocabulary,free,2,comprehensible-input,comprehensible-input|german-only,"Comprehensible-input German: stories and monologues, no English, no grammar lectures.","Mark Weber's channel applies the comprehensible-input philosophy to German — extended natural speech on everyday topics, pitched just above your comfort level, with no translation crutch. Good for learners who've done the grammar and now need volume of listening. Free; the upload pace has slowed considerably, so treat it as a strong archive rather than a weekly show.",,,,,,,
cafe-in-berlin-dino-lernt-deutsch,Café in Berlin (Dino lernt Deutsch),https://books.learnoutlive.com/learn-german-with-stories-cafe-in-berlin-10-short-stories-for-beginners/,german,german,book,beginner|intermediate,A2–B1,reading|vocabulary,paid,2,graded-reading,graded-reader|extensive-reading|learnoutlive,"Ten short stories about a Sicilian adrift in Berlin, written for A2 readers.","André Klein's Dino lernt Deutsch series is the best-known German graded-reader set, and this first volume is genuinely enjoyable rather than dutiful — Berlin flatshares, bad jobs, awkward romance. Each chapter has a German-English glossary and comprehension questions, with audiobook versions available. Vocabulary is deliberately narrow, so it's training wheels for reading, not authentic German prose.",,,,,,,
coffee-break-german,Coffee Break German,https://coffeebreaklanguages.com/coffeebreakgerman/,german,german,podcast|course,beginner|intermediate,A1–B2,listening|grammar|speaking|vocabulary,freemium,3,structured-course|audio-method,structured-course|audio-first,Teacher-and-learner audio lessons that walk you from zero through German cases.,"Mark teaches and a learner asks the questions you'd ask, which is unusually effective for German's case system because you hear the confusion articulated before the answer. Free podcast audio covers the whole sequence; the paid course adds video, lesson notes and bonus material at a few hundred pounds per season. Fewer seasons than the French edition, so it thins out above B1.",https://podcasts.apple.com/us/podcast/coffee-break-german/id595399272,,https://feeds.acast.com/public/shows/0c3c53a1-180f-435a-9453-cec3883b4ada,,,,
deutsch-mit-benjamin,Deutsch mit Benjamin,https://www.youtube.com/@Deutschmitbenjamin,german,german,youtube,intermediate|advanced,B1–C1,grammar|listening|vocabulary,freemium,2,grammar-reference,grammar|german-only|advanced,"German grammar taught in German, aimed squarely at B1–C1 learners.","Benjamin teaches entirely in clear German, covering the harder end of the grammar syllabus — Konjunktiv, passive constructions, Nebensätze, connectors — which is exactly where free resources usually stop. Doubles as listening practice because the medium is the language. Free on YouTube with paid courses alongside; the all-German delivery rules it out below roughly B1.",,,,,,,
deutschakademie-online,DeutschAkademie Online-Deutschkurs,https://www.deutschakademie.de/online-deutschkurs/,german,german,website|course|tool,beginner|intermediate|advanced,A1–C1,grammar|vocabulary|writing,free,2,grammar-reference,grammar-drills|free-exercises,"25,000+ free German grammar exercises, sortable by topic, level, or textbook chapter.","A free grammar drill machine covering 150+ topics A1–C1, with the unusual feature that you can filter exercises by the textbook and chapter you're using in class. No account required, no ads, instant correction. It's pure drilling — dry, no explanations to speak of — so bring your grammar understanding from elsewhere and use this to automate it.",,,,,,,
deutschlernerblog,Deutschlernerblog,https://deutschlernerblog.de/,german,german,website,beginner|intermediate|advanced,A1–C1,grammar|vocabulary|reading|listening,free,2,,free-exercises|exam-prep|german-only,"A huge free German-teacher blog: exercises, word lists, exam prep, all levels.","Written by a German teacher, this is one of the largest free German learning sites in German: level-sorted exercises, thematic vocabulary lists, listening tasks, Wortschatz-Bilder and prep material for Goethe and telc exams. Everything is free and there's no funnel to a paid product. Organisation is blog-shaped rather than curricular, so use the level tags and search rather than trying to read it in order.",,,,,,,
dict-cc,dict.cc,https://www.dict.cc/,german,german,dictionary|website|app,beginner|intermediate|advanced,A1–C2,vocabulary|reading|writing,free,4,,german-english|crowdsourced|offline,Community-built German-English dictionary that knows idioms and regional usage.,"Nearly 40,000 volunteer contributors have made this the go-to German-English dictionary for exactly the phrases Google Translate mangles — compounds, idioms, technical terms, Austrian and Swiss variants. Every entry shows gender, plural and usage tags, and there's an offline mobile app. Free; the crowdsourced nature occasionally shows in odd or unverified entries, so cross-check anything surprising.",,,,https://apps.apple.com/us/app/dict-cc-dictionary/id327732352,https://play.google.com/store/apps/details?id=cc.dict.dictcc,,
duden-online,Duden online,https://www.duden.de/,german,german,dictionary|website|tool,intermediate|advanced,B1–C2,vocabulary|writing|grammar,freemium,5,,monolingual|reference|authority,"The authority on German spelling and usage — monolingual definitions, free online.","Duden is what settles arguments about German spelling and grammar, and the online dictionary gives you definitions in German with declension tables, register labels, synonyms and etymology. Switching to it from a bilingual dictionary is a real milestone around B1. Core lookup is free; the Duden-Mentor writing corrector and some premium content are paid.",,,,,,,
dw-langsam-gesprochene-nachrichten,Langsam gesprochene Nachrichten,https://learngerman.dw.com/de/langsam-gesprochene-nachrichten/s-2703,german,german,podcast|media,intermediate|advanced,B1–C1,listening|reading|vocabulary,free,3,comprehensible-input|authentic-media,news|daily|transcripts|deutsche-welle,"DW's daily news bulletin read slowly and clearly, with the full transcript published.","Real DW news copy, unsimplified in vocabulary but delivered at a deliberate pace, with a manuscript you can read along or check afterwards. Because the words aren't dumbed down it builds genuine news vocabulary, which makes it a natural next step after graded material. Free, daily, and there's a normal-speed version of the same bulletin to test yourself against.",https://podcasts.apple.com/us/podcast/langsam-gesprochene-nachrichten-audios-dw-deutsch-lernen/id282930329,,https://rss.dw.com/xml/DKpodcast_lgn_de,,,,
dw-learn-german,DW Learn German,https://learngerman.dw.com/,german,german,course|website|media,beginner|intermediate|advanced,A1–C1,listening|reading|grammar|vocabulary,free,4,structured-course,public-broadcaster|free-curriculum|deutsche-welle,"Germany's public broadcaster gives away a full A1–C1 German curriculum, free.","Deutsche Welle publishes complete graded courses, placement tests, vocabulary trainers, Deutschtrainer clips and news formats like Top-Thema — all free, no ads, no upsell, available in dozens of interface languages. In terms of value per euro nothing else in German learning is close. The interface is dense and it's easy to wander rather than follow a path, so pick one course track and stick to it.",,,,,,,
easy-german-podcast,Easy German Podcast,https://www.easygerman.org/podcast,german,german,podcast,intermediate|advanced,B1–C1,listening|vocabulary|immersion,freemium,3,comprehensible-input,authentic-speech|conversation,"Cari and Manuel talking unscripted German three times a week, transcripts for members.","Two hosts discussing German life, language questions and current events at a natural but considerate pace — the closest thing to eavesdropping on real conversation with a safety net. Because it's unscripted it is harder than any 'slow German' show; B1 is a realistic floor. Free to listen; transcripts, vocabulary helpers and bonus segments are behind the membership.",https://podcasts.apple.com/us/podcast/easy-german-learn-german-with-native-speakers-deutsch/id1482297423,https://open.spotify.com/show/2rnCPyV8A9J80QtmGj2pAx,https://proxyfeed.svmaudio.com/feeds/easygerman/feed.xml,,,,
easy-german-youtube,Easy German (YouTube),https://www.youtube.com/@EasyGerman,german,german,youtube,beginner|intermediate|advanced,A1–C1,listening|vocabulary|immersion,freemium,4,comprehensible-input,authentic-speech|subtitles,"Street interviews with real Germans, dual German/English subtitles on every video.","The flagship of the genre: unscripted interviews at native speed plus 'Super Easy German' episodes where the hosts slow down for beginners, all dual-subtitled so the same video works at several levels. It's the fastest cure for the shock of real German after textbook audio. Videos are free; membership adds interactive transcripts, exercises and a Discord community.",,,,,,,
expertly-german,Expertly German,https://www.youtube.com/@expertlygerman,german,german,youtube|podcast,intermediate|advanced,B1–C1,listening|vocabulary|immersion,free,2,comprehensible-input,comprehensible-input|german-only,"Slow, clear German monologues on culture and daily life, no English used.","Comprehensible input for the awkward B1 stage: topics are substantial enough to be interesting, delivery is slow enough to follow, and everything stays in German. Works well as podcast-style background listening once you can handle a few minutes without subtitles. Free; a small operation, so the catalogue is modest compared with Easy German.",https://podcasts.apple.com/us/podcast/learn-german-deutsch-lernen-expertlygerman-podcast/id1610563879,,https://anchor.fm/s/2a5bbf9c/podcast/rss,,,,
german-with-laura,German with Laura,https://germanwithlaura.com/,german,german,course|website,beginner|intermediate,A1–B1,grammar|writing,freemium,2,grammar-reference|structured-course,grammar|cases|declension,"Deep, systematic explanations of German cases, gender and adjective endings.","Laura Bennett's whole premise is explaining the grammar machinery that apps skip — declension tables, the logic of the four cases, why adjective endings change — in a way that finally makes it click. Excellent for analytical learners who are stuck because nobody explained the system. Nothing here for listening or speaking, and the full German Foundations program is a substantial paid purchase; the free intro mini-course shows the style.",,,,,,https://www.youtube.com/@GermanwithLaura,
germanpod101,GermanPod101,https://www.germanpod101.com/,german,german,podcast|course|app,beginner|intermediate|advanced,A1–C1,listening|vocabulary|grammar|pronunciation,freemium,3,structured-course,innovative-language|audio-lessons,"Hundreds of bite-sized audio lessons with dialogues, line-by-line notes and flashcards.","The German entry in the Innovative Language catalogue: every lesson pairs a short dialogue with a breakdown, PDF notes and word lists, spanning absolute beginner to advanced. Useful as a steady supplementary drip rather than a spine, and the perpetual-sale marketing is exhausting. Quality is uneven between series — sample the free lessons before committing to a plan.",https://podcasts.apple.com/us/podcast/learn-german-germanpod101-com/id275948755,,https://www.germanpod101.com/wp-feed-audio-video.php,,,,
goethe-institut-courses,Goethe-Institut German courses,https://www.goethe.de/en/spr/kup.html,german,german,course|tutoring|community,beginner|intermediate|advanced,A1–C2,speaking|listening|writing|grammar,paid,4,structured-course,official|classes|goethe-zertifikat|certification,Official German courses and certificates from Germany's state cultural institute.,"The Goethe-Institut runs in-person and online German courses worldwide and issues the Goethe-Zertifikat, the certificate most widely recognised by German employers, universities and immigration authorities. Teaching is professionally qualified and the exam pathway is unambiguous. It is among the most expensive options, and availability and scheduling vary a lot by country — check your local institute rather than the global site.",,,,,,,
goethe-institut-deutsch-ueben,Goethe-Institut — Deutsch üben,https://www.goethe.de/en/spr/ueb.html,german,german,website|course|community,beginner|intermediate|advanced,A1–C2,listening|reading|grammar|vocabulary,free,3,,official|exam-prep|goethe-zertifikat,"Free practice material, apps and exam papers from Germany's official cultural institute.","The Goethe-Institut publishes 260+ free exercises through its 'Deutsch für dich' community, plus learner apps, films, and — most valuable — complete practice papers with audio for every Goethe-Zertifikat level. If you're aiming at an official certificate, these are the definitive prep materials. The site is a sprawl of regional subsites, so bookmark the specific page you need; actual courses and exams are paid.",,,,,,,
grammatik-aktiv,Grammatik aktiv (Cornelsen),https://www.cornelsen.de/reihen/grammatik-aktiv-deutsch-als-fremdsprache-120002420000,german,german,book,beginner|intermediate|advanced,A1–C1,grammar|writing|listening,paid,3,grammar-reference|structured-course,textbook|self-study|cornelsen,"The self-study German grammar workbook: rule on the left page, exercises on the right.","Cornelsen's series covers A1–B1 in one volume and B2–C1 in another, with 85 short chapters, visual explanations, level-appropriate vocabulary and audio/video accessible free via the PagePlayer app. The layout is built for working alone, and answer keys are included. Written in German throughout, so absolute beginners will want an English-language grammar alongside the first chapters.",,,,,,,
hammers-german-grammar,Hammer's German Grammar and Usage,https://www.routledge.com/Hammers-German-Grammar-and-Usage/Durrell/p/book/9781138853065,german,german,book,advanced,B2–C2,grammar|writing|reading,paid,2,grammar-reference,reference-grammar|academic|advanced,"The definitive English-language reference grammar of German, for when you need the real rule.","Martin Durrell's Hammer is what university German departments use: exhaustive, precise, with attested examples and explicit notes on register and regional variation. It answers the edge cases every learner grammar waves away. It is a reference, not a course — dense, expensive, and useless for practice, so buy it only once you're past B1 and the shallow explanations have started failing you.",,,,,,,
learn-german-easily,Learn German Easily,https://learn-german-easily.com/,german,german,website|podcast,beginner|intermediate,A1–B1,listening|reading|grammar|vocabulary,free,2,comprehensible-input|graded-reading,stories|audio|free-reading,"Free graded German stories with audio, transcripts and grammar notes.","A quietly good free library of short stories and dialogues at A1–B1, each with slow audio, the full text, and a grammar or vocabulary point drawn out afterwards. The 'story plus explanation' pattern is what most free sites get wrong and this one gets right. Free and ad-light; the site is small and updates rarely, so treat it as a finished collection to work through.",,,,,,,
leo-org,LEO German-English Dictionary,https://dict.leo.org/,german,german,dictionary|website|community,beginner|intermediate|advanced,A1–C2,vocabulary|reading|writing,free,4,,german-english|forums|reference,Long-established German dictionary whose forums answer the questions dictionaries can't.,"LEO's real advantage over dict.cc is the discussion forum attached to entries: for any ambiguous word there's usually a thread where native speakers argue out the nuance, which is often more useful than the entry itself. Includes conjugation and declension tables and audio pronunciation. Free and ad-supported, with an interface that hasn't changed much in years.",,,,,,,
lingoni-german,Lingoni German,https://lingoni.com/,german,german,course|youtube|app,beginner|intermediate,A1–B2,listening|grammar|vocabulary|pronunciation,freemium,2,structured-course,cefr-tagged|worksheets,Level-tagged video lessons A1–B2 with matching worksheets and exercises.,"Formerly Learn German with Jenny — a large library of short videos explicitly tagged by CEFR level, each with a downloadable worksheet, so you can work through a level systematically instead of grazing. A big free YouTube presence funnels into the paid platform (€49 for 3 months, €89 for a year, €229 lifetime). The site now also offers French and English, but German is where the depth is.",,,,,,,
logo-zdf,logo! (ZDF),https://www.zdf.de/kinder/logo,german,german,media,intermediate,A2–B1,listening|vocabulary,free,3,authentic-media,news|kids-media|authentic|public-broadcaster,"Germany's children's news show — real news, simple sentences, every term explained.","ZDF's daily 10-minute news programme for kids happens to be an ideal A2–B1 listening resource: clear articulation, short sentences, and background explainers for anything complicated. Free to stream from the ZDF Mediathek with German subtitles available. Some episodes are geo-restricted outside Germany, and the framing is aimed at children, which not everyone finds tolerable.",,,,,,https://www.youtube.com/@logo-nachrichten,
menschen-hueber,Menschen (Hueber),https://www.hueber.de/reihe/menschen,german,german,book|course,beginner|intermediate,A1–B1,speaking|listening|reading|grammar,paid,3,structured-course,textbook|classroom|hueber,"One of the standard German classroom coursebooks, A1–B1, used across Germany.","If you take a German course in Germany there's a good chance it uses Menschen or its Hueber sibling Schritte — communicative, image-heavy, with a Kursbuch/Arbeitsbuch split, audio and video. Buying the pair lets a self-learner follow the same syllabus a real class would. It genuinely assumes a teacher and classmates for the speaking activities, so half the book underdelivers if you're alone.",,,,,,,
nachrichtenleicht,Nachrichtenleicht,https://www.nachrichtenleicht.de/,german,german,media|website|podcast,beginner|intermediate,A2–B1,reading|listening|vocabulary,free,2,comprehensible-input,news|leichte-sprache|public-broadcaster,"Deutschlandfunk's weekly news in Leichte Sprache — short sentences, one idea each.","Public radio's plain-language news service, originally for readers with cognitive disabilities, which makes it an unusually clean A2–B1 reading resource: very short sentences, a glossary for every difficult word, and audio for each article. Free and genuinely current. Coverage is a weekly digest rather than daily, and the deliberate simplicity means it won't stretch you past B1.",https://podcasts.apple.com/us/podcast/nachrichtenleicht-die-nachrichten-in-einfacher-sprache/id1456279684,https://open.spotify.com/show/54SpUsXkAvg4mrvw8qcKVb,https://www.deutschlandfunk.de/podcast-nachrichtenleicht-der-wochenrueckblick-in-einfacher-sprache-100.xml,,,,
nicos-weg,Nicos Weg,https://learngerman.dw.com/de/nicos-weg/c-36519789,german,german,course|media,beginner|intermediate,A1–B1,listening|grammar|vocabulary|reading,free,4,structured-course|comprehensible-input,video-course|story-driven|deutsche-welle|free-curriculum,"A free A1–B1 German course told as a drama series, with exercises after every scene.","DW's flagship course follows Nico, a young Spaniard newly arrived in Germany, through a proper filmed storyline; each episode is followed by vocabulary, grammar and listening exercises. The narrative pull makes it far easier to keep going than a textbook, and it covers A1 through B1 completely. Free with an optional account for progress tracking — the single best starting point for a new German learner.",,,,,,,
radio-d,Radio D,https://learngerman.dw.com/de/radio-d/c-55070858,german,german,podcast|course,beginner,A1–A2,listening|vocabulary|grammar,free,2,structured-course|audio-method,audio-drama|deutsche-welle|beginner-course,"A 52-episode audio radio drama teaching German from scratch, with printed manuscripts.","DW's classic beginner audio course follows two journalists through a light mystery plot while a narrator explains vocabulary and grammar in English between scenes. Being audio-first makes it usable while commuting, which is rare for true-beginner material. Free with downloadable manuscripts and worksheets; it's an older production and sounds it, but the pedagogy is solid.",https://podcasts.apple.com/us/podcast/radiod/id1885853715,,,,,,
seedlang,Seedlang,https://seedlang.com/,german,german,app|tool,beginner|intermediate,A1–B1,speaking|listening|vocabulary|grammar,freemium,2,flashcards,spaced-repetition|video-flashcards|easy-german,Video flashcards of real Germans answering — spaced repetition with actual faces.,"Built with the Easy German team, Seedlang replaces text flashcards with short videos of native speakers, so you drill vocabulary and sentence patterns against real pronunciation and gesture. It also has structured grammar decks and Easy German episode tie-ins. German-only in practice, and the free tier is limited enough that you'll hit the paywall quickly if you use it daily.",,,,https://apps.apple.com/us/app/learn-german-with-seedlang/id1521550965,https://play.google.com/store/apps/details?id=com.seedlang.mobile.android.all,,
slow-german-annik-rubens,Slow German mit Annik Rubens,https://slowgerman.com/,german,german,podcast,intermediate|advanced,B1–C1,listening|vocabulary|immersion,freemium,3,comprehensible-input,culture|long-running|slow-speech,"Clearly-spoken monologues about German life and culture, running since 2007.","Annik Rubens is a professional journalist and it shows — episodes are well-written short essays on German society, history and everyday habits, read slowly and distinctly. Still publishing in 2026 with 320+ episodes in the archive. Free to listen; the premium tier adds PDFs, transcripts, exercises and a separate 'Absolute Beginners' course series.",https://podcasts.apple.com/us/podcast/slow-german/id1085828103,https://open.spotify.com/show/1LjZv4vFFBWfFPH8bHczGb,https://slowgerman.com/feed/podcast/?redirect=no,,,https://www.youtube.com/@slowgermanpodcast,
sprakuko,Sprakuko,https://www.youtube.com/@Sprakuko,german,german,youtube,beginner|intermediate,A1–B2,grammar|vocabulary|listening,free,1,grammar-reference,grammar|animated|visual,"Animated German grammar explainers, short and visual, taught in simple German.","Sprakuko's animated whiteboard style suits German's structural topics — case tables, word order, verb position — where seeing the sentence rearrange is worth more than hearing it described. Videos are short and taught in slow, simple German with on-screen text. Free with a large back catalogue; there's no coursework or practice attached, so pair it with a drilling site like DeutschAkademie.",,,,,,,
tagesschau-100-sekunden,Tagesschau in 100 Sekunden,https://www.tagesschau.de/100sekunden,german,german,media,advanced,B2–C2,listening|vocabulary,free,3,authentic-media,news|native-speed|public-broadcaster,Full-speed German news in 100 seconds — the daily benchmark for advanced listening.,"Unmodified broadcast German at natural speed, but only 100 seconds long, which makes it a realistic daily habit and an honest gauge of how far you've come. Free from ARD with no account. There is no learner scaffolding whatsoever — no glossary, no slowdown — so this belongs after Langsam gesprochene Nachrichten, not instead of it.",,,,https://apps.apple.com/de/app/tagesschau-nachrichten/id401644893,https://play.google.com/store/apps/details?id=de.tagesschau,,
verbformen,Verbformen.de,https://www.verbformen.de/,german,german,tool|website,beginner|intermediate|advanced,A1–C2,grammar|writing,free,2,grammar-reference,conjugation|declension|reference,"Full conjugation of any German verb, plus noun declension and printable trainers.","Enter a verb in any form and get every tense, mood, imperative and participle, with the separable-prefix and irregular forms clearly marked — the specific things that trip learners up in German. It also declines nouns and adjectives and generates printable worksheets. Free, ad-supported, and purely a reference tool with no teaching around it.",,,,,,,
your-german-teacher,YourGermanTeacher,https://www.youtube.com/yourgermanteacher,german,german,youtube,beginner|intermediate,A1–B2,grammar|vocabulary|listening,free,2,grammar-reference,grammar|teacher-led,Two qualified German teachers untangling grammar and commonly-confused words.,"Luzi and Johannes have taught German as a foreign language for over a decade and the channel reflects classroom experience: A1–B2 grammar explained carefully, plus the word-pair confusions (kennen/wissen, legen/liegen) learners actually hit. Entirely free with 260+ videos. Presentation is plain talking-head teaching — reliable rather than exciting.",,,,,,,
yourdailygerman,YourDailyGerman,https://yourdailygerman.com/,german,german,website,intermediate|advanced,A2–C1,grammar|vocabulary|reading,freemium,3,grammar-reference,word-formation|deep-dives|prefixes,"Long, funny deep-dives into German word families and the grammar nobody explains well.","Emanuel writes essay-length pieces tracing how a German prefix or word family actually works — why 'aufmachen', 'ausmachen' and 'anmachen' mean what they mean — with jokes and exercises attached. For learners who want the underlying logic rather than a table, it's the best free German writing online. Most articles are free with a membership for exercises and archives; posts are long and the tone is chatty, which isn't for everyone.",,,,,,,
cooljugator-greek,Cooljugator — Greek,https://cooljugator.com/gr,greek,greek,tool,beginner|intermediate,A1–B2,grammar|writing,free,2,,conjugation,Free Modern Greek verb conjugator with English glosses for each form.,"Enter a Greek verb and get the full paradigm — tenses, aspects, moods and persons — with an English gloss beside each form, which makes the aorist/imperfective distinction much easier to see than a textbook table does. Free and needs no account. It is a lookup tool only: it will not explain why Greek splits aspect the way it does, so pair it with a grammar when the pattern rather than the form is what's confusing you.",,,,,,,
easy-greek,Easy Greek,https://www.easygreek.fm/,greek,greek,podcast|youtube,intermediate|advanced,B1–C1,listening|vocabulary|immersion,freemium,4,comprehensible-input,comprehensible-input|street-interviews,"Unscripted Greek conversations and street interviews, subtitled in Greek and English.","Dimitris and Marilena's weekly podcast passed 280 episodes and was still publishing in August 2026, alongside a YouTube channel that films real people answering questions on the street — both subtitled in Greek and English. It is the best available bridge from textbook Greek to how Greeks actually talk, including slang and swallowed syllables. Episodes and videos are free; transcripts, vocabulary lists and the interactive transcript player come with membership. Genuinely hard below B1.",https://podcasts.apple.com/us/podcast/easy-greek-learn-greek-with-authentic-conversations/id1547810263,https://open.spotify.com/show/57L2pnJzMpqRWzNn8tdvdX,https://feeds.fireside.fm/easygreek/rss,,,https://www.youtube.com/@EasyGreekVideos,
ellinomatheia-certification,Πιστοποίηση Ελληνομάθειας (Certificate of Attainment in Greek),https://www.greek-language.gr/certification/,greek,greek,website|tool,beginner|intermediate|advanced,A1–C2,reading|writing|listening|speaking,free,3,,exam-prep|official,"Official Greek proficiency exam site, with free past papers and a graded text bank.","The Centre for the Greek Language runs the state Certificate of Attainment in Modern Greek, the qualification recognised for Greek universities and public-sector posts. The site publishes past exam papers and audio for every level plus a searchable bank of texts graded by level, which is useful for self-assessment even if you never sit the exam. The material is free; only the exam itself costs money, and the site is almost entirely in Greek.",,,,,,,
ellinopoula,Ellinopoula,https://www.ellinopoula.com/,greek,greek,app|course,beginner|intermediate,A1–B1,reading|vocabulary|listening|pronunciation,paid,2,structured-course|gamified,for-kids|diaspora,"Game-based Greek e-learning for children, built around mythology and culture.","An e-learning platform aimed at children of the Greek diaspora: interactive games, animated videos, quizzes and speech-recognition pronunciation practice, sequenced by age and level and aligned with Greek Ministry of Education material, with optional live classes and parent progress tracking. It is the strongest option if you are raising children with Greek rather than studying it yourself. Subscription-based with a free trial; adult learners will find the framing and pace unsuitable.",,,,,https://play.google.com/store/apps/details?id=ellinopoula.com.ellinopoulapremium,https://www.youtube.com/channel/UCorbM5Z-P-YQarffxWP233Q,
ertflix,ERTFLIX,https://www.ertflix.gr/,greek,greek,media,advanced,B2–C2,listening|immersion,free,3,authentic-media,tv|immersion,"Greek public broadcasting's free streaming catalogue of series, film and documentary.","ERT's streaming platform carries its drama series, documentaries, children's programming and archive material at no cost, which makes it the obvious source of long-form native Greek once subtitled learner content stops stretching you. Registration is free. Two caveats: availability of individual titles varies by country, so check what actually plays from where you are, and Greek subtitles are inconsistent across the catalogue — plan on listening without a safety net.",,,,,,,
filoglossia,Filoglossia,http://www.xanthi.ilsp.gr/filog/,greek,greek,course,beginner,A1–A2,listening|reading|vocabulary|pronunciation,free,2,structured-course,archive|free-course,Free multimedia beginner course from Greece's language-technology institute.,"Built by ILSP (the Institute for Language and Speech Processing) as public-funded courseware, Filoglossia teaches beginner Greek through dialogues with audio, vocabulary and exercises, entirely free with no registration. It is still one of very few complete free beginner courses for Modern Greek. The catch is its age — the material dates from 2001–2009 and the frame-based interface looks and behaves accordingly — but the content itself remains sound.",,,,,,,
greek-comprehensive-grammar,Greek: A Comprehensive Grammar of the Modern Language,https://www.routledge.com/Greek-A-Comprehensive-Grammar-of-the-Modern-Language/Holton-Mackridge-Philippaki-Warburton-Spyropoulos/p/book/9780415592024,greek,greek,book,advanced,B2–C2,grammar|reading|writing,paid,3,grammar-reference,reference-grammar,"Holton, Mackridge and Philippaki-Warburton's standard reference grammar of Modern Greek.","The definitive English-language description of Modern Greek, covering the whole verb system, clitics, mood and aspect, and register variation, with copious real examples. It is what you consult when a course book's rule doesn't account for what you're reading. Strictly a reference — organised by structure, not sequenced for study — and priced accordingly. Most learners should start with the same authors' shorter 'Greek: An Essential Grammar' and only graduate to this one.",,,,,,,
greek-essential-grammar,Greek: An Essential Grammar,https://www.routledge.com/Greek-An-Essential-Grammar/Holton-Mackridge-Philippaki-Warburton-Georgiafentis/p/book/9781138930681,greek,greek,book,beginner|intermediate,A2–B2,grammar|writing|reading,paid,2,grammar-reference,reference-grammar,"The compact companion grammar — short chapters, clear rules, worth having early.","The same team's condensed grammar, written for learners rather than linguists: short chapters, plain explanations and the essential paradigms, without the exhaustive coverage that makes the comprehensive volume slow to search. This is the reference to buy alongside whatever course you use, from around A2 onward. It deliberately omits edge cases and gives no exercises, so it complements a course rather than replacing one.",,,,,,,
greek-language-portal,Πύλη για την Ελληνική Γλώσσα,https://www.greek-language.gr/,greek,greek,dictionary|website|tool,intermediate|advanced,B1–C2,vocabulary|reading|grammar|writing,free,4,grammar-reference,monolingual|official,The Centre for the Greek Language's free portal: Triantafyllidis dictionary and more.,"A state-backed portal hosting the Triantafyllidis Dictionary of Standard Modern Greek — the reference monolingual dictionary — together with modern Greek grammars, searchable text corpora, dialect lexicons and teaching material for Greek as a foreign language, including distance-learning courses at A1–B1. Everything is free and ad-free. It is a scholarly site in Greek, laid out for researchers rather than learners, so expect to navigate it rather than be guided through it.",,,,,,,
greek-lessons-online,Greek Lessons Online,https://www.youtube.com/@greeklessonsonlinevideos,greek,greek,youtube,intermediate|advanced,B1–B2,grammar|vocabulary|listening,free,2,structured-course,structured-course,Numbered B1 and B2 lessons — the level most free Greek channels skip.,"A teacher working through explicitly level-tagged lesson series (B1 lesson 11 on family and relationships, B2 lesson 4 on the συν- prefix), which makes this one of the few free channels you can follow sequentially at upper-intermediate. Still publishing in August 2026. Uploads are irregular — sometimes months apart — and the presentation is plain, but the level targeting is unusually honest and useful.",,,,,,,
greekpod101,GreekPod101,https://www.greekpod101.com/,greek,greek,course|podcast|app,beginner|intermediate|advanced,A1–B2,listening|vocabulary|grammar|reading,freemium,4,structured-course,,"The largest structured Greek audio-lesson library, with transcripts and flashcards.","Innovative Language's Greek arm: dialogue-based audio and video lessons grouped into level pathways, each with a PDF transcript, line-by-line breakdown and an SRS flashcard deck. For Modern Greek, where structured audio courses are thin on the ground, the sheer volume is the point. A free lifetime account unlocks only part of the library, most of it needs a subscription, and the marketing emails are relentless. The public podcast feed was still updating in August 2026.",https://podcasts.apple.com/us/podcast/learn-greek-greekpod101-com/id381009138,,https://www.greekpod101.com/wp-feed-audio-video.php,,,https://www.youtube.com/@GreekPod101,
learn-greek-naturally,"Ελληνικά, Φυσικά! (Learn Greek Naturally)",https://www.youtube.com/@LearnGreekNaturally,greek,greek,youtube,beginner|intermediate,A2–B1,listening|vocabulary|immersion,free,3,comprehensible-input,comprehensible-input|stories,"Story-based comprehensible input in Greek, told slowly with visual support.","A comprehensible-input channel that teaches through short stories in Greek — a character goes to the market, has a difficult conversation — repeated and paraphrased so that meaning comes from context rather than translation. This is the closest Modern Greek has to the story-based input channels that exist for Spanish. Free, though uploads come in seasons and the most recent run ended in mid-2026, so treat it as a strong archive rather than a weekly habit.",,,,,,,
learn-greek-with-katerina,Learn Greek with Katerina,https://www.youtube.com/@learngreekwithkaterina,greek,greek,youtube,beginner|intermediate,A2–B2,grammar|vocabulary|pronunciation,free,2,grammar-reference,grammar,Focused grammar explainers on the verbs and prepositions learners get wrong.,"Katerina publishes weekly, mixing longer explainers (B2 prepositions in twenty minutes) with short 'don't conjugate this verb wrong again' clips on high-frequency irregulars like λέω and κάθομαι. The targeting is good: she picks the specific mistakes learners repeat rather than covering grammar in textbook order. Free on YouTube, with paid lessons advertised. The shorts-heavy format means the archive is fragmented rather than sequential.",,https://open.spotify.com/show/5zvGyjTnyAJGvqeHfpsjmB,,,,,
lexigram,Lexigram,https://www.lexigram.gr/,greek,greek,dictionary|tool,intermediate|advanced,B1–C2,vocabulary|grammar|writing,freemium,2,,inflection|conjugation,"Inflection dictionary for Greek: every form of every word, plus synonyms.","Lexigram's inflectional dictionary covers tens of thousands of lemmas and millions of inflected forms, and will conjugate a verb through tense and mood or decline a noun and adjective for you — exactly the lookup Greek learners need most, given how much of the grammar sits in endings. A synonyms-and-definitions dictionary sits alongside it. The interface is in Greek, aimed largely at Greek schoolchildren, and some sections push you toward an account.",,,,,,,
my-greek-teacher,My Greek Teacher (Efi Asvesti),https://www.mygreekteacher.com/,greek,greek,tutoring|podcast,beginner|intermediate|advanced,A1–C1,speaking|listening|vocabulary,freemium,2,conversation-practice|comprehensible-input,slow-speech,"Online classes with a Greek teacher, plus a free slow-Greek podcast archive.","Efi Asvesti teaches adults online with a deliberately low-pressure method — vocabulary-first, minimal homework, writing added only at advanced level — and publishes a free 'slow Greek' podcast that reached around 75 episodes by early 2026, together with free articles and a small library. The free podcast alone is worth subscribing to for graded listening. The classes are paid and pricing is not published, so you have to enquire; it is a single teacher, so availability is limited.",,,,,,,
neurolingo-lexiscope,Neurolingo Λεξισκόπιο,https://www.neurolingo.gr/online_tools/lexiscope.htm,greek,greek,tool,intermediate|advanced,B1–C2,grammar|reading|writing,free,2,,morphology,Paste any Greek word form and get its lemma and full morphological analysis.,"A free morphological analyser: give it an inflected form you met in a text and it tells you the dictionary headword and the grammatical analysis — the fastest way out of the common beginner problem of not knowing which word to look up. Useful for reading authentic Greek where endings obscure the stem. It is a single-purpose tool with a spartan, Greek-only interface, and it analyses rather than translates.",,,,,,,
omilo,Omilo,https://omilo.com/,greek,greek,course|podcast|tutoring,beginner|intermediate|advanced,A1–C1,speaking|listening|reading|immersion,freemium,3,structured-course|conversation-practice,immersion|study-abroad,"Immersion courses in Greece, plus a free intermediate story podcast with PDFs.","Omilo runs residential Greek language-and-culture courses in Athens, Nafplion, Syros, Lefkada and Naxos, plus private and online lessons — the option when you want to spend a couple of weeks inside the language. Its free side is genuinely worth having on its own: the 'Easy Greek Stories' podcast reads each story at slow and native pace with a downloadable notebook containing transcript, translation, exercises and answer key. New stories appear only about every two months, and the courses themselves are a significant expense.",,,,,,,Podcast=https://omilo.com/greek-podcast/
reddit-greek,r/GREEK,https://www.reddit.com/r/GREEK/,greek,greek,community,beginner|intermediate|advanced,,grammar|vocabulary|reading,free,3,,q-and-a,The main English-language forum for Modern Greek learners' questions.,"The default place to check a translation, ask why a verb takes the form it does, or get resource recommendations vetted by people who have actually used them, with native speakers answering regularly. Especially handy for the register questions — καθαρεύουσα leftovers, slang, formality — that grammars handle badly. Threads sometimes drift into Ancient Greek and etymology, and reply quality varies with who happens to be around.",,,,,,,
sbs-greek,SBS Greek,https://www.sbs.com.au/language/greek,greek,greek,media|podcast,intermediate|advanced,B1–C2,listening|vocabulary,free,2,authentic-media,news,"Daily Greek-language news bulletins from Australia's public broadcaster, free.","SBS broadcasts news in Greek for Australia's Greek community and publishes it as short daily podcast episodes plus articles — clearly-read, standard Greek in bite-sized items, which makes it far more approachable than a full Greek news broadcast. Completely free with no account, and available in any podcast app. There is no learner scaffolding and a good share of the coverage is Australian domestic news, which may not be what you want to be reading about.",https://podcasts.apple.com/us/podcast/sbs-greek-sbs-%CE%B5%CE%BB%CE%BB%CE%B7%CE%BD%CE%B9%CE%BA%CE%AC/id161304336,https://open.spotify.com/show/0jg3AfXsIV2WBvw4oGgFFW,https://sbs-ondemand.streamguys1.com/sbs-greek/,https://apps.apple.com/au/app/sbs-audio/id470808084,https://play.google.com/store/apps/details?id=com.thisisaim.yourlanguage,https://www.youtube.com/channel/UCupDOc54HJbIPtgLjhABOZw,
simple-greek-with-reveka,Simple Greek with Reveka,https://www.youtube.com/@SimpleGreekLessons,greek,greek,youtube,beginner,A1–A2,listening|vocabulary|immersion,free,2,comprehensible-input,comprehensible-input|slow-speech,"Slow spoken Greek and beginner stories, including listening with no subtitles.","Reveka does slow, clearly enunciated Greek for people starting from zero — short stories, vocabulary challenges, and 'listen to slow Greek' conversations deliberately published without subtitles so you have to work at comprehension. Active through August 2026. It is a small channel with a mix of full videos and shorts and no fixed curriculum, so use it as listening practice alongside a structured course rather than in place of one.",,,,,,,
super-easy-greek,Super Easy Greek for Beginners,https://beginners.easygreek.fm/,greek,greek,podcast,beginner,A1–A2,listening|vocabulary,freemium,3,comprehensible-input,comprehensible-input|slow-speech,"The Easy Greek team's slow, deliberately simple podcast for absolute beginners.","Dimitris and Artemis speak slowly and stick to a restricted vocabulary so that beginners can follow whole episodes in Greek without translation — the missing rung below the main Easy Greek show. Around 90 episodes and still running in August 2026. Free to listen; transcripts and vocabulary support come with the same membership as the main podcast. Because it is by design repetitive and narrow, it stops being useful once you are comfortably A2.",https://podcasts.apple.com/us/podcast/super-easy-greek-for-beginners-listen-to-comprehensible/id1771677576,https://open.spotify.com/show/07Hgc35AiBCyxwdXi8Xpby,https://feeds.fireside.fm/supereasygreek/rss,,,https://www.youtube.com/channel/UCoTlC0saIu6WNa5ttDDe6fQ,
citizen-cafe-tlv,Citizen Café Tel Aviv,https://www.citizencafetlv.com/,hebrew,hebrew,course|tutoring,beginner|intermediate|advanced,A1–C1,speaking|listening|vocabulary,paid,2,structured-course|conversation-practice,ulpan|live-classes,"Ten-week live Hebrew courses in Tel Aviv or on Zoom, built around talking.","Twelve levels grouped into Foundation, Flow and Freedom, taught by a large roster of teachers drawn from acting, journalism and music, with a deliberately high-energy conversational format rather than textbook drilling. Courses run in person in Tel Aviv and online worldwide, and there are extras like grammar masterclasses and an Israeli-mindset culture course; the free TLV Unplugged podcast gives you a sense of the house style. Pricing is not published — you book a free introductory one-to-one first — and the conversational emphasis means you will want a grammar reference on the side.",,,,,,https://www.youtube.com/channel/UCXz3XBMysPyJwuZEyoPQ7DA,
dvash-hebrew,Dvash Hebrew,https://www.dvash.app/,hebrew,hebrew,app|media,beginner|intermediate|advanced,A2–C1,reading|listening|vocabulary,freemium,1,graded-reading|authentic-media,niqqud|news|reading-gap,"Daily Israeli news and songs graded by level, with a niqqud on/off switch.","Every weekday Dvash publishes short news articles rated across four difficulty levels plus Israeli songs with line-by-line translation and synced audio, all with tap-to-translate words, recorded pronunciation and a spaced-repetition list for saved vocabulary. Its best feature for learners is the toggle between text with and without niqqud, which lets you wean yourself off the vowels gradually on real current material. It is a small independent app on iOS and Android with a paid tier, and the content is news-shaped rather than a structured course — bring it in once you can handle simple sentences.",,,,https://apps.apple.com/us/app/dvash-hebrew/id6503658289,https://play.google.com/store/apps/details?id=com.dvashnews,,
hebrew-academy,Academy of the Hebrew Language,https://hebrew-academy.org.il/,hebrew,hebrew,website|dictionary,advanced,B2–C2,grammar|writing|vocabulary,free,3,grammar-reference,reference|monolingual,"The official authority on Hebrew spelling, grammar rules and new coinages.","This is where the rules actually come from: spelling conventions for writing without niqqud, decisions on new terminology, grammar explanations and a searchable archive of language questions answered by the Academy's linguists. Everything is free and there is a steady stream of short, readable articles on why a word is the way it is. The whole site is in Hebrew and pitched at educated native speakers, so it only becomes usable at a solid B2 — but at that point it is the best free Hebrew resource on the internet.",,,,,,,
hebrew-by-inbal,Hebrew by Inbal,https://hebrewbyinbal.com/,hebrew,hebrew,youtube|course,beginner|intermediate,A1–B1,grammar|vocabulary|speaking,freemium,2,grammar-reference,modern-hebrew,Israeli teacher explaining Hebrew structure and daily life to English speakers.,"Inbal posts weekly videos that mix practical grammar (how the verb patterns work, why prefixes attach the way they do) with cultural explainers about Israeli life, all aimed squarely at English-speaking adults; the channel was still posting in August 2026 and there is a free-resources section on the site. It is explanation-led rather than immersion, so it complements comprehensible-input channels instead of replacing them. Structured courses and the substantial materials are paid, and the free videos skew towards the beginner end.",,,,,,https://www.youtube.com/c/HebrewbyInbal,
hebrew-comprehensible-input,Hebrew Comprehensible Input,https://www.youtube.com/@HebrewZEasyWay,hebrew,hebrew,youtube,beginner,A1–A2,listening|immersion|vocabulary,free,2,comprehensible-input,comprehensible-input,"Beginner Hebrew explained in Hebrew with gestures and images, no translation.","One of the very few channels attempting true comprehensible input for beginner Modern Hebrew: the teacher speaks only Hebrew, slowly, making meaning clear through gestures, drawings and images, including walk-and-talk videos filmed in Israeli streets. Free, and valuable precisely because this niche is nearly empty — most 'easy Hebrew' content is really English-language explanation. The channel is small and uploads irregularly (most recent video March 2026), and production is homemade, so there is not yet enough material to carry you far on its own.",,,,,,,
hebrew-from-scratch,Hebrew from Scratch (עברית מן ההתחלה),https://myhebrewbooks.com/product/hebrew-scratch-set/,hebrew,hebrew,book|course,beginner|intermediate,A1–B2,reading|grammar|vocabulary|writing,paid,3,structured-course,textbook|ulpan,The standard Israeli ulpan textbook — two volumes taking you A1 to about B2.,"Chayat, Israeli and Kobliner's two-part course is what Israeli universities and most ulpanim actually teach from: graded texts, systematic verb-pattern tables, and exercises that build reading and writing rather than tourist phrases. Work through both volumes and you have a real foundation, which no app in this list will give you. It is almost entirely in Hebrew with minimal English support, assumes a teacher will explain things, and the audio and answer keys are sold as separate items — self-studying it is possible but hard, and buying it outside Israel means going through Judaica booksellers.",,,,,,,
hebrew-time-podcast,Hebrew Time (זמן עברית),https://podcasts.apple.com/us/podcast/hebrew-time-%D7%96%D7%9E%D7%9F-%D7%A2%D7%91%D7%A8%D7%99%D7%AA/id1551521797,hebrew,hebrew,podcast,intermediate,A2–B2,listening|vocabulary,freemium,2,comprehensible-input,slow-hebrew,"Scripted monologues in slow, clear Hebrew on everyday and Israeli-culture topics.","Nadya Ures, a Jerusalem-based teacher, records short scripted episodes entirely in simple Hebrew about daily life, holidays and Israeli history — the closest thing Hebrew has to the slow-news podcasts that other languages take for granted. Listening is free on Apple Podcasts, Spotify and YouTube; full PDF transcripts sit behind a Patreon membership. Note that the project's own domain has lapsed, so podcast apps and Patreon are the reliable entry points, and the scripted delivery is clearer but less natural than real conversation.",https://podcasts.apple.com/us/podcast/hebrew-time-%D7%96%D7%9E%D7%9F-%D7%A2%D7%91%D7%A8%D7%99%D7%AA/id1551521797,,https://anchor.fm/s/3f7a77ec/podcast/rss,,,,
hebrew-today-yanshuf,Hebrew Today (Yanshuf & Bereshit),https://hebrewtoday.com/,hebrew,hebrew,media|website,beginner|intermediate|advanced,A2–C1,reading|listening|vocabulary,paid,2,graded-reading,niqqud|news|graded-reader,Fortnightly easy-Hebrew newspapers with full niqqud and audio recordings.,"Bereshit is the beginner paper and Yanshuf the harder one; both carry real Israeli and world news, culture, sport and puzzles written in controlled Hebrew, printed with niqqud and accompanied by audio of every article. Eighteen issues a year, available in print, digital or both, with subscriptions starting around $75 — this is the closest Hebrew has to graded readers refreshed with current events. There is essentially no free sampling, the register is deliberately simplified so it will not teach you street Hebrew, and delivery outside Israel adds cost.",,,,,,https://www.youtube.com/channel/UCs29S9ImJdENnQYNOCPk-zw,
hebrewpod101,HebrewPod101,https://www.hebrewpod101.com/,hebrew,hebrew,podcast|course,beginner|intermediate|advanced,A1–B2,listening|vocabulary|speaking,freemium,3,structured-course,modern-hebrew,"The biggest structured Hebrew audio library, with lesson notes and transcripts.","The Innovative Languages formula applied to Hebrew: hundreds of dialogue-based audio lessons arranged by level, each with a transcript, vocabulary list and grammar note, plus a free alphabet ebook that is a decent first taste of the script. It is the most complete beginner-to-intermediate audio path that exists for Hebrew, which matters in a small ecosystem. Expect relentless upselling, wildly varying pricing depending on which promotion you land on, and older recordings whose production quality shows its age; the advanced material also thins out quickly.",https://podcasts.apple.com/us/podcast/learn-hebrew-hebrewpod101-com/id448501803,,https://www.hebrewpod101.com/wp-feed-audio-video.php,,,,
kan-kids,Kan Educational (כאן חינוכית),https://www.kankids.org.il/,hebrew,hebrew,media,beginner|intermediate,A1–B1,listening|immersion|vocabulary,free,2,authentic-media,native-content|comprehensible-input,"Free Israeli children's television — slow speech, simple words, visual context.","The public broadcaster's children's channel streams its programmes free, and children's television is the standard workaround in languages with little beginner comprehensible input: speech is slower, vocabulary is concrete and the picture carries much of the meaning. Useful from the moment you know the alphabet. The obvious caveats are that the content is made for children, the register is not what adults speak to each other, and some streams may be geo-restricted outside Israel.",,,,https://apps.apple.com/il/app/%D7%9B%D7%90%D7%9F-%D7%97%D7%99%D7%A0%D7%95%D7%9B%D7%99%D7%AA/id1326766092,https://play.google.com/store/apps/details?id=com.channel23,https://www.youtube.com/@KANKIDS,
kan-podcasts,Kan Podcasts (הסכתים כאן),https://www.kan.org.il/lobby/podcasts-lobby/,hebrew,hebrew,podcast|media,advanced,B2–C2,listening|immersion,free,3,authentic-media,native-content,"Israel's public broadcaster's full podcast catalogue — native Hebrew, studio quality.","Kan produces documentary, history, science, culture and current-affairs series to broadcast standards, all free, with presenters who speak clearly into a microphone rather than over background noise — which makes it far more approachable than Israeli TV drama. This is the natural graduation step once learner podcasts stop stretching you. Nothing here is adapted for learners: no transcripts, no glossaries, full speed and heavy on political and cultural references, so it is genuinely B2 and up.",,,,,,,
learn-hebrew-pod,Learn Hebrew Pod,https://www.learnhebrewpod.com/,hebrew,hebrew,course|podcast|website,beginner|intermediate,A1–B1,listening|reading|speaking,freemium,2,structured-course,alef-bet|modern-hebrew,"Israeli-made dialogue lessons, with a free interactive alef-bet reading section.","Made in Israel, the paid courses are conversation-driven with recorded dialogues at natural and slowed speeds, transcripts and exercises across beginner to advanced tracks. The free part worth knowing about is the Reading Hebrew section, where every letter is presented with audio, its printed and handwritten forms and starter vocabulary — a clean, secular alternative to the religiously framed alphabet tutorials that dominate search results. It is a smaller operation than HebrewPod101, so the library is thinner; treat the free alphabet material as the low-risk way to try it.",https://podcasts.apple.com/us/podcast/learn-hebrew-pod-speak-conversational-hebrew/id271205689,,https://lhp-podcasts.s3.us-east-1.amazonaws.com/lhp-rss.xml,,,,
milog,Milog (מילוג),https://milog.co.il/,hebrew,hebrew,dictionary,intermediate|advanced,B1–C2,vocabulary|reading,free,3,,monolingual|slang,Hebrew-to-Hebrew dictionary — the step where you stop translating in your head.,"Milog defines Hebrew words in Hebrew, with niqqud, register labels, related forms and generous coverage of slang and everyday idiom that bilingual dictionaries skip. Making it your default lookup is one of the clearest markers of crossing from intermediate to advanced. It is entirely in Hebrew with no English scaffolding, so it is useless before roughly B1 — use Morfix until then.",,,,,,,
modern-hebrew-essential-grammar,Modern Hebrew: An Essential Grammar,https://www.routledge.com/Modern-Hebrew-An-Essential-Grammar/Glinert/p/book/9780415706292,hebrew,hebrew,book,intermediate|advanced,A2–C1,grammar|writing|reading,paid,2,grammar-reference,reference|textbook,Lewis Glinert's compact reference grammar — the one to look things up in.,"A well-organised, linguistically serious but readable account of how Modern Hebrew actually works: binyanim, construct state, word order, prepositions with pronoun suffixes, and the differences between formal writing and speech. It is the book that answers the questions your ulpan teacher waves away, and it is short enough to use as a genuine reference. It is a grammar, not a course — no exercises, no vocabulary building — and its examples lean on transliteration in places, which some learners dislike.",,,,,,,
morfix,Morfix,https://www.morfix.co.il/,hebrew,hebrew,dictionary,beginner|intermediate|advanced,,vocabulary|reading|writing,freemium,4,,modern-hebrew,"The Hebrew–English dictionary Israelis themselves reach for, free on web and mobile.","Morfix handles inflected forms well — paste a conjugated verb or a word with prefixes and it still finds the root entry — and gives translations in both directions with plurals, gender and common phrases. It is the pragmatic everyday lookup tool rather than a scholarly dictionary, and the free version is heavy with ads which the paid Morfix Pro removes. The interface leans Hebrew-first, which is mildly awkward for absolute beginners but stops being a problem quickly.",,,,,,,
nakdan-dicta,Nakdan by Dicta,https://nakdan.dicta.org.il/,hebrew,hebrew,tool,beginner|intermediate|advanced,,reading|pronunciation,free,2,,niqqud|reading-gap,"Paste unvowelled Hebrew and get it back with niqqud, so you can read it aloud.","Real Hebrew is written without vowels, which is the wall most learners hit after the alphabet; Nakdan uses a machine-learning model to add niqqud to any text you paste, letting you turn a news article or a WhatsApp message into something you can actually pronounce. It is free, needs no account, and Dicta's other tools (morphological analysis, search) are worth exploring too. Accuracy is high but not perfect on ambiguous words and proper nouns, so treat the output as a strong hint rather than an authority, and wean yourself off it as your reading improves.",,,,,,,
pashut-ivrit,Pashut Ivrit / Simply Hebrew,https://www.youtube.com/@SimplyHebrew,hebrew,hebrew,youtube|podcast,intermediate|advanced,B1–C1,listening|immersion|vocabulary,free,2,comprehensible-input,comprehensible-input|interviews,"Long interviews with Israelis, spoken slowly and clearly, plus a news series.","Each episode is a roughly 45-minute conversation with a real Israeli — a market trader, a musician, an activist — conducted in deliberately slow, clear Hebrew with Hebrew subtitles, and there is a recurring 'News in Hebrew' series for current events. It works as both video and podcast and was still publishing in August 2026. Free and unusually substantial for intermediate listening; the trade-off is that episode length and interview format make it demanding, and there are no lesson notes or exercises attached.",,https://open.spotify.com/show/1WmFBcKpQB6aVU1t6ryohb,,,,,
pealim,Pealim,https://www.pealim.com/,hebrew,hebrew,dictionary|tool,beginner|intermediate|advanced,,grammar|vocabulary|reading,free,4,,verbs|niqqud,"The verb conjugator every Hebrew learner ends up using, with niqqud and audio.","Search in Hebrew, English or transliteration and you get the full conjugation table for every tense and person, printed with niqqud, transliteration and recorded pronunciation, plus noun and adjective declensions. It also groups verbs by binyan and root, which is the fastest way to internalise how the seven patterns behave. It is a reference, not a course: there are almost no example sentences and no usage notes, so pair it with a dictionary that shows words in context.",,,,,,,
piece-of-hebrew,Piece of Hebrew,https://www.pieceofhebrew.com/,hebrew,hebrew,youtube|website,beginner|intermediate,A2–B2,listening|immersion|vocabulary,freemium,2,comprehensible-input,comprehensible-input,"Vlog-style videos in real spoken Hebrew, subtitled, for the A2–B2 gap.","A native speaker films everyday situations in Israel — the beach, a market, city versus village life — and narrates in natural but slowed Hebrew, with subtitles. The YouTube channel (around 50K subscribers, uploading most weeks through August 2026) is free and is one of the few genuinely engaging comprehensible-input sources at intermediate level; courses on the site are paid. Subtitles are burned into the video and often English, which limits how much you can force yourself to listen without reading, and true beginners will still find the pace fast.",,https://open.spotify.com/show/2OTzZkXUEFspA6Qif8TbIK,,,,https://www.youtube.com/channel/UC9n76QPNgx_C6lm8vK7ltpQ,
reddit-r-hebrew,r/hebrew,https://www.reddit.com/r/hebrew/,hebrew,hebrew,community,beginner|intermediate|advanced,,grammar|reading|vocabulary,free,3,,qa,Active subreddit where natives answer translation and grammar questions fast.,"The most reliable free place to get a handwriting sample deciphered, a tattoo checked before it is permanent, or an explanation of why a sentence uses that preposition, usually answered by native speakers within hours. Also the best place to hear about new Hebrew resources, since the ecosystem is small and word of mouth matters. Traffic mixes Modern, Biblical and liturgical Hebrew questions, so specify which you mean, and quality of answers varies as it does anywhere on Reddit.",,,,,,,
safa-ivrit,Safa Ivrit (השפה העברית),https://www.safa-ivrit.org/,hebrew,hebrew,website,intermediate|advanced,B1–C2,grammar|vocabulary|reading,free,2,grammar-reference,etymology|monolingual,"A free Hebrew-language site explaining grammar, etymology and word history.","Long-running independent site with hundreds of short articles on binyanim, plurals, common mistakes, loanwords, biblical versus modern usage and the origins of everyday words. It is the resource to browse when you want to understand why Hebrew works the way it does rather than just drill it. Written entirely in Hebrew and organised as an archive rather than a course, so it rewards curiosity more than it supports structured study.",,,,,,,
sefaria,Sefaria,https://www.sefaria.org/,hebrew,hebrew,website|media,intermediate|advanced,B1–C2,reading|vocabulary,free,4,graded-reading,biblical-hebrew|reading,Free library of Hebrew texts with aligned translation and linked dictionaries.,"Every classical Jewish text with a parallel English translation you can read line by line, plus word lookups into Jastrow and Klein and a growing modern-Hebrew section — an enormous free corpus for reading practice with a safety net. Genuinely useful if your interest in Hebrew includes the sources, and the interface for toggling and comparing translations is excellent. Be clear that most of it is Biblical and rabbinic Hebrew: the grammar and vocabulary differ from what Israelis speak, so it supplements a modern-Hebrew path rather than being one.",,,,,,,
shironet,Shironet,https://shironet.mako.co.il/,hebrew,hebrew,media|website,intermediate|advanced,B1–C1,reading|listening|vocabulary,free,3,authentic-media,music|native-content,Israel's lyrics database — read along with the songs you already have on repeat.,"Practically every Hebrew song ever released, searchable by artist or line, free. Following lyrics while listening is one of the most enjoyable ways to attack the unvowelled-reading problem, because you already know how the words sound before you have to decode them. Lyrics are Hebrew-only with no translations and no niqqud, the interface is Hebrew and ad-heavy, and poetic register means songs will teach you some words nobody says in conversation.",,,,,,,
streetwise-hebrew,Streetwise Hebrew,https://tlv1.fm/streetwise-hebrew/,hebrew,hebrew,podcast,beginner|intermediate|advanced,A2–C1,vocabulary|listening,free,3,,slang|modern-hebrew,Short episodes unpacking one Hebrew root or slang word as Israelis actually use it.,"Guy Sharett takes a single word or root per episode and walks through the family of words built on it, illustrated with clips from Israeli songs, ads and street conversation. Episodes run seven to ten minutes, it is still publishing in 2026, and the whole archive of hundreds of episodes is free. The narration is in English, so it teaches you about Hebrew rather than immersing you in it — treat it as vocabulary enrichment alongside a real course, and expect to need some basic Hebrew to enjoy the examples.",https://podcasts.apple.com/us/podcast/streetwise-hebrew/id704434205,https://open.spotify.com/show/4Ig4gWRPdC6FkAnGcSQnd4,https://feeds.libsyn.com/47547/swh.rss,,,,
the-hebrew-hub,The Hebrew Hub,https://thehebrewhub.com/,hebrew,hebrew,course|tutoring|youtube,beginner|intermediate|advanced,A1–C1,speaking|grammar|listening,freemium,1,structured-course|conversation-practice,live-classes,"Online Hebrew school with self-study courses, small groups and free extras.","Alisa Zingerman's school covers A1 to C1 through self-study courses, small Zoom groups and one-to-one lessons, with regular conversation sessions that address the biggest gap in solo Hebrew study — nobody to speak to. The free tier is unusually generous for a paid school: a level test, a numbers course, a grammar webinar and a resource guide, plus a Bible-stories-in-easy-Hebrew video series that doubles as beginner comprehensible input. It is a small operation rather than an institution, so schedules depend on cohort demand, and the paid courses are the substance.",,,,,,https://www.youtube.com/c/AlisaZingermanTheHebrewHub,
ulpan-la-inyan,Ulpan La-Inyan,https://ulpan.com/,hebrew,hebrew,course|tutoring,beginner|intermediate|advanced,A1–C1,speaking|listening|grammar,paid,2,structured-course|conversation-practice,ulpan|live-classes,Long-running ulpan with small live classes online and in Israel.,"One of the best-known private ulpanim for English-speaking adults, running small live group classes and private lessons both in Israel and over video, with a practical focus on getting you speaking early rather than working through a textbook front to back. Good fit if you want accountability and a teacher who will correct you, which self-study Hebrew resources cannot do. It is a paid programme with class-based scheduling, so it costs considerably more than any app and needs you to show up at fixed times.",,,,,,,
ulpan-or,Ulpan-Or,https://www.ulpanor.com/,hebrew,hebrew,course|tutoring,beginner|intermediate|advanced,A1–C1,speaking|reading|vocabulary,paid,2,structured-course|conversation-practice,ulpan|olim,Jerusalem ulpan with its own multimedia method and self-study eBook series.,"Ulpan-Or teaches with its own materials — themed multimedia eBooks with audio, transliteration and drills — delivered through private lessons, intensive courses and online programmes, and it is a familiar name among olim and professionals who need Hebrew fast. The structured self-study books are useful even if you never take a class. It is priced at the premium end, the method is quite prescriptive, and the branding leans towards immersion-intensive packages that not everyone needs.",,https://open.spotify.com/show/033K6LsZPo46dZqnSfKpEa,,,,https://www.youtube.com/@ulpanorint,
a-door-into-hindi,A Door Into Hindi,https://tajhindi.unc.edu/,hindi,hindi,course|website|media,beginner|intermediate,A1–B1,listening|reading|grammar|vocabulary,free,3,structured-course,university|video-course,"Free two-semester university Hindi course built around short films, by Afroz Taj (UNC).","Twenty-four multimedia lesson units plus an alphabet module, each built around a short film with transcript, glossary, grammar notes and cultural commentary — roughly two semesters of university-level Hindi at no cost. It teaches reading and writing alongside speaking, so it works as a genuine backbone course rather than a phrasebook. The interface is dated and the video quality is early-2010s, but nothing else free covers this much ground this coherently.",,,,,,,
aiis-hindi,AIIS Hindi Language Program,https://www.aiislanguageprograms.org/,hindi,hindi,course,beginner|intermediate|advanced,,speaking|listening|reading|writing,paid,3,structured-course|conversation-practice,immersion|academic,"Academic immersion in India: 8-week summer, semester or full-year Hindi programs.","The American Institute of Indian Studies runs intensive, immersion-based Hindi training at sites in India, with summer (eight weeks), semester and academic-year tracks; summer and semester programs accept true beginners while the year program expects around 120 prior class hours. This is the gold-standard route for students who need documented advanced proficiency, and fellowship funding is often available. It is aimed at US-affiliated students and researchers, and applications run on an academic calendar.",,,,,,,
anil-mahato,Anil Mahato,https://www.youtube.com/@AnilMahato,hindi,hindi,youtube,beginner|intermediate,A1–B1,grammar|speaking|vocabulary,free,3,structured-course,grammar|archive,"850+ free Hindi lessons taught in English, from script basics to conversational grammar.","A large, well-organised free archive covering Devanagari, grammar step by step, everyday street Hindi and India travel/culture, explained in English so absolute beginners can follow. The catch is that the channel stopped publishing new videos in early 2023 — treat it as a finished course library rather than a living channel. Playlists are the way in; the uploads feed alone is hard to navigate.",,,,,,,
bbc-news-hindi,BBC News हिंदी,https://www.bbc.com/hindi,hindi,hindi,media|website,intermediate|advanced,B1–C1,reading|listening,free,4,authentic-media,news|native-content,"Free daily Hindi journalism with video, for reading practice above textbook level.","News articles, explainers and video reports in standard written Hindi, updated constantly and free. Because many stories are also published in English you can effectively self-check comprehension by reading the same event twice. Be aware that news Hindi is heavily Sanskritized and formal — it will not teach you how people actually talk, so balance it with conversational input.",,,,,,,
complete-hindi-snell,Complete Hindi (Rupert Snell),https://us.teachyourself.com/products/complete-hindi-beginner-to-intermediate-course,hindi,hindi,book|course,beginner|intermediate,A1–B1,grammar|reading|writing|listening,paid,4,structured-course,textbook|grammar,The standard self-study Hindi book — Snell's explanations are unmatched for clarity.,"Rupert Snell taught Hindi at SOAS and UT Austin, and his Teach Yourself course remains the reference self-study book: it introduces Devanagari properly and explains grammar with a precision most beginner materials never attempt. Best for readers who like understanding the system before drilling it. It is dense, the audio is functional rather than inspiring, and the dialogues feel dated — pair it with video or a tutor for listening.",,,,,,,
comprehensible-hindi,Comprehensible Hindi,https://www.youtube.com/@ComprehensibleHindi,hindi,hindi,youtube,beginner|intermediate|advanced,A1–B2,listening|immersion|vocabulary,free,3,comprehensible-input,comprehensible-input,"Hindi-only comprehensible input videos, from super-beginner stories up to Bollywood talk.","The closest thing Hindi has to a Dreaming Spanish-style channel: lessons delivered entirely in slow, gesture- and drawing-supported Hindi, graded from super-beginner through advanced discussion of films and current topics. Still uploading several videos a month as of August 2026. The back catalogue is much smaller than the equivalent Spanish or Thai channels, so heavy input learners will exhaust the beginner tier fairly quickly.",,,,,,,
elementary-hindi-delacy,Elementary Hindi (Delacy & Joshi),https://www.tuttlepublishing.com/books-by-country/elementary-hindi-paperback-with-disc,hindi,hindi,book,beginner,A1–A2,grammar|reading|writing|listening,paid,2,structured-course,textbook,"Script-first beginner textbook with exercises, answer key and downloadable audio.","A classroom-tested first-year textbook that starts with Devanagari and builds through everyday situations, with drills, an answer key and MP3 audio, which makes it usable alone rather than only with a teacher. Its pacing is gentler than Snell's and the exercise load is heavier, so it suits people who want to practise rather than read explanations. It stops at a solid A2 — you will need a second book after it.",,,,,,,
hindi-essential-grammar,Hindi: An Essential Grammar (Agnihotri),https://www.routledge.com/Hindi-An-Essential-Grammar/Agnihotri/p/book/9781032163048,hindi,hindi,book,intermediate|advanced,B1–C1,grammar|writing,paid,2,grammar-reference,grammar|reference,"Compact Routledge reference grammar, organised by structure rather than by lesson.","Rama Kant Agnihotri's grammar (now in a second edition) covers Hindi systematically — phonology, morphology, case, aspect, the ergative, complex predicates — in the format you want when a textbook explanation was too shallow. It is a reference to look things up in, not a course to work through. Beginners will find it opaque; from about B1 it becomes the book you keep next to whatever else you are using.",,,,,,,
hindi-university,Hindi University (Ashu ji),https://www.hindiuniversity.org/,hindi,hindi,youtube|community|course,beginner|intermediate|advanced,,grammar|speaking|vocabulary,freemium,2,grammar-reference|conversation-practice,grammar|community,Whiteboard-style grammar lessons plus a Sunday Zoom class and learner Discord.,"Ashu ji posts short, classroom-style grammar lessons to YouTube several times a week (verified active in August 2026), covering things most beginner courses skip such as subordinate conjunctions and verbal nouns. Around the videos sits a small community: a weekly Sunday Zoom class, a Discord and shared resources. Class pricing is not published on the site, so you have to ask; the videos themselves are free.",,,,,,https://www.youtube.com/@hindiuniversity,
hindi-urdu-flagship,Hindi Urdu Flagship Resource Library,https://hindiurduflagship.org/resources/,hindi,hindi,website|course|book,beginner|intermediate|advanced,,grammar|listening|reading|vocabulary,free,3,grammar-reference,university|open-educational-resources,"UT Austin's free library of Hindi grammar notes, video dialogues and downloadable books.","The Flagship program's public archive: grammar tidbits, an audio-visual beginner series, a vocabulary podcast, videos of native speakers modelling conversation strategies, and full PDF books including Shackle and Snell's 'Hindi and Urdu Since 1800: A Common Reader'. Everything is free for non-commercial use and aimed at serious learners heading toward professional proficiency. It is a library, not a sequenced course — you have to decide what to use and in what order.",,,,,,,
hindi-ut-austin-oer,Hindi at UT Austin (Open Educational Resources),https://hindi.la.utexas.edu/,hindi,hindi,website,beginner|intermediate|advanced,,grammar|reading|writing|vocabulary,free,2,,university|open-educational-resources,"Worksheets, vocabulary drills and native-speaker video interviews from UT's Hindi program.","The teaching side of UT Austin's Hindi program publishes its classroom materials openly: Hindi worksheets, beginner vocabulary exercises, video interviews with native speakers and downloadable readers. It overlaps with the Flagship site but leans more toward practice material you can actually drill, which is exactly what most self-learners lack. Expect academic pacing and no gamification.",,,,,,,
hindipod101,HindiPod101,https://www.hindipod101.com/,hindi,hindi,course|podcast|app,beginner|intermediate,A1–B1,listening|vocabulary|speaking,freemium,4,structured-course,dialogues,Big library of dialogue-based audio/video lessons with transcripts and lesson PDFs.,"Hundreds of lessons built around a short dialogue that is then broken down line by line, with PDF notes, an audio dictionary and word lists; a free lifetime account gives limited ongoing access and paid tiers run roughly $4–25 per month depending on plan and length of subscription. It is a solid listening supplement, especially where Hindi lacks polished commercial courses. It is not a structured path to fluency, lesson quality is uneven, and the site pushes discount emails hard.",https://podcasts.apple.com/us/podcast/learn-hindi-hindipod101-com/id448503518,,https://www.hindipod101.com/wp-feed-audio-video.php,,,https://www.youtube.com/user/hindipod101,
hindwi,Hindwi,https://www.hindwi.org/,hindi,hindi,website|media,advanced,B2–C2,reading|immersion,free,2,authentic-media,literature|native-content,"Free digital library of Hindi poetry, short stories and essays with author archives.","The Rekhta Foundation's Hindi sibling to its Urdu archive: a deep, well-organised collection of poems, stories and prose by classical and contemporary Hindi authors, with per-author pages and audio recitations for many poems. This is where advanced learners go once textbook Hindi feels thin. It is a literature site, not a learning tool — no glosses, no grade levels, and the vocabulary jumps straight to literary register.",,,,https://apps.apple.com/us/app/rekhta-urdu-dictionary/id1594172670,https://play.google.com/store/apps/details?id=com.rekhta.dict,https://www.youtube.com/channel/UCihX5Ufe1EVl31siX7Wt4tQ,
huf-devanagari,"Devanagari Guide (Hindi Urdu Flagship, UT Austin)",https://hindiurduflagship.org/resources/learning-teaching/devanagari/,hindi,hindi,website|course,beginner,A1,reading|writing|pronunciation,free,2,,devanagari|writing-system,Free university-made introduction to the Devanagari script with printable tables.,"An in-depth walkthrough of the Hindi writing system plus consonant/vowel tables designed for teachers and self-learners, from UT Austin's Hindi Urdu Flagship program. Work through this before any romanized course — Hindi transliteration is inconsistent and learners who delay the script stall around the intermediate wall. It is static reference material rather than an interactive app, so pair it with handwriting practice.",,,,,,,
landour-language-school,Landour Language School,https://www.landourlanguageschool.com/,hindi,hindi,tutoring|course,beginner|intermediate|advanced,,speaking|listening|grammar,paid,3,structured-course|conversation-practice,immersion|in-person,Long-established Mussoorie school doing intensive one-on-one Hindi immersion.,"A Himalayan institution that has trained diplomats, missionaries and researchers for decades, built around daily one-to-one tuition in Mussoorie with a structured curriculum and optional online lessons. If you can spend weeks or months in India, this kind of intensive personal instruction moves faster than any app. It is a real financial and time commitment, and the hill-station location means you plan travel and accommodation around it.",,,,,,,
reddit-hindi,r/Hindi,https://www.reddit.com/r/Hindi/,hindi,hindi,community,beginner|intermediate|advanced,,grammar|vocabulary|reading,free,3,,forum,Mixed native-speaker and learner forum — the best place for nuance questions.,"A reasonably active subreddit where native speakers answer translation, register and word-choice questions that dictionaries handle badly, alongside script and resource threads. Search before posting: the same beginner questions recur and the archived answers are often better than a fresh reply. The smaller r/LearnHindi is more learner-focused but much quieter, so ask here first.",,,,,,,r/LearnHindi=https://www.reddit.com/r/LearnHindi/
rocket-hindi,Rocket Hindi,https://www.rocketlanguages.com/hindi,hindi,hindi,course|app,beginner|intermediate,A1–B1,speaking|listening|pronunciation,paid,3,structured-course|audio-method,audio-course,Audio-led course with long dialogues and record-and-compare speaking drills.,"One of the few polished commercial Hindi courses: long interactive audio lessons, culture and grammar write-ups, and voice-recording practice where you compare yourself to a native speaker. It is a one-time purchase with lifetime access and updates, there is a free trial and a 60-day money-back guarantee, and coupons are almost always available so never pay list price. The interface feels dated and it tops out around a solid conversational intermediate level.",,,,,https://play.google.com/store/apps/details?id=com.rocketlanguages.app,https://www.youtube.com/@RocketLanguages,
sbs-hindi,SBS Hindi,https://www.sbs.com.au/language/hindi,hindi,hindi,podcast|media,intermediate|advanced,B1–C1,listening|vocabulary,free,2,authentic-media,news|native-content,Short daily Hindi news bulletins and interviews from Australia's public broadcaster.,"SBS publishes new Hindi audio most days — usually under fifteen minutes, mixing news, interviews and community stories, all free and available as a podcast feed. The episodes are short enough to use as daily listening once textbook dialogues stop challenging you, and the speech is natural rather than slowed down. Coverage skews to Australian and diaspora topics, so it is not a substitute for Indian news if that is your interest.",https://podcasts.apple.com/us/podcast/sbs-hindi/id350505527,https://open.spotify.com/show/6kNXUdg5X0NDoSnT95F4LZ,https://feeds.sbs.com.au/sbs-hindi,https://apps.apple.com/au/app/sbs-audio/id470808084,https://play.google.com/store/apps/details?id=com.thisisaim.yourlanguage,https://www.youtube.com/channel/UCupDOc54HJbIPtgLjhABOZw,
shabdkosh,Shabdkosh,https://www.shabdkosh.com/,hindi,hindi,dictionary|app|tool,beginner|intermediate|advanced,,vocabulary|reading,free,5,,dictionary,"The default English–Hindi dictionary, with audio, word games and phone apps.","Bidirectional English–Hindi lookup with pronunciation audio, spelling and transliteration help, word-of-the-day and quizzes, plus Android and iOS apps for offline-ish use. It is the dictionary most learners settle on because coverage of everyday vocabulary is good and it handles both scripts. Entries are terse — you get glosses rather than usage notes or example sentences — so check a corpus or ask a native speaker before trusting a synonym.",,,,https://apps.apple.com/us/app/shabdkosh-dictionary/id863035886,https://play.google.com/store/apps/details?id=com.shabdkosh.android,,
storyweaver-hindi,StoryWeaver (Pratham Books),https://storyweaver.org.in/,hindi,hindi,book|website|media,beginner|intermediate,A1–B1,reading|vocabulary,free,3,graded-reading,graded-readers|extensive-reading,Thousands of free levelled Hindi children's storybooks you can read online or download.,"Pratham Books' open library holds tens of thousands of illustrated stories graded Level 1 to Level 4, with a very large Hindi collection — the closest thing Hindi has to graded readers, and all of it free to read online or download as PDF. Filter by language and level and you have months of extensive reading at genuine beginner difficulty. The content is written for children, so topics and register skew young, and the site covers many Indian languages, not Hindi alone.",,,,,,,
watch-and-learn-hindi,Watch and Learn Hindi,https://www.youtube.com/c/WatchandLearnHindi,hindi,hindi,youtube,beginner|intermediate,A1–B1,vocabulary|pronunciation|listening,free,2,,vocabulary,"Short picture-based vocabulary and usage lessons, still updated in 2026.","Bite-size lessons that pair images with example sentences — sets of opposites, everyday words grouped by Devanagari letter, single high-frequency verbs explained with daily-life examples. Useful as vocabulary reinforcement between heavier study sessions, and the channel keeps posting through 2026. It is not a curriculum: there is no ordered path through the videos.",,,,,,,
zabaan,Zabaan School for Languages,https://www.zabaan.com/hindi/,hindi,hindi,tutoring|course,beginner|intermediate,A1–B1,speaking|grammar|listening,paid,2,structured-course|conversation-practice,in-person|online-classes,Delhi and Mumbai school with CEFR-mapped group courses plus online private lessons.,"Zabaan runs a proper ladder of Hindi group courses from A1 to B1, including four-week 60-hour intensives, alongside tailored private lessons that can be taken online from anywhere. The CEFR mapping makes it easy to place yourself and to know what a course actually delivers, which is rare among Hindi schools. Prices are not published — you have to email — and group classes depend on enough students enrolling at your level.",,,,,,,
debreceni-nyari-egyetem,Debrecen Summer School,https://nyariegyetem.hu/,hungarian,hungarian,course|tutoring,beginner|intermediate|advanced,A1–C1,speaking|grammar|listening|writing,paid,3,structured-course|conversation-practice,immersion-course|intensive,Hungary's oldest school of Hungarian for foreigners — summer intensives and online courses.,"Founded in 1927 and still the best-known institution teaching Hungarian to foreigners, running intensive summer programmes in Debrecen plus year-round classroom and online courses, individually or in groups, with culture-focused thematic options. An intensive month here does more than a year of casual app use, which is the honest case for paying. Courses are paid, with prices depending on format and length. The site is largely in Hungarian, which is an odd hurdle for prospective beginners.",,,,,,,
dictzone-hungarian,DictZone,https://dictzone.com/angol-magyar-szotar/,hungarian,hungarian,dictionary,beginner|intermediate|advanced,A1–C2,vocabulary|reading|writing|pronunciation,free,3,,bilingual,"Free English–Hungarian dictionary with 650k+ pairs, examples and audio.","The largest free English-Hungarian dictionary on the web, with example sentences, synonyms, phonetic transcriptions, audio pronunciation and grammatical information including conjugations and plurals. For everyday lookups while reading it is faster and more complete than app dictionaries. Free. Entries are partly user-submitted, so quality is uneven at the edges — cross-check anything unusual against a monolingual source before relying on it.",,,,,,,
easy-hungarian,Easy Hungarian,https://www.easyhungarian.com/,hungarian,hungarian,youtube|website|book,beginner|intermediate,A1–B1,listening|reading|vocabulary|grammar,freemium,3,comprehensible-input|graded-reading,subtitles|graded-reader,Short subtitled Hungarian videos plus easy readers on Hungarian culture and food.,"Pairs a very active YouTube channel of short subtitled videos with easy readers, a weekly magazine and vocabulary courses on the site — the combination of listening and level-appropriate reading is unusual for Hungarian, where graded readers barely exist. Videos and grammar explanations on YouTube are free; the magazine subscription, books, workbooks and courses are paid. Uploads were current in August 2026. Best for A1–B1; advanced learners will find it too light.",,,,,,https://www.youtube.com/@easyhungarian,
hungarea,Hungarea,https://www.youtube.com/@hungarea,hungarian,hungarian,youtube,beginner|intermediate,A1–B1,grammar|vocabulary|speaking,free,2,grammar-reference,bite-sized|grammar-explained,"Sándor answering the small 'how do I actually say this' questions, one video each.","Short, targeted lessons on specific constructions — how to express 'from… to', how to render an English idiom naturally — from a Hungarian who explains in accessible English. It fills the gap between a grammar reference and a full course: the questions it answers are the ones you actually hit while speaking. Free, with uploads through August 2026. Because each video is standalone, there is no progression to follow; use it as a lookup channel.",,,,,,,
hungarian-by-heart,Hungarian by Heart,https://www.youtube.com/@HungarianbyHeart,hungarian,hungarian,youtube,beginner|intermediate,A2–B1,listening|immersion|vocabulary,free,3,comprehensible-input,comprehensible-input|graded,"Lilla's comprehensible-input videos: slow dialogues and everyday scenes, level-tagged.","Explicitly built on comprehensible input, with videos tagged by level ([A2], [B1]) covering ordinary situations — camping, restaurant problems, daily routines — spoken slowly with visual support. The level tagging matters in Hungarian, where the jump from course material to native speech is brutal. Free, with uploads continuing through August 2026. There is no grammar instruction here, so bring a reference for the moments when a suffix makes no sense.",,,,,,,
hungarian-daily-podcast,Hungarian Daily,https://podcasts.apple.com/us/podcast/hungarian-daily-learn-hungarian-online/id1520046300,hungarian,hungarian,podcast,beginner|intermediate,A1–B1,listening|vocabulary|pronunciation,free,2,,bite-sized|archive,Just under 100 short lessons on everyday Hungarian words and structures.,"A compact archive of nearly 100 short episodes working through practical vocabulary and structures, useful as a bite-sized daily habit alongside heavier study. The most recent episode dates from August 2025, so this is a completed archive rather than an ongoing show — the beginner material it covers does not go stale. Free on podcast apps. Episode-to-episode progression is loose, so browse by topic.",https://podcasts.apple.com/us/podcast/hungarian-daily-learn-hungarian-online/id1520046300,,https://anchor.fm/s/26dd7108/podcast/rss,,,,
hungarian-essential-grammar,Hungarian: An Essential Grammar,https://www.routledge.com/Hungarian-An-Essential-Grammar/Rounds/p/book/9780415777377,hungarian,hungarian,book,intermediate|advanced,B1–C2,grammar|writing,paid,3,grammar-reference,reference,Carol Rounds' reference grammar — the standard English-language Hungarian one.,"The most widely used English-language description of Hungarian grammar, systematic about the case system, verbal prefixes, definite and indefinite conjugation and word order in a way no free site fully matches. It is organised for lookup, assumes basic grammatical terminology, and rewards you most once you are past the beginner stage and asking precise questions. Now in its second edition. Paid, and dense — it explains thoroughly but will not entertain you.",,,,,,,
hungarian-lesson-zsuzsi,Hungarian Lesson with Zsuzsi,https://hungarianlesson.eu/,hungarian,hungarian,tutoring|course|youtube,beginner|intermediate|advanced,A1–C1,speaking|grammar|writing,freemium,2,structured-course|conversation-practice,citizenship-exam|speaking-practice,Online Hungarian school with live Zoom classes and citizenship-exam preparation.,"Zsuzsi runs levelled live group classes over Zoom plus private lessons, with a placement test and — unusually — dedicated preparation for the Hungarian citizenship language exam, which is exactly what many learners in Hungary actually need. Her YouTube channel publishes free lessons and was active in August 2026, and there are published books. Group courses, private lessons and books cost money. Worth the fee mainly if you need live correction or the exam track.",,,,,,https://www.youtube.com/@hungarianlessonwithzsuzsi,
hungarian-with-dori,Hungarian with Dori,https://podcasts.apple.com/us/podcast/hungarian-with-dori-podcast-for-hungarian-learners/id1794529164,hungarian,hungarian,podcast,beginner|intermediate,A2–B1,listening|vocabulary,free,2,comprehensible-input,comprehensible-input,"Dora Erdei's learner podcast — clear, slow Hungarian on everyday topics.","A teacher-made podcast aimed squarely at learners, speaking slowly and clearly about ordinary subjects so you can follow without transcripts. Around 60 episodes since early 2025, with new ones through July 2026, makes it one of the more consistently produced Hungarian learner podcasts right now. Free on podcast apps. Audio is home-recorded and there is no accompanying written material, so pair it with something you can read.",https://podcasts.apple.com/us/podcast/hungarian-with-dori-podcast-for-hungarian-learners/id1794529164,,https://anchor.fm/s/ff9c3a38/podcast/rss,,,,
hungarian-with-patrik,Hungarian with Patrik,https://podcasts.apple.com/us/podcast/hungarian-with-patrik/id1883667991,hungarian,hungarian,podcast,beginner|intermediate,A2–B1,listening|vocabulary|grammar,free,2,comprehensible-input,comprehensible-input,"A newer, actively-published Hungarian teacher podcast releasing through 2026.","Patrik is a Hungarian teacher producing regular learner episodes, and with releases continuing into August 2026 it is among the freshest options in a field where several well-known shows have gone quiet. Around 47 episodes so far. Free. The archive is still small compared with Sziszi's, so treat it as a supplement rather than a main course — though the steady release schedule is worth something in itself.",https://podcasts.apple.com/us/podcast/hungarian-with-patrik/id1883667991,,https://media.rss.com/hungarianwithpatrik/feed.xml,,,,
hungarian-with-sziszi,Hungarian with Sziszi,https://podcasts.apple.com/us/podcast/hungarian-with-sziszi/id1550002940,hungarian,hungarian,podcast|youtube,beginner|intermediate,A1–B2,listening|vocabulary|immersion,freemium,3,comprehensible-input,comprehensible-input|graded,Levelled Hungarian stories and natural speech — around 150 episodes.,"Sziszi teaches through natural stories and meaningful input organised by level, which makes this one of the most-recommended listening resources for Hungarian learners; roughly 150 episodes have built up since 2021. The podcast's last run was late 2025 while the YouTube channel continued into 2026, so check both rather than assuming the project has stopped. Episodes are free; transcripts and extra materials are paid. Good from late-beginner onward, with the earliest levels still assuming some vocabulary.",https://podcasts.apple.com/us/podcast/hungarian-with-sziszi/id1550002940,,https://anchor.fm/s/483728e4/podcast/rss,,,https://www.youtube.com/@HungarianwithSziszi,
hungarianpod101,HungarianPod101,https://www.hungarianpod101.com/,hungarian,hungarian,course|podcast|app,beginner|intermediate,A1–B1,listening|vocabulary|grammar,freemium,4,structured-course,dialogues,"The biggest structured Hungarian audio course, publishing daily through 2026.","Hundreds of recorded dialogues with line-by-line breakdowns, vocabulary lists, flashcards and PDF notes, plus a YouTube channel that was posting in August 2026 — for a language this size, that volume of professionally recorded beginner listening is hard to find elsewhere. Its weakness is the familiar Pod101 one: lessons are grouped into pathways but do not build tightly on each other, so it supplements a course better than it replaces one. The free tier is limited and the upsell pressure is constant.",https://podcasts.apple.com/us/podcast/learn-hungarian-hungarianpod101-com/id448503629,,https://www.hungarianpod101.com/wp-feed-audio-video.php,,,,
hungarianreference,HungarianReference.com,https://hungarianreference.com/,hungarian,hungarian,website|book,beginner|intermediate|advanced,A1–C1,grammar|pronunciation|reading,free,4,grammar-reference,reference|cases|writing-system,Free grammar reference that finally makes Hungarian's ~20 cases feel systematic.,"Daniel Clarke's site explains Hungarian grammar for English speakers as an interlocking system — vowel harmony, the case suffixes, possession, definite versus indefinite conjugation — rather than as a list of rules to memorise, which is exactly what most learners need when Hungarian first looks impossible. It also covers the alphabet and pronunciation, so it works from day one. Completely free with no account. It is a reference, not a course: no exercises, no audio programme, and you will need input material alongside it.",,,,,,,
livelingua-hungarian,Live Lingua Hungarian (FSI & Peace Corps),https://www.livelingua.com/courses/hungarian,hungarian,hungarian,course|book,beginner|intermediate,A1–B2,grammar|reading|listening|vocabulary,free,3,structured-course|audio-method,public-domain|structured-course,"Fourteen public-domain government courses: 23 ebooks and 279 audio files, free.","Mirrors the public-domain US government (FSI and Peace Corps) Hungarian materials — 14 courses, 23 ebooks and 279 audio files at no cost, which is by far the largest free structured archive for Hungarian. The FSI method is drill-heavy and unusually rigorous about morphology, which suits Hungarian's suffix system well. The recordings are decades old, so audio quality is poor and some vocabulary is dated. Free, though the site pushes its paid tutoring alongside.",,,,,,,
plain-hungarian,Plain Hungarian,https://podcasts.apple.com/us/podcast/plain-hungarian/id1779799319,hungarian,hungarian,podcast,intermediate,B1–B2,listening|immersion|vocabulary,free,2,comprehensible-input,comprehensible-input,Csilla speaking simplified but natural Hungarian — the step after beginner podcasts.,"Aimed at the awkward middle where you have finished the beginner material but native podcasts are still a wall: Csilla speaks real Hungarian with simplified vocabulary and unhurried delivery. Around 75 episodes, still appearing in mid-2026. Free. It assumes you already have the basics, so starting here as a complete beginner will be discouraging rather than useful.",https://podcasts.apple.com/us/podcast/plain-hungarian/id1779799319,,https://rss.buzzsprout.com/2138870.rss,,,,
reddit-r-hungarian,r/hungarian,https://www.reddit.com/r/hungarian/,hungarian,hungarian,community,beginner|intermediate|advanced,,writing|grammar|vocabulary|reading,free,4,,q-and-a,Learner community where natives untangle suffixes and word order questions.,"The main English-speaking gathering point for Hungarian learners, where native speakers explain why a suffix chain or word order sounds wrong — the kind of question Hungarian generates constantly and that references answer slowly. Recurring threads also collect resources, which matters for a language with a thin published market. Free. Traffic is moderate, so replies take hours, and answers occasionally conflict when native intuition varies by region.",,,,,,,
telex-hungarian,Telex,https://telex.hu/,hungarian,hungarian,media,advanced,B2–C2,reading|vocabulary|immersion,free,4,authentic-media,native-content|news,Independent Hungarian news site — daily authentic reading once you reach B2.,"One of Hungary's main independent news outlets, reader-funded and free, publishing across politics, culture, science and long-form features. The range of registers is what makes it useful: a culture feature and a news brief demand very different vocabulary from the same site. Free. This is unadapted native writing with heavy use of verbal prefixes and compound nouns, so it belongs at B2 and above rather than as early reading practice.",,,,https://apps.apple.com/us/app/telex/id1554485847,https://play.google.com/store/apps/details?id=hu.app.telex,https://www.youtube.com/c/telexponthu,
the-magyar-hub,The Magyar Hub,https://www.youtube.com/@TheMagyarHub,hungarian,hungarian,youtube|course,beginner|intermediate,A1–B1,speaking|listening|vocabulary,free,2,structured-course,structured-course,A numbered conversation course — 79+ lessons of practical spoken Hungarian.,"Sequentially numbered lessons on daily conversation and themed vocabulary, which gives the channel something most YouTube teaching lacks: a path you can follow in order instead of grazing. Publishing was frequent right through August 2026. Free. The production is straightforward and repetitive by design, which is good for retention but can feel dry if you want entertainment alongside your practice.",,,,,,,
wikiszotar,WikiSzótár,https://wikiszotar.hu/,hungarian,hungarian,dictionary,intermediate|advanced,B1–C2,vocabulary|reading,free,2,,monolingual,Monolingual Hungarian explanatory dictionary with etymology and example sentences.,"A Hungarian-to-Hungarian explanatory dictionary giving meanings, word origins, grammatical notes and example sentences — the step to take once translating every word back to English starts holding you back. Etymology entries are genuinely interesting in Hungarian, where word-building is so transparent. Free to use. Entirely in Hungarian with no English interface, so realistically it becomes usable around B1.",,,,,,,
bahasa-indonesia-bersama-windah,Bahasa Indonesia Bersama Windah,https://podcasts.apple.com/us/podcast/bahasa-indonesia-bersama-windah-for-intermediate-indonesian/id1559672000,indonesian,indonesian,podcast,intermediate|advanced,B1–C1,listening|vocabulary|immersion,free,2,comprehensible-input,,"230+ episodes almost entirely in Indonesian, pitched at intermediate learners.","Windah Anastasia has built the deepest free listening archive for intermediate Indonesian: over 230 episodes delivered 99% in Indonesian, on culture, daily life and language questions, and still running in 2026. The host tells you to start from episode one, and that is good advice — the early episodes are noticeably slower and more scaffolded. There are no transcripts, so it is a stretch below roughly B1.",https://podcasts.apple.com/us/podcast/bahasa-indonesia-bersama-windah-for-intermediate-indonesian/id1559672000,,https://anchor.fm/s/520f510c/podcast/rss,,,,RSS=https://anchor.fm/s/520f510c/podcast/rss
bbc-indonesia,BBC News Indonesia,https://www.bbc.com/indonesia,indonesian,indonesian,media|website,intermediate|advanced,B1–C1,reading|listening|vocabulary,free,3,authentic-media,news,"News in clear standard Indonesian, with short videos on most stories.","BBC's Indonesian service writes in careful standard Indonesian and keeps articles short, which makes it the gentlest on-ramp to reading real news — easier than the domestic press while still fully authentic. Most stories carry a subtitled video, so you get reading and listening from the same item. The register is formal journalistic Indonesian, quite far from how people speak, so pair it with conversational material.",,,,,,,
cinta-bahasa,Cinta Bahasa,https://cintabahasa.com/,indonesian,indonesian,tutoring|course,beginner|intermediate|advanced,A1–C1,speaking|grammar|listening,paid,2,structured-course|conversation-practice,bali|language-school,Bali language school (Ubud and Sanur) teaching Indonesian in person and online.,"One of the first officially accredited Indonesian language schools in Bali, running since 2011 with campuses in Ubud and Sanur plus private online classes that follow the same syllabus. For expats and long-stay visitors it is the standard recommendation, and the teachers are trained in BIPA methodology rather than improvising. It is real tuition at real prices, and the fee chart is only visible after you dig into the site.",,,,,,,
easy-indonesian,Easy Indonesian,https://www.youtube.com/@easyindonesian,indonesian,indonesian,youtube|media,intermediate|advanced,B1–C1,listening|immersion|vocabulary,free,3,comprehensible-input,comprehensible-input,"Street interviews with real Indonesians, dual Indonesian and English subtitles.","The Indonesian entry in the Easy Languages network: unscripted interviews filmed on the street, subtitled in Indonesian and English at the same time so you can follow speech far above your reading level. It was posting several times a week as of August 2026, which makes it the most active free source of natural Indonesian on video. The channel is still small, and the whole point is unedited fast speech — genuine beginners should treat it as listening exposure rather than a lesson.",,,,,,,
indonesian-for-foreigners-podcast,Indonesian for Foreigners,https://podcasts.apple.com/us/podcast/indonesian-for-foreigners/id1509642531,indonesian,indonesian,podcast,beginner|intermediate,A2–B1,listening|vocabulary,free,2,comprehensible-input,archive,70 short episodes aimed at learners keeping their Indonesian alive between lessons.,"Ghozali Saputro's series is explicitly for foreigners learning or maintaining Indonesian, with short episodes that stay comprehensible while still sounding like a native speaker talking. It sits nicely between beginner course audio and full-speed native podcasts. The feed stopped in early 2025, so treat it as a finished archive of about 70 episodes rather than an ongoing show.",https://podcasts.apple.com/us/podcast/indonesian-for-foreigners/id1509642531,,https://anchor.fm/s/1dcbed9c/podcast/rss,,,,
indonesian-with-an,Indonesian with An,https://www.youtube.com/@IndonesianwithAn,indonesian,indonesian,youtube,beginner|intermediate,A1–B1,listening|speaking|vocabulary,free,2,comprehensible-input,comprehensible-input,"Conversation-first lessons from an experienced tutor, spoken slowly and clearly.","An is a working conversational Indonesian tutor and her channel focuses on the phrases and sentence patterns that actually come up when you talk to people, delivered in slow, clear Indonesian with English support. It is a good bridge between scripted course audio and the real thing. The channel is small and posts irregularly (last uploads a few weeks apart in 2026), so it complements a structured course rather than replacing one.",,,,,,,
indonesian-with-suci,Indonesian with Suci,https://www.youtube.com/@indonesianwithsuci,indonesian,indonesian,youtube,beginner|intermediate,A1–B1,listening|vocabulary|immersion,free,2,comprehensible-input,comprehensible-input,"Short everyday-life clips in simple Indonesian, posted regularly by a native speaker.","Suci posts short, frequent videos built around ordinary situations — shopping, food, small talk — in simplified but natural Indonesian, and she was still uploading in August 2026. The steady drip of short clips suits daily listening practice better than hour-long lessons. It is a very small channel with no structured curriculum and fairly basic production, so use it for exposure alongside a proper course.",,,,,,,
indonesianpod101,IndonesianPod101,https://www.indonesianpod101.com/,indonesian,indonesian,podcast|course|app,beginner|intermediate,A1–B2,listening|vocabulary|grammar|speaking,freemium,4,structured-course,,"The biggest structured audio-lesson library for Indonesian, with transcripts.","Innovative Language's Indonesian arm is the largest organised body of dialogue-based audio lessons for the language, each with a line-by-line transcript, vocabulary list and cultural note. It is the most reliable way to get from zero to comfortable listening, and the free account plus the YouTube channel already cover a lot of ground. Caveats: the site pushes subscriptions hard, the lesson navigation is genuinely confusing, and the upper levels thin out fast — expect to leave it around B1/B2.",https://podcasts.apple.com/us/podcast/learn-indonesian-indonesianpod101-com/id448503741,,https://www.indonesianpod101.com/wp-feed-audio-video.php,,,https://www.youtube.com/@IndonesianPod101,
kbbi-daring,KBBI Daring (official Indonesian dictionary),https://kbbi.kemendikdasmen.go.id/,indonesian,indonesian,dictionary|website,intermediate|advanced,B1–C2,reading|vocabulary,free,5,,monolingual,The official Indonesian-Indonesian dictionary from the national language agency.,"KBBI is the authoritative dictionary of Indonesian, maintained by the government language agency, and the online sixth edition is the reference to settle what a word really means, which register it belongs to, and whether it is standard at all. Because it is monolingual it only becomes usable around B1, but from there it beats every bilingual option. You need a free account to search the web version; offline mobile apps exist if you would rather not register.",,,,,,,
kompas-indonesia,Kompas,https://www.kompas.com/,indonesian,indonesian,media|website,advanced,B2–C2,reading|vocabulary,free,4,authentic-media,news,Indonesia's paper of record — unfiltered native-level reading across every topic.,"Kompas is the most respected national daily and the natural next step once BBC Indonesia stops being a challenge: full-speed journalistic Indonesian, huge volume, and long-form pieces on politics, economics and culture that no learner-oriented source covers. Reading it daily is the cheapest way to build an adult vocabulary. It is written for Indonesians with no concessions to learners, and some sections sit behind a paywall.",,,,https://apps.apple.com/app/apple-store/id535483055,https://play.google.com/store/apps/details?id=com.ertanto.kompas.official,https://www.youtube.com/@kompascom,
language-studies-indonesia,Language Studies Indonesia,https://www.languagestudiesindonesia.com/,indonesian,indonesian,tutoring|course,beginner|intermediate|advanced,A1–C1,speaking|grammar|writing|listening,paid,2,structured-course|conversation-practice,language-school|cefr,"CEFR-aligned Indonesian programs online and in Jakarta, aimed at working professionals.","A long-established school that maps its Indonesian programs to CEFR levels and issues progress reports, which matters if you need documented proficiency for a job or a visa rather than just conversational ability. Classes run one-to-one or in small groups, in Jakarta or online. Pricing is corporate-training territory, so it is overkill for a casual learner — the appeal is structure and accountability.",,,,,,https://www.youtube.com/channel/UCAHsItSKiaWz7t4nXz_sqeA,
learn-indonesian-online-hani,Learn Indonesian Online (Hani Calista),https://www.youtube.com/@Learnbahasa.indonesia,indonesian,indonesian,youtube,beginner|intermediate,A1–B1,grammar|vocabulary|listening,free,2,grammar-reference,bipa,Certified BIPA teacher explaining Indonesian grammar and daily conversation in English.,"Hani Calista is a certified teacher of Indonesian as a foreign language, and her 200-plus videos are the clearest free grammar explanations available for the language — prefixes and suffixes, me-/di- verbs, and the formal/informal split all get proper treatment. Explanations are in English, so it works from day one. Uploads have slowed to every couple of months, so treat it as a reference library rather than a series to follow.",,,,,,,
reddit-indonesian,r/indonesian,https://www.reddit.com/r/indonesian/,indonesian,indonesian,community,beginner|intermediate|advanced,,grammar|vocabulary|writing,free,3,,forum,The main English-language forum for Indonesian learners' questions.,"The go-to place to ask why a sentence uses di- instead of me-, whether a phrase sounds natural, or which textbook is worth buying, with answers from native speakers and long-term learners. Search before posting — most beginner grammar questions have been answered several times already. Traffic is modest compared with the big language subreddits, so replies can take a day.",,,,,,,
sealang-indonesian,SEAlang Library — Indonesian,http://sealang.net/indonesia/,indonesian,indonesian,dictionary|tool,intermediate|advanced,B1–C2,reading|vocabulary,free,2,,corpus,Academic Indonesian dictionary plus a searchable corpus of real texts.,"SEAlang is a university-built lexicography project that pairs a serious Indonesian dictionary with a bitext corpus you can search for how a word is actually used in published writing. For anyone reading real Indonesian — news, literature, official documents — the corpus search answers questions no learner dictionary can. The interface is uncompromisingly academic and looks two decades old, and there is no audio or beginner material.",,,,,,,
sederet,Sederet,https://www.sederet.com/,indonesian,indonesian,dictionary|tool,beginner|intermediate,A1–B2,vocabulary|reading|writing,free,3,,bilingual,"Long-running English–Indonesian dictionary with example sentences, free and no login.","Sederet is the workhorse English–Indonesian dictionary most learners in Indonesia end up using: fast lookups in both directions, root-word handling that copes with Indonesian's affixes, and example sentences for common words. It is free and needs no account. The site is built for Indonesians learning English, so the surrounding tutorials point the other way and the page is cluttered with ads and unrelated tools.",,,,,,,
sneddon-indonesian-grammar,Indonesian: A Comprehensive Grammar (Sneddon et al.),https://www.routledge.com/Indonesian-A-Comprehensive-Grammar/Sneddon-Adelaar-Djenar-Ewing/p/book/9780415581547,indonesian,indonesian,book,intermediate|advanced,B1–C2,grammar|reading|writing,paid,3,grammar-reference,reference-grammar,"The standard reference grammar of Indonesian, updated by Adelaar, Djenar and Ewing.","This is the reference grammar serious learners and linguists reach for: exhaustive treatment of the affix system, voice, and the differences between formal written Indonesian and everyday colloquial speech, with thousands of real examples. Nothing else explains me-/di-/ter- or the -kan/-i distinction with this much precision. It is a reference book, not a course — dry, expensive, and useless as a starting point, but the last word once you are past the basics.",,,,,,,
talk-in-indonesian,Talk In Indonesian,https://talkinindonesian.com/,indonesian,indonesian,course|website,beginner|intermediate,A1–B1,listening|speaking|vocabulary|grammar,paid,3,structured-course,colloquial-indonesian,"One-time-payment course built on everyday spoken Indonesian, not textbook language.","A self-study course of dialogue lessons recorded with speakers from Jakarta, Yogyakarta, Bali and Surabaya, deliberately teaching the colloquial Indonesian people actually use rather than the formal register textbooks lead with. The $97 lifetime price with no subscription is unusual and fair if you finish it. Be aware that most of the glowing reviews online come from sites affiliated with the product, and there is little free sample material, so judge it from the demo lessons before paying.",,,,,,,
accademia-della-crusca,Accademia della Crusca,https://accademiadellacrusca.it/,italian,italian,website,advanced,B2–C2,grammar|reading|writing,free,3,grammar-reference,,Italy's language academy answering usage questions — the final word on 'is this correct?',"The consulenza linguistica archive holds hundreds of expert answers to exactly the questions advanced learners get stuck on: which auxiliary, whether a form is regional, whether a new anglicism is acceptable. Everything is in Italian and written for an educated native audience, so it is a C1-ish read. Free, and you can submit your own question, though only recurring or generally interesting ones get answered.",,,,,,,
alessandro-barbero-youtube,Alessandro Barbero — We Are History,https://www.youtube.com/@vassallidibarbero,italian,italian,youtube|media,advanced,B2–C2,listening|vocabulary|immersion,free,3,authentic-media,authentic-speech|history,Italy's most listenable historian lecturing at length — free advanced listening.,"Barbero's lectures are a cult favourite among Italians and an accidental gift to learners: he speaks slowly, articulates unusually clearly, and structures arguments so you can follow the thread even when individual words escape you. Hours of free material on everything from Waterloo to medieval daily life. Nothing is adapted for learners — no subtitles you can rely on, and the vocabulary is educated and specialised.",,,,,,,
alma-tv,ALMA TV,https://www.almaedizioni.it/en/alma-tv/,italian,italian,website|course,beginner|intermediate|advanced,A1–C1,grammar|listening|vocabulary,free,2,grammar-reference,,500+ free videos with exercises from Italy's main italiano-per-stranieri publisher.,"ALMA Edizioni's free web-TV: grammar series like Grammatica Caffè (by Roberto Tartaglione), vocabulary, culture and teacher-training sections, each video paired with didactic activities. Because it comes from a textbook publisher, the sequencing and terminology line up with what you'd meet in an Italian classroom. Free to watch; the linked coursebooks are paid. Navigation is a bit of a maze — browse by section rather than hunting.",,,,,,,
cils-unistrasi,CILS certification (Università per Stranieri di Siena),https://cils.unistrasi.it/,italian,italian,website,beginner|intermediate|advanced,A1–C2,listening|reading|writing|speaking,paid,3,,,"Italy's state-recognised proficiency exam, A1 to C2, plus the B1 cittadinanza level.","Run by the University for Foreigners of Siena and recognised by the Italian foreign ministry: B2 admits you to Italian universities and the special B1 cittadinanza is the level required for citizenship by marriage. The site carries the official exam calendar, centre list and past papers, which are the most useful free study material here. Fees and sitting dates vary by centre, and results take two to four months.",,,,,,,
coffee-break-italian,Coffee Break Italian,https://coffeebreaklanguages.com/coffeebreakitalian/,italian,italian,podcast|course,beginner|intermediate|advanced,A1–C1,listening|grammar|speaking,freemium,3,structured-course|audio-method,,Teacher-learner-native trio format that takes you from zero across four seasons.,"The most reliable structured audio course for absolute beginners: Mark teaches, a learner asks the questions you'd ask, and Francesca supplies the native model. Season 1 starts from nothing and the separate Coffee Break Italian Advanced feed pushes into C1 territory with authentic-speed conversation. All audio episodes are free; the premium versions add video, transcripts and exercises. Pacing is deliberately slow — impatient learners may prefer a textbook.",https://podcasts.apple.com/us/podcast/coffee-break-italian/id958179457,,https://feeds.acast.com/public/shows/86766c5f-1580-450f-9376-bd74b57fcfbb,,,,
easy-italian-podcast,Easy Italian Podcast,https://www.easyitalian.fm/,italian,italian,podcast,intermediate|advanced,B1–C1,listening|vocabulary|immersion,freemium,3,comprehensible-input,authentic-speech,"Two native hosts chatting unscripted about Italian life, with member transcripts.","The audio sibling of the Easy Italian channel: natural, unscripted conversation at close to normal speed about daily life, food, work and Italian oddities. Because nothing is scripted it is a step above Podcast Italiano in difficulty — treat it as B1+ listening rather than a lesson. Episodes are free; interactive transcripts and vocabulary helpers require the membership.",https://podcasts.apple.com/us/podcast/easy-italian-learn-italian-with-real-conversations/id1608769233,https://open.spotify.com/show/59TPcUBnfpuKY91BmzTVgb,https://feeds.fireside.fm/easyitalian/rss,,,https://www.youtube.com/c/EasyItalian,
easy-italian-youtube,Easy Italian (YouTube),https://www.youtube.com/@EasyItalian,italian,italian,youtube,beginner|intermediate|advanced,A1–C1,listening|vocabulary|immersion,freemium,4,comprehensible-input,authentic-speech|subtitles,"Street interviews with real Italians, dual Italian/English subtitles on every clip.","The Italian arm of the Easy Languages project, run by Katie and Matteo out of Milan. Unscripted interviews give you the speed, filler words and regional accents textbooks hide, and the 'Super Easy Italian' series slows everything down for beginners. Videos are free with dual subtitles; the membership adds interactive transcripts and exercises. The main series is genuinely hard at A1 — use Super Easy Italian first.",,,,,,,
grammatica-pratica-nocchi,Grammatica pratica della lingua italiana (Nocchi),https://www.almaedizioni.it/it/catalogo/scheda/grammatica-pratica-edizione-aggiornata/,italian,italian,book,beginner|intermediate,A1–B2,grammar|writing,paid,2,grammar-reference|structured-course,,"The 'Nocchi' — compact rule cards plus graded exercises, A1 to B2, with answer key.","The most widely used practice grammar in Italian-as-a-foreign-language teaching: one page of rule, several pages of graded exercises, tests and games, with solutions included so it works for self-study. The updated edition adds online audio. It is a workbook, not a reference tome — for exhaustive explanations of subjunctive nuance you'll want a fuller grammar, and the B1–C1 companion is a separate volume.",,,,,,,
il-coniugatore,Il Coniugatore,https://www.ilconiugatore.com/,italian,italian,tool,beginner|intermediate|advanced,A1–C2,grammar|writing,free,2,grammar-reference,,"Type any Italian verb, get every tense and mood — including the ones you dread.","A no-nonsense free conjugator covering the full paradigm including congiuntivo, condizionale, passato remoto and the compound tenses, with reflexive and negative forms. Handy precisely because Italian irregulars cluster in the tenses you meet late. Ad-supported and plain-looking, and like any conjugator it tells you the form but not when to use it — pair it with a grammar.",,,,,,,
il-post-podcasts,Il Post — podcast,https://www.ilpost.it/podcasts/,italian,italian,media|podcast,advanced,B2–C2,listening|reading|immersion,freemium,3,authentic-media,authentic-speech|news,Italy's best-known online paper and its podcast slate — native-speed current affairs.,"The natural graduation step after News in Slow Italian: real Italian journalism, spoken at real speed, on politics, science, media and culture. Il Post's writing is unusually clear by Italian press standards, which makes the site itself good reading practice. Many podcasts and articles are free; the flagship daily 'Morning' and some series require a subscription. Firmly C-level listening — no transcripts or glossaries.",https://podcasts.apple.com/us/podcast/tienimi-bordone-il-post/id1584952409,,https://www.spreaker.com/show/5091993/episodes/feed,,,,
italian-comprehensible-input,Italian Comprehensible Input,https://www.youtube.com/@ItalianComprehensibleInput,italian,italian,youtube,beginner|intermediate,A1–B1,listening|vocabulary|immersion,free,2,comprehensible-input,comprehensible-input,"Simple-Italian vlogs built from common words, drawings and context — no English.","A Dreaming-Spanish-style channel for Italian: walks through markets and streets narrated in deliberately simple Italian, with visuals and gestures doing the explaining instead of translation. Useful from near-zero because meaning is carried by context, and it builds listening habit rather than rules. The library is smaller than the Spanish equivalents, so pair it with Italiano Bello and Super Easy Italian for volume.",,,,,,,
italiano-automatico,Italiano Automatico,https://www.italianoautomatico.com/,italian,italian,podcast|youtube|course,beginner|intermediate,A2–B2,listening|speaking|vocabulary,freemium,3,comprehensible-input,comprehensible-input,"Alberto Arrighini's slow, motivational Italian-only podcast, still going since 2013.","One of the longest-running Italian learning podcasts — still publishing in 2026 — built on the idea of listening to easy Italian repeatedly rather than studying rules. Alberto speaks slowly and repeats key phrases, which suits A2 learners who are not ready for Podcast Italiano yet. Episodes are free; the courses and transcript bundles are paid. Content leans self-help/motivation, so skip it if that style grates.",https://podcasts.apple.com/us/podcast/italiano-automatico-podcast/id698154514,,https://italianoautomatico.podomatic.com/rss2.xml,,,https://www.youtube.com/channel/UChJtl-bJFgQit_BmjL5axtg,
italiano-bello,Italiano Bello,https://www.youtube.com/@italianobello,italian,italian,podcast|youtube,beginner|intermediate,A2–B1,listening|vocabulary|immersion,free,2,comprehensible-input,comprehensible-input,"Irene Regini talking about ordinary Italian life in slow, simple Italian.","No English, no lesson structure — just clear, unhurried Italian about daily life, books, learning and living in Italy, with subtitles on the video versions. It reads more like listening in on someone's thoughts than a course, which is exactly what makes it good early comprehensible input once you're past absolute beginner. Free on YouTube and podcast apps; she also sells courses and a shop of learner materials.",https://podcasts.apple.com/us/podcast/italiano-bello/id1522062006,,https://anchor.fm/s/29e106d0/podcast/rss,,,,
italianpod101,ItalianPod101,https://www.italianpod101.com/,italian,italian,podcast|course|app,beginner|intermediate|advanced,A1–C1,listening|vocabulary|grammar,freemium,3,structured-course,,"Enormous graded audio-lesson library with dialogues, transcripts and flashcards.","The Italian entry in the Innovative Language 101 family: thousands of short lessons organised into level pathways, each with a dialogue, line-by-line breakdown and PDF. Its real value is breadth — you can always find a lesson on the exact situation you need. Quality varies between series, marketing emails are relentless, and most of the library sits behind a subscription; a rotating free sample is available with a free account.",https://podcasts.apple.com/us/podcast/learn-italian-italianpod101-com/id273450951,,https://www.italianpod101.com/wp-feed-audio-video.php,https://apps.apple.com/us/app/italianpod/id6502172916,https://play.google.com/store/apps/details?id=it.sondo.itpa,,
italy-made-easy,Italy Made Easy,https://italymadeeasy.com/,italian,italian,course|youtube|podcast,beginner|intermediate,A1–B1,listening|grammar|pronunciation,freemium,3,structured-course,,"Manu Venditti's structured beginner path, from pronunciation to 'From Zero to Italian'.","Manu has taught Italian to English speakers for over twenty years and his free YouTube pronunciation and grammar series are still among the clearest starting points in the language. The '100% in Italiano' podcast comes with free PDF transcripts and comprehension questions, which makes it unusually usable for self-study. The flagship 'From Zero to Italian' course is a paid membership — the free material alone is enough to reach solid A2.",https://podcasts.apple.com/us/podcast/podcast-100-in-italiano-by-italy-made-easy/id1410851204,,https://feed.pod.co/italy-made-easy-podcast,,,https://www.youtube.com/@italymadeeasy,
joy-of-languages-italian,Learn Italian with Joy of Languages,https://italian.joyoflanguages.com/,italian,italian,podcast,beginner|intermediate,A1–B1,listening|vocabulary|speaking,freemium,2,structured-course,,Bite-sized Katie-and-Matteo episodes that teach one useful thing at a time.,"Katie learned Italian as an adult in Milan and teaches with Matteo, a native speaker, so the explanations target exactly what English speakers get wrong. Episodes are short and topic-driven — a phrase, a mistake, a cultural habit — which makes it one of the few genuinely usable podcasts at A1–A2. Audio is free; bonus lesson materials and the online school are paid.",https://podcasts.apple.com/us/podcast/learn-italian-with-joy-of-languages/id1217040140,,https://feeds.fireside.fm/learnitalianwithjoyoflanguages/rss,,,,
learn-italian-with-lucrezia,Learn Italian with Lucrezia,https://www.youtube.com/@lucreziaoddone,italian,italian,youtube,beginner|intermediate,A1–B2,listening|grammar|vocabulary,freemium,4,grammar-reference|comprehensible-input,,"Lucrezia Oddone's calm, clearly-spoken grammar lessons and Rome vlogs.","A DITALS-certified teacher who has been publishing since 2013 and now has one of the largest Italian-learning channels. The strength is her diction: she speaks slowly and precisely in Italian with subtitles, so the vlogs double as listening practice while the lesson videos untangle things like ci/ne and the congiuntivo. Best for A2–B1 learners who want structured grammar without leaving Italian. YouTube is free; her courses and ebooks are paid.",,,,,,,
learnamo,LearnAmo,https://learnamo.com/en/home/,italian,italian,youtube|website|course,beginner|intermediate|advanced,A1–C1,grammar|vocabulary|listening,freemium,3,grammar-reference,,"Graziana and Rocco's huge free library of grammar, idioms and usage videos.","Probably the broadest free Italian grammar archive on YouTube, with matching written lessons and exercises on the site — strong on the fiddly stuff (prepositions, pronomi combinati, false friends, regional usage). Videos are in Italian with subtitles, so they work from about A2 upward. Free to browse; lessons with their teachers and premium courses are paid. Presentation is fast-paced and ad-heavy, which not everyone enjoys.",,,,,,,
litaliano-vero,L'italiano vero,https://www.litalianovero.it/wp/,italian,italian,podcast,intermediate|advanced,B1–C1,listening|vocabulary|immersion,free,2,authentic-media,authentic-speech,"Italians talking to Italians about sport, news and life — for learners who want the real thing.","Cubo, Paolo and guests have been recording since 2019, and the appeal is that it sounds like eavesdropping on a bar conversation: overlapping speech, slang, jokes and regional colour. Episodes run 20–60 minutes on whatever the hosts feel like. Completely free, but there is little hand-holding — no graded vocabulary and transcripts are limited, so it suits B1+ learners moving toward native content.",https://podcasts.apple.com/us/podcast/litaliano-vero/id1460445344,https://open.spotify.com/show/70Rov8r6Sgg9lwLRWqEtDC,https://www.litalianovero.it/wp/feed/sonus-feed,,,https://www.youtube.com/@litalianoveropodcast,
news-in-slow-italian,News in Slow Italian,https://www.newsinslowitalian.com/,italian,italian,podcast|course,beginner|intermediate|advanced,A1–C1,listening|vocabulary|grammar,freemium,3,comprehensible-input,,"Weekly world news read at reduced speed, with parallel beginner/intermediate/advanced feeds.","Three separate difficulty streams plus grammar and idiom segments and original fiction series, all rebuilt weekly around real news. The slowed delivery is the point: it buys you processing time without dumbing down the vocabulary, which is why it works so well as a bridge to real Italian media. A limited free episode is published each week; full archives, transcripts and exercises need a subscription, and the price is on the high side.",https://podcasts.apple.com/us/podcast/news-in-slow-italian-intermediate/id597224844,,https://rss.libsyn.com/shows/41785/destinations/127311.xml,https://apps.apple.com/us/app/linguistica/id1460842051,https://play.google.com/store/apps/details?id=com.linguistica360.linguistica,,
nuovo-de-mauro,Il Nuovo De Mauro,https://dizionario.internazionale.it/,italian,italian,dictionary,intermediate|advanced,B1–C2,vocabulary|reading,free,2,,,"Tullio De Mauro's dictionary, free on Internazionale — with frequency labels.","About 160,000 entries, and uniquely useful for learners because De Mauro tags words by frequency band (fondamentale, di alto uso, comune…), so you can see at a glance whether a word is worth learning. Definitions are plainer than Treccani's, which makes it the friendlier first monolingual dictionary. Completely free and ad-supported; the interface is dated and there is no app.",,,,,,,
nuovo-espresso,Nuovo Espresso (ALMA Edizioni),https://www.almaedizioni.it/catalogo/nuovo-espresso/,italian,italian,book|course,beginner|intermediate|advanced,A1–C2,grammar|reading|listening|writing,paid,3,structured-course,,"The standard Italian-language classroom coursebook, six volumes A1 to C2.","If you take a course in Italy or at an Italian cultural institute, this is very likely the book on the desk: communicative units, audio, and a workbook in one volume per level, with an access code for the digital edition. Monolingual by design, so it pushes you to think in Italian from lesson one. That also makes it harder to use alone at A1 without a teacher or a video course alongside — pair it with Rai Scuola or ALMA TV.",,,,,,,
one-world-italiano,One World Italiano Video Course,https://oneworlditaliano.com/en/italian-courses/video-course/,italian,italian,course|youtube,beginner|intermediate,A1–B1,grammar|listening|vocabulary,freemium,2,structured-course,,"Veronica's free lesson-by-lesson video course from A1, with exercises on the site.","A complete sequenced video course taught entirely in Italian by Veronica from Cagliari, free to follow on the site and YouTube, with written exercises and grammar summaries alongside. The storytelling style and constant recycling of vocabulary make it one of the better free routes through A1–A2. Higher levels and live classes move to the paid One World Online School, and the production is dated compared with newer channels.",,https://open.spotify.com/show/7DdrJPFMawO8fWtqzOMRcH,,,,,
podcast-italiano,Podcast Italiano,https://www.podcastitaliano.com/,italian,italian,podcast|youtube|course,intermediate|advanced,B1–C1,listening|vocabulary|immersion,freemium,4,comprehensible-input,comprehensible-input|transcripts,"Davide Gemello's all-Italian podcast on culture, language and ideas, with transcripts.","Running since 2016 and the reference point for intermediate Italian listening — monologues and interviews entirely in Italian, with free transcripts and a separate 'Principiante' feed for A2 learners. Davide is a linguistics nerd, so episodes often dig into etymology, dialects and register rather than just tourist topics. Free on all podcast apps and YouTube; the Club (Patreon) and courses are paid. Genuinely hard below B1 — start with the Principiante feed.",https://podcasts.apple.com/us/podcast/podcast-italiano-learn-italian-intermediate-advanced/id1163599279,https://open.spotify.com/show/1y4WrXQPfvoBCyWZBx5vFi,https://rss.buzzsprout.com/2413795.rss,,,https://www.youtube.com/@PodcastItaliano,
rai-scuola-italiano-per-stranieri,Rai Scuola — Italiano per stranieri,https://www.raiscuola.rai.it/italianoperstranieri,italian,italian,course|website,beginner|intermediate|advanced,A1–C1,listening|grammar|reading,free,2,structured-course,,Italy's public broadcaster's free multimedia Italian course for foreigners.,"Produced by Rai Cultura with the Italian education and foreign ministries: video lessons built around real-life scenes, plus grammar and vocabulary exercises, organised as a self-paced MOOC across three level bands. It is free, official and genuinely substantial, which makes it the best zero-cost structured course available. The interface is clunky and there is little feedback or community, so it works best as a supplement rather than your only course.",,,,,,,
reddit-r-italianlearning,r/italianlearning,https://www.reddit.com/r/italianlearning/,italian,italian,community,beginner|intermediate|advanced,A1–C2,grammar|reading|writing,free,3,,,Active learner forum where natives answer 'why is it like this?' questions.,"The main English-language community for Italian learners: grammar questions, resource comparisons, corrections of your writing, and regular threads from natives willing to explain regional usage. Search before posting — most beginner questions have thorough existing answers. Quality of replies varies and it is no substitute for a teacher, but it is the fastest free way to get an odd usage question resolved.",,,,,,,
short-stories-in-italian,Short Stories in Italian for Beginners,https://us.teachyourself.com/products/short-stories-in-italian-for-beginners,italian,italian,book,beginner|intermediate,A2–B1,reading|vocabulary,paid,3,graded-reading,,Eight genre stories written to A2–B1 with glossaries and comprehension questions.,"Olly Richards' graded readers solve the classic beginner problem that real Italian books are far too hard: sci-fi, crime and fantasy plots written within a controlled vocabulary, with per-chapter word lists and summaries so you rarely need a dictionary. Two volumes exist at beginner level, plus an intermediate one. The prose is deliberately plain — it's training material, not literature.",,,,,,,
storia-ditalia-podcast,Storia d'Italia (Marco Cappelli),https://www.italiastoria.com/,italian,italian,podcast|media,advanced,B2–C2,listening|vocabulary|immersion,free,2,authentic-media,authentic-speech|history,"Award-winning narrative history of Italy, made for Italians — hundreds of hours free.","Marco Cappelli tells Italian history from Constantine forward in long, carefully scripted episodes. For learners the appeal is that scripted narration is far easier to follow than conversation while still being 100% native material, and the subject matter recycles the same historical and political vocabulary until it sticks. Free on all podcast apps; Patreon adds bonus episodes. Assumes you can already follow extended Italian.",https://podcasts.apple.com/us/podcast/storia-ditalia/id1439844570,https://open.spotify.com/show/3MBCyz1No5Gy7JSP4cuSqw,https://feeds.megaphone.fm/SDI1612695765,,,https://www.youtube.com/channel/UCzPIENUr6-S0UMJzREn9U5Q,
treccani-vocabolario,Vocabolario Treccani,https://www.treccani.it/vocabolario/,italian,italian,dictionary,intermediate|advanced,B1–C2,vocabulary|reading,free,4,,,"Italy's most authoritative monolingual dictionary, free online with etymologies.","The reference Italians themselves reach for: full definitions, etymology, usage labels and a synonyms section, alongside Treccani's encyclopedia. Switching to a monolingual dictionary is one of the biggest jumps you can make at B1+, and this is the one to switch to. Entries are dense and written in fairly formal Italian, so keep a bilingual dictionary around for a while; some extras and the ad-free app are paid.",,,,,,,
vaporetto-italiano,Learn Italian with Vaporetto Italiano,https://www.youtube.com/@VaporettoItaliano,italian,italian,youtube,beginner|intermediate,A1–B2,grammar|listening|vocabulary,freemium,2,structured-course,,"Francesco's classroom-style lessons: rule, examples, dialogue, quick comprehension check.","The closest thing on YouTube to sitting in an actual Italian classroom — Francesco presents a grammar point, drills it through real-life dialogues and stories, then checks you understood. Good for learners who find vlog-style channels too unstructured and want something closer to a syllabus. Videos are free; courses and private lessons are paid.",,,,,,,
weila-tom,Weilà Tom,https://www.youtube.com/@WeilaTom,italian,italian,youtube,beginner|intermediate,A2–B2,listening|vocabulary|pronunciation,freemium,2,grammar-reference,,Bilingual American-Italian explaining the colloquial Italian that courses skip.,"Tom grew up bilingual and has been on YouTube since 2011, which shows in how well he anticipates English-speaker confusion — gestures, slang, swearing, register, and why the textbook phrase sounds wrong. Videos mix Italian and English, so they stay accessible earlier than fully-immersive channels. Free on YouTube; group lessons via his site are paid. Less useful if you want systematic grammar coverage.",,,,,,,
bunpro,Bunpro,https://bunpro.jp/,japanese,japanese,website|app|tool,beginner|intermediate|advanced,A1–C1,grammar|reading,freemium,3,flashcards|grammar-reference,grammar|srs|jlpt,"SRS for grammar points, N5 to N1, with links out to the best explanation of each.","Fills the gap Anki and WaniKani leave: it drills grammar in cloze sentences and, for every point, links to the relevant page in Tae Kim, Genki, Imabi and others so you can read a real explanation before reviewing. There is a permanent free tier plus a 30-day full trial; Premium is $5/month or $150 lifetime, which is cheap for what it covers. It assumes you already have kana and some vocabulary, and it is a review tool rather than a first-time teacher.",,,,https://apps.apple.com/us/app/bunpro-japanese-srs/id1615337616,https://play.google.com/store/apps/details?id=bunpro.jp.bunpro_srs,https://www.youtube.com/@bunpro,
cure-dolly,Organic Japanese with Cure Dolly,https://www.youtube.com/@organicjapanesewithcuredol49,japanese,japanese,youtube|course,beginner|intermediate,A1–B1,grammar,free,3,structured-course|grammar-reference,grammar|archive,"The zero-copula, 'every sentence has a が' model of Japanese grammar, free on YouTube.","An archived but complete video course arguing that standard textbooks misrepresent Japanese by mapping it onto English, and rebuilding the grammar around an invisible が subject in every sentence. For a lot of learners this is the explanation that finally makes は versus が, passives and causatives click. Cure Dolly died in 2021, so nothing new is coming and the Patreon is gone; the channel and an Internet Archive mirror remain up. Be warned: the synthetic robot voice and avatar put many people off, and subtitles are essential.",,,,,,,
dogen,Dogen (Japanese Phonetics),https://www.youtube.com/@Dogen,japanese,japanese,youtube|course,intermediate|advanced,B1–C2,pronunciation|speaking,freemium,3,pronunciation-training,pitch-accent,"The reference course on Japanese pitch accent, hidden behind comedy sketches.","The free YouTube channel is mostly comedy skits about Japanese life, but Dogen's paid phonetics series is the most systematic treatment of pitch accent and pronunciation available in English, and pitch accent is the thing almost every self-taught learner ignores until it is a hard habit to fix. The full course lives on Patreon (roughly $10/month) rather than YouTube. Only worth it once your grammar and vocabulary are solid enough that accent is your bottleneck.",,,,,,,
game-gengo,Game Gengo,https://www.youtube.com/@GameGengo,japanese,japanese,youtube,beginner|intermediate,A1–B2,grammar|vocabulary|reading,free,2,grammar-reference,,Teaches grammar and vocabulary entirely through screenshots from Japanese video games.,"Every grammar point and word is illustrated with real in-game text from titles you probably recognise, which makes it stick and shows you the language as it is actually written. Structured roughly along JLPT levels so you can follow it as a course. Free on YouTube. Obviously best if you play games in Japanese; the examples skew toward RPG and fantasy register.",,,,,,,
genki-textbook,Genki (3rd Edition),https://genki3.japantimes.co.jp/,japanese,japanese,book|course,beginner,A1–A2,grammar|vocabulary|reading|writing|listening,paid,4,structured-course,,The standard university beginner textbook; two volumes take you to roughly N4.,"Balanced coverage of grammar, kanji, reading, listening and production, with a workbook and audio, which is why most university courses use it. Buying both volumes plus workbooks runs to roughly $150, and it really wants a teacher or study partner for the pair-work exercises. If you are self-studying, pair it with the free ToKini Andy video walkthroughs, which are keyed chapter by chapter.",,,,,,,
imabi,Imabi,https://imabi.org/,japanese,japanese,website,intermediate|advanced,B1–C2,grammar|reading,free,3,grammar-reference,,Encyclopedic free grammar reference covering points no textbook goes near.,"Hundreds of lessons that go far deeper than any commercial course, including Classical Japanese, dialects and rare constructions, all free. This is where you go when you hit a grammar point nothing else explains properly. Absolutely not a beginner's first course — the writing is academic and the sheer volume is discouraging if you start at lesson one.",,,,,,,
japanese-ammo-misa,Japanese Ammo with Misa,https://www.youtube.com/@JapaneseAmmowithMisa,japanese,japanese,youtube,beginner|intermediate,A1–B2,grammar|listening|pronunciation,free,3,grammar-reference,,"Very thorough native-speaker grammar lessons, plus how people actually talk.","Misa goes into far more detail than a textbook on individual grammar points and is unusually good at explaining the casual, contracted and slangy forms that textbooks skip entirely. Videos are long — often 30 to 60 minutes on a single point — which is a feature if you want depth and a problem if you want a quick answer. All free on YouTube.",,,,,,,
japanese-with-noriko,Japanese with Noriko,https://www.japanesewithnoriko.com/,japanese,japanese,podcast,intermediate|advanced,B1–C1,listening|vocabulary,freemium,2,comprehensible-input,,"Thoughtful all-Japanese podcast on culture, work and life at natural-but-clear speed.","Noriko speaks clearly but at close to natural pace about substantive topics — working culture, living abroad, social change — which makes it a real step up from beginner slow-Japanese podcasts. The podcast itself is free; transcripts, vocabulary lists and a learner community sit behind a paid membership. Too fast for beginners; ideal for the B1 plateau.",https://podcasts.apple.com/us/podcast/learn-japanese-with-noriko/id1500470294,https://open.spotify.com/show/1lnCRxM6yMi0xz89cy7rzN,https://anchor.fm/s/1380f800/podcast/rss,,,https://www.youtube.com/@LearnJapanesewithNoriko,
japanesepod101,JapanesePod101,https://www.japanesepod101.com/,japanese,japanese,podcast|course,beginner|intermediate|advanced,A1–B2,listening|vocabulary|grammar|speaking,freemium,4,structured-course,,Enormous back catalogue of dialogue-based audio lessons across every level.,"Thousands of lessons built around a short native dialogue plus line-by-line breakdown, with PDF transcripts, vocabulary lists and cultural notes at the paid tiers. The sheer volume means you can always find something at your level. Caveats worth knowing: the pricing is aggressive with constant discount emails and multiple tiers, quality varies a lot between older and newer series, and the free account is heavily limited after a trial period.",https://podcasts.apple.com/us/podcast/learn-japanese-japanesepod101-com-audio/id112831729,,https://www.japanesepod101.com/wp-feed-audio.php,,,,
jisho,Jisho.org,https://jisho.org/,japanese,japanese,dictionary|website,beginner|intermediate|advanced,,reading|vocabulary,free,4,,,"The default English–Japanese dictionary: search by kanji, radical, reading or meaning.","Built on the free JMdict/KANJIDIC data, it handles wildcard searches, deconjugates verbs, draws kanji by radical or handwriting, and tags words by JLPT level and commonness. Free with no account required. The example sentences come from Tatoeba and vary in quality, and for nuance between near-synonyms a monolingual dictionary will serve you better once you can read one.",,,,,,,
jpdb,jpdb.io,https://jpdb.io/,japanese,japanese,website|tool,intermediate|advanced,A2–C1,vocabulary|reading|immersion,free,2,flashcards,mining|immersion,"Tells you the difficulty and exact vocabulary of specific anime, games and novels.","Its killer feature is per-media word lists: look up a specific show or novel, see how many words it uses and what percentage you already know, then pre-study that deck before you start. The built-in SRS is fast and keyboard-driven. It is free but rough around the edges — sparse documentation, an opinionated review algorithm, and a small one-person-project feel — and it assumes you have already got past the beginner stage.",,,,,,,
kaishi-15k,Kaishi 1.5k Anki Deck,https://github.com/donkuri/Kaishi,japanese,japanese,tool,beginner,A1–A2,vocabulary|reading|listening,free,2,flashcards,anki-deck|srs,"The modern starter Anki deck: 1,500 core words with audio and clean sentence cards.","Built specifically to replace the ageing Core 2k/6k decks, with hand-checked sentences, native audio, pitch-accent marking and no broken formatting. Free on GitHub. It is deliberately small — the point is to get you to the level where you can start mining your own words from real material within a few months, not to be your whole vocabulary plan.",,,,,,,
kanji-study-android,Kanji Study (Chase Colburn),https://www.kanjistudyapp.com/,japanese,japanese,app|tool,beginner|intermediate|advanced,,reading|writing|vocabulary,freemium,3,flashcards,kanji|android,"The most complete Android kanji app: custom sets, writing practice, offline.","Lets you build study sets by JLPT level, grade, frequency or your own list, with flashcards, multiple-choice quizzes, writing challenges and a built-in dictionary — all offline. The free version covers the first few JLPT levels; a single in-app purchase (around $12) unlocks everything permanently, with no subscription. Android only, and the sheer number of options takes a while to navigate.",,,,,https://play.google.com/store/apps/details?id=com.mindtwisted.kanjistudy,,
marumori,MaruMori,https://marumori.io/,japanese,japanese,website|app|course,beginner|intermediate|advanced,A1–C1,grammar|vocabulary|reading,freemium,2,structured-course|flashcards|gamified,,"All-in-one gamified path covering grammar, kanji, vocabulary and reading in one SRS.","Aims to be WaniKani plus Bunpro plus graded reading in a single structured route from pre-N5 to N1, with human-written (explicitly not AI-generated) grammar lessons. $8.99/month, $83.88/year or $349.99 lifetime, with a 14-day trial and a free kana trainer, dictionary and grammar library. N2 content was still being completed as of 2026 and N1 has not started, so advanced learners will outrun it.",,,,https://apps.apple.com/us/app/marumori/id6642702724,https://play.google.com/store/apps/details?id=com.foxlabs.marumori,,
miku-real-japanese,Miku Real Japanese,https://www.youtube.com/@MikuRealJapanese,japanese,japanese,youtube,intermediate|advanced,B1–C1,listening|grammar|vocabulary,freemium,2,comprehensible-input,,"Natural spoken Japanese and nuance explained by a native teacher, mostly in Japanese.","Focuses on what native speakers actually say versus what textbooks teach — nuance between similar expressions, casual contractions, and register. Most videos are largely in Japanese with subtitles, which makes them good listening practice in their own right. Free on YouTube; Miku sells separate courses and a podcast membership. Assumes solid beginner grammar already.",https://podcasts.apple.com/jp/podcast/the-miku-real-japanese-podcast/id1560531490,https://open.spotify.com/show/6Nl8RDfPxsk4h4bfWe76Kg,,,,,
mokuro,Mokuro,https://github.com/kha-white/mokuro,japanese,japanese,tool,intermediate|advanced,,reading|vocabulary|immersion,free,2,,manga|ocr,OCRs manga into selectable text so pop-up dictionaries work on the speech bubbles.,"Runs OCR over manga pages and produces an HTML reader where the text is real selectable text overlaid on the artwork, which means Yomitan works on it. That turns manga from a hard-to-look-things-up format into one of the most accessible ways to read Japanese. Free and open source, but it is a command-line Python tool that you point at files you already own, so expect some setup and no content included.",,,,,,,
natural-japanese-nij,Natural Japanese (formerly Comprehensible Japanese),https://nijapanese.com/,japanese,japanese,media|website|youtube,beginner|intermediate,A1–B2,listening|immersion|vocabulary,freemium,3,comprehensible-input,comprehensible-input,"Graded comprehensible-input video, from complete beginner up, all in Japanese.","Yuki speaks slowly in Japanese only, using drawings, gestures and props so you understand from day one without translation — the closest thing Japanese has to Dreaming Spanish. Rebranded from Comprehensible Japanese to Natural Japanese (NIJ) and moved to nijapanese.com; cijapanese.com now redirects there. Most videos are free on YouTube; the site adds a level-sorted library, transcripts and watch-time tracking behind a subscription.",,,,,,,
nhk-news-web-easy,NHK News Web Easy,https://news.web.nhk/news/easy/,japanese,japanese,media|website,beginner|intermediate,A2–B1,reading|listening|vocabulary,free,4,graded-reading|authentic-media,news|graded,"Real NHK news rewritten in simple Japanese, with furigana and slow audio.","Daily news stories rewritten for children and non-native residents, with furigana on every kanji, definitions on hover, and a slow narrated recording of each article. Free, updated every weekday, and the single best bridge from textbook Japanese to real news. Note that NHK moved the site to news.web.nhk and renamed it NHKやさしいことばニュース; old www3.nhk.or.jp links redirect. Articles are short and the vocabulary skews toward politics and disasters.",,,,,,,
nihongo-con-teppei,Nihongo con Teppei,https://nihongoconteppei.com/,japanese,japanese,podcast,beginner|intermediate|advanced,A1–C1,listening,free,3,comprehensible-input,comprehensible-input,"Hundreds of short all-Japanese episodes, split into beginner and intermediate feeds.","Teppei talks about everyday nothing-in-particular in slow, simplified Japanese for three to five minutes an episode, with well over a thousand episodes across separate beginner, intermediate and Z (advanced) feeds. The short format makes daily listening genuinely sustainable. Free on all podcast apps. No transcripts on the free feeds and no structure — the value is volume and consistency, not instruction.",https://podcasts.apple.com/us/podcast/japanese-podcast-for-beginners-nihongo-con-teppei/id1471500012,,,,,,
nihongo-no-jikan,にほんごのじかん / Japanese Comprehensible Input,https://nihongo-jikan.com/,japanese,japanese,youtube|media,beginner|intermediate|advanced,A1–B2,listening|immersion,free,2,comprehensible-input,comprehensible-input,"Slow, all-Japanese videos on folktales, cooking, gameplay and daily life.","A second strong comprehensible-input channel, running since 2021, covering complete beginner through advanced with a wider range of formats than most — folktales, vlogs, quizzes, let's-plays. The website is a free index that lets you filter by level, topic and style, read transcripts and download audio. Content is free; there is no structured curriculum, so you pick your own path through it.",,,,,,https://www.youtube.com/@nihongo-no-jikan,
nihongo-no-mori,日本語の森 (Nihongo no Mori),https://www.youtube.com/@nihongonomori2013,japanese,japanese,youtube|course,intermediate|advanced,B1–C1,grammar|listening|reading,freemium,2,grammar-reference,jlpt,JLPT N3–N1 grammar taught entirely in Japanese by Japanese teachers.,"Hundreds of free lessons working through JLPT grammar points in Japanese only, which doubles as listening practice and is the standard recommendation for N2 and N1 preparation. Free on YouTube; the company also sells structured online courses. Because it is all in Japanese with no English scaffolding, it is unusable below roughly N4 level.",,,,,,,
onomappu,Onomappu,https://www.youtube.com/@Onomappu,japanese,japanese,youtube,intermediate|advanced,B1–C1,listening|vocabulary|immersion,free,2,authentic-media,,Street interviews and onomatopoeia lessons in natural-speed Japanese with subtitles.,"Ken interviews people on the street and explains slang and onomatopoeia, all in Japanese with dual Japanese/English subtitles, so you get unscripted native speech with a safety net. Excellent for the stage where structured lessons are too slow but raw TV is still too fast. Free. There is no curriculum here — it is listening practice, not a course.",,,,,,,
renshuu,Renshuu,https://www.renshuu.org/,japanese,japanese,website|app,beginner|intermediate|advanced,A1–C1,grammar|vocabulary|reading|listening,freemium,2,structured-course|flashcards,,Remarkably generous free study platform with schedules built around your textbook.,"One of the few sites where the free tier is a complete study system rather than a demo: kanji, vocabulary, grammar and listening schedules, quizzes in several formats, and preset lists matching Genki, Tobira and the JLPT levels. Pro adds extras but is not required. The interface is busy and old-fashioned, and the friendly-mascot presentation is not to everyone's taste, but for a free all-rounder it is hard to beat.",,,,https://apps.apple.com/us/app/renshuu-japanese-learning/id1542730063,https://play.google.com/store/apps/details?id=com.renshuu.renshuu_org,,
ringotan,Ringotan,https://www.ringotan.com/,japanese,japanese,app,beginner|intermediate|advanced,,writing|reading,free,2,flashcards,kanji|handwriting,"SRS app that drills kanji handwriting stroke by stroke, on your phone.","Covers kana plus 3,500 kanji including all jōyō and jinmeiyō characters, checking your stroke order as you draw. It can sync its order to WaniKani, RTK or JLPT levels so it slots into whatever you already use. Currently free on iOS and Android (the developer has said early users keep the full version free permanently). Handwriting is a real time cost, so it only makes sense if producing kanji by hand actually matters to you.",,,,https://apps.apple.com/us/app/ringotan/id1633001064,https://play.google.com/store/apps/details?id=com.Ringotan,,
satori-reader,Satori Reader,https://www.satorireader.com/,japanese,japanese,website|app,beginner|intermediate,A2–B2,reading|listening|vocabulary|grammar,freemium,3,graded-reading,,Graded Japanese stories with native audio and a note on every tricky sentence.,"Over 1,600 episodes of original serialised stories and articles, each with human-recorded audio, per-word definitions in context, and editor notes explaining why a sentence works the way it does — that last part is what separates it from generic reading apps. You can dial furigana down as you improve, and it syncs with your WaniKani level so known kanji lose their furigana automatically. Some content is free; full access is $9/month or $89/year, and it is aimed squarely at the awkward post-Genki stage rather than absolute beginners.",,,,https://apps.apple.com/us/app/satori-reader/id1382950847,https://play.google.com/store/apps/details?id=com.braksoftware.SatoriReader,,
speak-japanese-naturally,Speak Japanese Naturally,https://www.youtube.com/@SpeakJapaneseNaturally,japanese,japanese,youtube,beginner|intermediate,A2–B1,listening|vocabulary|immersion,free,2,comprehensible-input,,Everyday-life vlogs in simple Japanese with Japanese and English subtitles.,"Kaname films ordinary Japanese life — convenience stores, trains, cooking, seasonal customs — speaking clearly and simply with subtitles in both languages. It gives you culture and vocabulary in the same package, which is rare. Entirely free. Not a grammar course, so treat it as listening input rather than study material.",,,,,,,
tadoku-free-books,Tadoku Free Graded Readers,https://tadoku.org/japanese/free-books/,japanese,japanese,book|website,beginner|intermediate,A1–B1,reading,free,2,graded-reading,,"Free downloadable graded readers, starting from a handful of words per page.","Dozens of illustrated PDF booklets sorted into levels, from near-zero Japanese up to comfortable intermediate reading, published free by the tadoku (extensive reading) organisation. Perfect for the phase where textbook dialogues are boring but native material is still impossible. The catalogue is small compared to the paid printed sets, and the stories are simple by design.",,,,,,,
tae-kim-guide,Tae Kim's Guide to Learning Japanese,https://guidetojapanese.org/learn/,japanese,japanese,website|course|book,beginner|intermediate,A1–B1,grammar|reading,free,4,grammar-reference,,The classic free grammar guide that teaches Japanese from a Japanese perspective.,"Explains the language on its own terms — the copula, the real function of は versus が, plain form before polite form — instead of forcing it into English grammar categories. Completely free online, and available as a cheap ebook or app. It is dense and dry, uses casual forms early (which surprises people used to textbooks), and the last update was years ago, but as a grammar reference it has aged well.",,,,,,,
takoboto,Takoboto,https://takoboto.jp/,japanese,japanese,dictionary|app,beginner|intermediate|advanced,,reading|vocabulary,free,2,,,"Free offline Japanese dictionary for Android and Windows, with Anki export.","Works entirely offline, shows conjugation tables and example sentences, supports handwriting input, and can export selected words straight to Anki — which makes it the practical companion to a paper textbook or a book you are reading on the train. Completely free with no ads. Android and Windows only; iOS users should use Shirabe Jisho instead.",,,,https://apps.apple.com/us/app/japanese-dictionary-takoboto/id6743079369,https://play.google.com/store/apps/details?id=jp.takoboto,,
tobira-gateway,Tobira: Gateway to Advanced Japanese,https://tobiraweb.9640.jp/,japanese,japanese,book|course,intermediate,B1–B2,reading|grammar|vocabulary|listening,paid,3,structured-course,,"The usual next textbook after Genki, built around content-based reading.","Chapters are organised around topics — geography, history, pop culture, technology — with substantial Japanese-language readings rather than the drill-a-grammar-point structure of beginner books. The official site hosts free audio, vocabulary lists and supplementary material. It is a genuine step up in difficulty and expects you to already know Genki-level grammar and around 300 kanji; many learners find the jump from Genki 2 uncomfortable.",,,,,,,
tofugu,Tofugu,https://www.tofugu.com/,japanese,japanese,website,beginner|intermediate|advanced,,grammar|vocabulary|reading,free,4,grammar-reference,,"Deep, well-researched articles on Japanese grammar, kanji and study methods.","Free blog and grammar reference from the team behind WaniKani, covering everything from particle nuance to honest reviews of other learning resources. Its resource-review database is genuinely useful when you are deciding what to buy. It is reference reading rather than a curriculum, so it works best alongside a structured course.",,,,,,,
tofugu-kana-guides,Tofugu's Learn Hiragana & Katakana Guides,https://www.tofugu.com/japanese/learn-hiragana/,japanese,japanese,course|website,beginner,A1,reading|writing|pronunciation,free,4,structured-course,kana|writing-system,Free mnemonic guides that get you reading hiragana and katakana in a weekend.,"Two long-form articles with a mnemonic and a practice sheet for every character, plus a spaced-out study schedule you can follow in a couple of days. This is the standard first step almost every serious Japanese learner is pointed at, and it costs nothing. Do these before touching any app — kana first is not optional, and romaji-based courses will slow you down later.",,,,,,,
tokini-andy,ToKini Andy,https://www.youtube.com/@ToKiniAndy,japanese,japanese,youtube|course,beginner|intermediate,A1–B2,grammar|vocabulary,freemium,3,structured-course,genki|tobira,"Chapter-by-chapter video walkthroughs of Genki and Tobira, free on YouTube.","If you are self-studying Genki or Tobira without a teacher, these lesson-by-lesson videos are the closest free substitute for a classroom explanation. Andy also covers study strategy and JLPT prep honestly, without hype. The YouTube content is free; a paid membership adds structured courses and practice material. It is tied to specific textbooks, so it is less useful if you are not using them.",,,,,,,
wanikani,WaniKani,https://www.wanikani.com/,japanese,japanese,app|tool,beginner|intermediate,A1–B2,reading|vocabulary,paid,4,flashcards,kanji|srs,"Mnemonic-driven SRS that takes you through 2,000 kanji and 6,000 words in order.","Radicals build into kanji which build into vocabulary, all on a spaced-repetition schedule you cannot rush — that enforced pacing is exactly why it works for people who bounce off self-managed Anki decks. Levels 1–3 are free; after that it is $9/month, $89/year or $299 lifetime (lifetime goes on sale most Decembers). Downsides: you cannot skip kanji you already know, the pace is fixed at roughly 1.5 years to finish, and it teaches readings rather than how to use the words in sentences.",,,,https://apps.apple.com/us/app/tsurukame-for-wanikani/id1367114761,,,
yomitan,Yomitan,https://yomitan.wiki/,japanese,japanese,tool,intermediate|advanced,,reading|vocabulary|immersion,free,3,,mining|browser-extension,"Hover-over pop-up dictionary for reading Japanese web pages, with one-click Anki cards.","The maintained successor to Yomichan, which was discontinued in 2023 — Yomitan is the version to install now, and it is actively developed, free and open source (Chrome, Firefox, Edge, and Android via Kiwi-style browsers). Hover any word to get readings, definitions, pitch accent and audio, then send the whole sentence to Anki as a mining card. Setup is fiddly: you must download and import dictionary files yourself, and the Anki integration needs the AnkiConnect add-on.",,,,,,,
comprehensible-korean,Comprehensible Korean,https://www.youtube.com/@ComprehensibleKorean,korean,korean,youtube|media,beginner|intermediate,A1–B1,listening|immersion|vocabulary,free,2,comprehensible-input,comprehensible-input,Slow all-Korean videos using drawings and gestures so you follow without translation.,"Comprehensible-input teaching applied to Korean: the speaker uses only Korean, supported by whiteboard sketches, props and repetition, starting from genuine zero. It builds listening intuition rather than explicit grammar knowledge, which is exactly what most textbook-taught learners are missing. Free on YouTube. The Korean CI catalogue is much smaller than Spanish or Japanese, so you will run out of level-appropriate material faster.",,,,,,,
didis-korean,Didi's Korean (디디의 한국어),https://www.youtube.com/@didikorean,korean,korean,youtube|podcast,intermediate|advanced,B1–C1,listening|vocabulary|immersion,free,2,comprehensible-input,,"All-Korean talks on culture, society and daily life at a manageable natural pace.","Didi speaks entirely in Korean about substantive topics, slightly slower than native conversation but without the artificial simplification of beginner material — the right difficulty for the long intermediate plateau. Available as both video and podcast audio, free. There is no English support at all, so it only works once you can follow connected Korean speech.",,,,,,,
dongsa-koreanverb,Dongsa (koreanverb.app),https://koreanverb.app/,korean,korean,tool|website,beginner|intermediate,,grammar|writing,free,2,,conjugation,"Type any Korean verb and get every conjugated form, with the rule that produced it.","Korean conjugation has irregular stems and multiple politeness levels that trip up every beginner; this free tool shows the full table at once and explains which irregular rule applied. It handles both 하다-type and irregular verbs correctly. It is a reference, not a drill — you still have to practise producing the forms yourself.",,,,,,,
go-billy-korean,GO! Billy Korean,https://www.youtube.com/@GoBillyKorean,korean,korean,youtube,beginner|intermediate|advanced,A1–C1,grammar|listening|pronunciation,free,3,structured-course,,"Hundreds of free lessons in structured playlists, from Hangul to advanced grammar.","Billy Go has been publishing for over a decade and his beginner and intermediate playlists work as an actual sequential course rather than a pile of one-off videos. He is clear about pronunciation rules and sound changes, which most channels gloss over. All free on YouTube; he sells the Korean Made Simple books separately. Presentation is plain talking-head — no production polish, just a lot of accurate teaching.",,,,,,,
how-to-study-korean,How to Study Korean,https://www.howtostudykorean.com/,korean,korean,website|course,beginner|intermediate|advanced,A1–C1,grammar|vocabulary|reading,free,3,structured-course|grammar-reference,,"A complete free Korean course, from Hangul to advanced grammar, in written lessons.","Unit 0 teaches Hangul and the units after it run all the way to advanced grammar, with thousands of example sentences, audio recordings and vocabulary lists — all free, with no account required. The explanations are unusually thorough and are the go-to reference when TTMIK's short lessons leave you unsatisfied. The site design is dated, the lessons are walls of text with no gamification, and the sheer length means you need real discipline to work through it.",,,,,,https://www.youtube.com/channel/UCWwkebe58DeuZw-Lf1QRC7g,
kbs-world-learn-korean,KBS World Radio: Learn Korean,https://world.kbs.co.kr/service/contents_list.htm?lang=e&menu_cate=learnkorean,korean,korean,course|media,beginner|intermediate,A1–B1,listening|speaking|vocabulary,free,2,structured-course,,Free public-broadcaster Korean lessons built around drama and situational dialogue.,"KBS's international service publishes free lesson series with audio, transcripts and vocabulary, including courses hung off Korean drama scenes, plus versions localised into many languages. Free with no account. The site navigation is dated and some series are archived rather than maintained, but the audio quality and the professional scripting are better than most free material.",,,,,,https://www.youtube.com/channel/UCO-BnpYUlovos0AWqcRJRvA,
kimchi-reader,Kimchi Reader,https://kimchi-reader.app/,korean,korean,tool|app,intermediate|advanced,B1–C1,reading|vocabulary|immersion,paid,2,graded-reading,mining|immersion,"Pop-up dictionary and word tracker for reading real Korean webtoons, books and subs.","The closest thing Korean has to Yomitan: click any word in an imported ebook, article or subtitle file to get definitions, grammar-in-context, Hanja and one-click Anki cards, while it tracks which words you know and recommends content by how much of it you would understand. Browser extension plus Android and iOS apps. Subscription-based with a 7-day free trial and no credit card up front. It assumes you already have grammar basics — it makes native material accessible, it does not teach you the language.",,,,https://apps.apple.com/us/app/kimchi-reader/id6757434354,https://play.google.com/store/apps/details?id=dev.alaanor.kimchi,,
king-sejong-institute-nuri,Nuri-Sejonghakdang (King Sejong Institute),https://nuri.iksi.or.kr/,korean,korean,course|website,beginner|intermediate|advanced,A1–B2,grammar|vocabulary|listening|reading|speaking,free,2,structured-course,,The South Korean government's free official online Korean course and textbooks.,"Run by the King Sejong Institute Foundation, this is a full state-funded curriculum with structured online courses, downloadable Sejong Korean textbooks, and practice tools, free after registration. Because it is the official course used by King Sejong Institutes worldwide, it lines up with TOPIK and with classroom study abroad. The platform is clunky, sign-up can be fiddly, and the production values are institutional rather than slick — but the content quality and the price are unbeatable.",,,,,,,
korean-grammar-in-use,Korean Grammar in Use,https://www.darakwon.co.kr/koreanbooks/detail.asp?lang=1&category=&bookid=24,korean,korean,book,beginner|intermediate|advanced,A1–C1,grammar|reading,paid,3,grammar-reference,,"The standard three-volume Korean grammar reference: Beginning, Intermediate, Advanced.","Darakwon's series is the book almost every serious learner and Korean teacher ends up owning, organised grammar point by grammar point with real dialogues, illustrations and — crucially — side-by-side comparisons of patterns that mean almost the same thing. The Advanced volume covers everything on the TOPIK level 5–6 syllabus. It is a reference and workbook, not a course: there is no story, no listening programme, and you need something else to supply vocabulary and speaking practice.",,,,,,,
korean-journey,쉬운 한국어 KOREAN JOURNEY,https://www.youtube.com/@KOREAN_JOURNEY,korean,korean,youtube,beginner|intermediate,A2–B1,listening|vocabulary|immersion,free,2,comprehensible-input,,"Easy Korean spoken slowly with Korean subtitles, on everyday situations and culture.","Simplified but natural Korean with on-screen Korean subtitles, which trains your reading and listening together and weans you off English translation. Good middle ground between beginner comprehensible input and full-speed native content. Free on YouTube, with no structured syllabus — pick episodes by topic.",,,,,,,
korean-made-simple,Korean Made Simple (Billy Go),https://gobillykorean.com/,korean,korean,book,beginner|intermediate,A1–B1,grammar|vocabulary|reading|writing,paid,2,structured-course,,Affordable three-book self-study series written for learners without a teacher.,"Designed specifically for solo study, with exercises, answer keys and free companion audio, at paperback prices well below the university textbook series. It pairs naturally with Billy's free YouTube lessons. It is lighter on volume and less rigorous than the university course books, so it works as a first pass rather than the whole journey.",,,,,,,
korean-patch,Korean Patch,https://www.youtube.com/@KoreanPatch,korean,korean,youtube,intermediate|advanced,B1–C1,speaking|listening|pronunciation,free,1,pronunciation-training,,"How to sound authentic rather than correct: intonation, filler words, real register.","Aimed at learners whose grammar is fine but who still sound like a textbook — it covers intonation, contractions, discourse markers and the register choices natives make without thinking. That is a genuinely underserved niche in Korean learning material. Free on YouTube, and not useful until you are past the beginner stage.",,,,,,,
korean-unnie,Korean Unnie,https://www.youtube.com/@KoreanUnnie,korean,korean,youtube,beginner|intermediate,A1–B1,speaking|vocabulary|listening,free,2,,,"Practical everyday phrases, slang and K-culture explained in short, upbeat videos.","Strong on the conversational and cultural side — how people actually greet, joke and speak informally — rather than systematic grammar. Good for keeping motivation up and for picking up the expressions that make you sound less like a textbook. Free on YouTube, with paid courses sold separately. Do not use it as your grammar backbone; it is a supplement.",,,,,,,
korean-with-miss-vicky,Korean with Miss Vicky,https://www.youtube.com/@KoreanwithMissVicky,korean,korean,youtube,beginner|intermediate,A1–B1,grammar|listening|speaking,free,2,grammar-reference,,"Clear, patient grammar and conversation lessons from a working Korean teacher.","Vicky teaches like a classroom instructor — one point per video, worked examples, and repeated drilling — which suits people who want structure without buying a course. Coverage runs from Hangul into solid intermediate grammar. Free on YouTube. Videos are individually good but the playlists are less rigorously sequenced than GO! Billy Korean's.",,,,,,,
koreanclass101,KoreanClass101,https://www.koreanclass101.com/,korean,korean,podcast|course,beginner|intermediate|advanced,A1–B2,listening|vocabulary|grammar|speaking,freemium,4,structured-course,,"Vast library of dialogue-based audio lessons with transcripts, at every level.","Each lesson centres on a short native dialogue followed by a line-by-line breakdown, with PDF transcripts, vocabulary lists and cultural notes on paid plans. The volume means there is always something at your level, and the absolute-beginner series is good. The usual Innovative Language caveats apply: relentless discount emails, several confusing subscription tiers, uneven quality across older series, and a free tier that shrinks sharply after the trial.",https://podcasts.apple.com/us/podcast/learn-korean-koreanclass101-com/id262223371,,https://www.koreanclass101.com/wp-feed-audio-video.php,,,,
krdict,Korean Learners' Dictionary (KRDict),https://krdict.korean.go.kr/,korean,korean,dictionary|website,beginner|intermediate|advanced,,vocabulary|grammar|reading,free,2,,,The National Institute of Korean Language's dictionary built specifically for learners.,"Free official dictionary with definitions graded by learner level, grammar and usage notes on each entry, conjugation tables, and translations into a dozen languages. Because it is designed for learners rather than natives, definitions are simpler and the example sentences are chosen to teach. If you later want the full monolingual reference used by native speakers, the same institute runs the Standard Korean Language Dictionary at stdict.korean.go.kr.",,,,,,,
naver-korean-dictionary,Naver Korean Dictionary,https://ko.dict.naver.com/,korean,korean,dictionary|website|app,beginner|intermediate|advanced,,vocabulary|reading,free,4,,,"The dictionary Koreans and serious learners actually use, with huge example banks.","Korean–English and Korean–Korean entries with thousands of real example sentences pulled from news and books, native audio, conjugation info and Hanja. The mobile app is excellent and works offline for core entries. Free. The interface is Korean-first and the volume of results is overwhelming at first — expect to learn how to read the entry layout before it becomes fast.",,,,https://apps.apple.com/us/app/%EB%84%A4%EC%9D%B4%EB%B2%84-naver/id393499958,,,
papago,Papago,https://papago.naver.com/,korean,korean,tool|app,beginner|intermediate|advanced,,reading|writing,free,4,,,"Naver's translator, noticeably better on Korean than the general-purpose engines.","Trained on Korean-heavy data, so it handles honorific levels, particles and everyday idiom better than Google Translate, and it does image, voice and website translation. Free on web and mobile. It is a crutch, not a study tool: use it to unstick yourself on a sentence you have already tried to parse, and never to produce Korean you are about to send to a person.",,,,https://apps.apple.com/us/app/naver-papago-ai-translator/id1147874819,https://play.google.com/store/apps/details?id=com.naver.labs.translator,,
reddit-r-korean,r/Korean,https://www.reddit.com/r/Korean/,korean,korean,community,beginner|intermediate|advanced,,grammar|reading|writing,free,3,,,Active Q&A community where natives and advanced learners answer grammar questions.,"The most reliable free place to get a specific Korean question answered — nuance between two endings, whether a sentence you wrote sounds natural, which textbook to pick next. The wiki and pinned resource threads are a good sanity check on any study plan. Answers are crowd-sourced, so quality varies and confidently wrong replies do appear; weigh explanations that cite a source over ones that do not.",,,,,,,
ryan-estrada-hangul,Learn to Read Korean in 15 Minutes,https://ryanestrada.com/learntoreadkoreanin15minutes/,korean,korean,website,beginner,A1,reading|writing,free,3,,hangul|writing-system,A one-page comic that teaches the Hangul alphabet through visual mnemonics.,"Ryan Estrada's famous free comic maps each Hangul letter to a picture that looks like its sound, and most people really can sound out Korean words by the end of it. It is the fastest possible on-ramp and costs nothing. It teaches shapes and sounds only — it will not give you correct pronunciation of the trickier consonants or any of the sound-change rules, so follow it with a proper Hangul course.",,,,,,,
seemile-korean,seemile Korean (씨마일 한국어),https://www.youtube.com/@seemile,korean,korean,youtube|app,beginner,A1–A2,pronunciation|grammar|speaking,free,2,structured-course|pronunciation-training,,Beginner Korean with unusually careful attention to pronunciation and mouth shape.,"One of the longest-running Korean teaching channels, with a full free beginner course and companion apps in several interface languages. Its distinguishing strength is drilling pronunciation and the sound-change rules explicitly, which most beginner courses skip. The style is old-school and slow-paced, and it thins out well before advanced material.",,,,https://apps.apple.com/us/app/seemile-korean/id1257387014,https://play.google.com/store/apps/details?id=com.seemile.langster,,
spongemind-podcast,SpongeMind Podcast,https://www.spongemind.org/,korean,korean,podcast,intermediate|advanced,B1–C1,listening|vocabulary,free,2,,,Bilingual Korean–English discussion podcast with free transcripts and translations.,"Jonson Lee and guests discuss culture, identity and language, switching between Korean and English, with many episodes accompanied by free transcripts and translations on the website — that transcript support is what makes it usable as study material rather than just listening. Free on Apple Podcasts, Spotify and the site. The bilingual format means less pure Korean input per hour than an all-Korean podcast.",https://podcasts.apple.com/us/podcast/spongemind-podcast/id1054603657,https://open.spotify.com/show/0hLOrMSmKOBbp9qKWEdxv3,https://feeds.soundcloud.com/users/soundcloud:users:183825848/sounds.rss,,,,
stdict-korean,Standard Korean Language Dictionary (표준국어대사전),https://stdict.korean.go.kr/,korean,korean,dictionary|website,advanced,B2–C2,vocabulary|reading,free,2,,,"The authoritative Korean-only dictionary, for when you're ready to stop translating.","The official monolingual dictionary of the National Institute of Korean Language — the final word on spelling, meaning, Hanja origin and standard usage. Switching to it is the point where you start defining Korean words in Korean, which sharpens nuance in a way bilingual entries cannot. Entirely in Korean with no learner scaffolding, so it is genuinely unusable below upper-intermediate.",,,,,,,
talk-to-me-in-korean,Talk To Me In Korean (TTMIK),https://talktomeinkorean.com/,korean,korean,course|website|podcast|book,beginner|intermediate|advanced,A1–C1,grammar|listening|speaking|vocabulary|reading,freemium,4,structured-course,,"The flagship Korean learning brand: level 1–10 grammar course, books and audio.","TTMIK's ten-level curriculum is the most widely recommended structured path in Korean self-study, taught conversationally by native speakers with free audio lessons and paid PDFs, workbooks and printed books. The lessons are friendly and short, which makes them easy to keep up with, and the grammar sequencing is genuinely well thought out. The site has moved most content behind course subscriptions over the years, so less is free than long-time learners remember, and the early levels are light on practice — pair them with a workbook or a tutor.",https://podcasts.apple.com/us/podcast/talk-to-me-in-korean/id351065142,,https://rss.libsyn.com/shows/18454/destinations/12619.xml,,,,
todaii-easy-korean,Todaii: Easy Korean,https://play.google.com/store/apps/details?id=mobi.eup.easykorean,korean,korean,app|media,intermediate|advanced,B1–C1,reading|listening|vocabulary,freemium,2,graded-reading|authentic-media,news,"Daily Korean news with tap-to-lookup, audio and difficulty levels, on your phone.","Pulls articles from outlets such as Dong-A, Chosun and VOA Korean and wraps them in a reader with per-word dictionary lookup, adjustable audio, flashcards and level filtering — Korean's nearest answer to NHK News Web Easy, though it grades existing articles rather than rewriting them. Free with ads and an optional paid upgrade. Available on Android and iOS. News vocabulary is narrow, so it complements rather than replaces conversational study.",,,,https://apps.apple.com/us/app/todaii-easy-korean/id1441601041,https://play.google.com/store/apps/details?id=mobi.eup.easykorean,,
topik-guide,TOPIK Guide,https://www.topikguide.com/,korean,korean,website|course,beginner|intermediate|advanced,A1–C1,reading|listening|writing|grammar|vocabulary,freemium,2,,topik|exam,"Everything about the TOPIK exam: strategy, past papers, vocabulary and mock tests.","The long-running independent hub for TOPIK preparation, with free articles on exam structure and scoring, organised past papers, frequency vocabulary lists and level-by-level study advice; full mock tests and prep courses are paid. If you are taking TOPIK for a visa, university place or job, start here rather than on the official site. It is exam-focused by design, so it teaches you to pass a test rather than to hold a conversation.",,,,,,https://www.youtube.com/c/Topikguide,
topik-official,TOPIK (official site),https://www.topik.go.kr/,korean,korean,website,beginner|intermediate|advanced,A1–C1,reading|listening|writing,free,3,,topik|exam,"Official Korean proficiency exam site, with free downloadable past papers and audio.","The government body that runs TOPIK publishes previous exam papers, answer keys and listening audio for free — the single most accurate way to gauge your level and to see exactly what the test asks. Registration and test dates are handled here too. The site is Korean-first and awkward to navigate, so most learners find the papers faster through TOPIK Guide.",,,,,,,
ttmik-iyagi,Iyagi (TTMIK),https://podcasts.apple.com/us/podcast/iyagi-natural-korean-conversations-for-learners/id1313678234,korean,korean,podcast,intermediate|advanced,B1–C1,listening|vocabulary,free,3,comprehensible-input,,"Unscripted 100% Korean conversations between two native speakers, on everyday topics.","The listening series TTMIK is best known for: two hosts chat naturally in Korean about a single topic for a few minutes, with no English at all. It is the standard bridge between graded lessons and real conversation. Free on Apple Podcasts, Spotify and SoundCloud; transcripts and translations are sold separately by TTMIK. There is no beginner ramp — if you cannot follow at natural speed yet, start with TTMIK's slower series first.",,,,,,,
yonsei-korean,Yonsei Korean textbooks,https://www.yonseikorean.com/,korean,korean,book|course,beginner|intermediate|advanced,A1–C1,grammar|reading|listening|writing|speaking,paid,2,structured-course,,University-level six-volume series used by Korean language institutes worldwide.,"The curriculum from Yonsei University's Korean Language Institute, covering levels 1 through 6 with textbooks, workbooks and audio, and mapping cleanly onto TOPIK levels. If you are heading toward university study or a language programme in Korea, this or the Sogang and Seoul National equivalents are what you will be handed. It is dense, classroom-oriented and assumes an instructor — self-studying it without a tutor is hard going.",,,,https://apps.apple.com/kr/app/%EB%A6%AC%EB%8D%94%EB%A1%9C%EC%9D%B4/id6479472594,https://play.google.com/store/apps/details?id=com.docscon.readeroe,,
calst-pronunciation,CALST — pronunciation trainer,https://www.ntnu.edu/isl/calst,norwegian,norwegian,tool,beginner|intermediate,A1–B1,pronunciation|listening,free,2,pronunciation-training,pronunciation|dialects|university,Free Norwegian pronunciation and listening drills that let you pick your dialect.,"NTNU's Computer-Assisted Listening and Speaking Tutor gives structured pronunciation, listening-discrimination and spelling exercises, and does something no other Norwegian tool does: because Norwegian has no standard spoken form, it lets you choose which dialect to practise producing while training your ear on several. Free, with registration to save progress. Be aware it is in transition — the project has been moving to a newer implementation, so expect a dated interface and occasional roughness.",,,,,,,
framtida-no,Framtida.no,https://framtida.no/,norwegian,norwegian,media|website,intermediate,B1–B2,reading|vocabulary,free,1,authentic-media,nynorsk|news|reading-practice,"A free news site written entirely in Nynorsk, aimed at young readers.","Almost every Norwegian resource teaches Bokmål, which leaves anyone studying Nynorsk — or living in a Nynorsk municipality — with very little to read. Framtida is a free news and debate site written wholly in Nynorsk for a young audience, covering society, culture, school, work and the environment in accessible language. That combination of free, current and genuinely Nynorsk is rare. It is a real news site rather than a learner product, so expect native-speed writing and no glossing.",,,,,,,
klar-tale,Klar Tale,https://www.klartale.no/,norwegian,norwegian,media|website,beginner|intermediate,A2–B1,reading|vocabulary,freemium,3,authentic-media,bokmal|easy-news|reading-practice,Norway's easy-language newspaper: real news in short sentences and plain words.,"A foundation-run newspaper that reports genuine national and world news in deliberately simple Norwegian, for learners, readers with reading difficulties and anyone who wants the news without the jargon. It is the natural first Norwegian you read for pleasure rather than study. A good share of articles is free on the site; the weekly e-paper published on Wednesdays is a subscription. Written in Bokmål throughout, so it is no help if you are learning Nynorsk.",,,,https://apps.apple.com/vg/app/klar-tale-e-avis/id1600690550,https://play.google.com/store/apps/details?id=com.pagesuite.droid.klartale,,
laer-norsk-naa,Lær norsk nå!,https://laernorsknaa.com/,norwegian,norwegian,podcast,intermediate|advanced,B1–B2,listening|vocabulary|immersion,freemium,4,comprehensible-input,bokmal|dialects|transcripts|culture,"165+ episodes of adapted-pace Norwegian on history, myth and society — with dialects.","Marius Stangeland has built the deepest Norwegian listening archive available, covering Norse mythology, history, politics and everyday culture in Norwegian slowed just enough to follow. He deliberately features different dialects, which matters more in Norwegian than in most languages since there is no standard spoken form. Free to listen, with many episodes transcribed on the site; a Patreon and a Norse-mythology book are the paid extras. Firmly B1 and up — there is no beginner on-ramp here.",https://podcasts.apple.com/us/podcast/l%C3%A6r-norsk-n%C3%A5/id1509716748,https://open.spotify.com/show/6GWf9sFwRSFcGZMAeFPyvY,https://anchor.fm/s/19b5cbd8/podcast/rss,,,,
lexin-norsk,Lexin (Norwegian),https://lexin.oslomet.no/,norwegian,norwegian,dictionary|tool,beginner|intermediate,A1–B1,vocabulary|pronunciation|reading,free,2,,bilingual|illustrated|free-dictionary,"The free state-funded learner dictionary, Norwegian into many minority languages.","Norway's counterpart to the Swedish Lexin, hosted by OsloMet and produced for people learning Norwegian as a second language, with translations into a range of languages spoken by immigrant communities plus illustrated vocabulary themes. Definitions are written to be understood by learners rather than by lexicographers. Free public service. Coverage is everyday vocabulary at a beginner-to-intermediate level, so you will outgrow it — move to Ordbøkene and NAOB after B1.",,,,,,,
lingu,Lingu,https://lingu.no/,norwegian,norwegian,course|tutoring|app,beginner|intermediate|advanced,A1–B2,speaking|listening|grammar|writing,paid,2,structured-course|conversation-practice,bokmal|exam-prep|live-classes,Structured online Norwegian courses with live teachers and Norskprøven preparation.,"A Norwegian company running online courses on its own learning platform, with live teacher-led classes, self-paced tracks and explicit Norskprøven exam preparation — the last being the reason most people find it, since free resources rarely target the test format. Aimed at people who need certified Norwegian for work or residency rather than casual learners. Paid throughout, with course-length pricing. Worth comparing against a local kommune course, which is often cheaper or free for eligible residents.",,,,https://apps.apple.com/us/app/lingu/id1555106660,https://play.google.com/store/apps/details?id=com.lingu.students,https://www.youtube.com/@LinguNorge,
mystery-of-nils,The Mystery of Nils,https://www.skapago.eu/nils/en/,norwegian,norwegian,book|course,beginner|intermediate,A1–B1,reading|grammar|vocabulary|pronunciation,paid,3,structured-course,bokmal|story-based|self-study,Learn Norwegian through one continuous story rather than disconnected dialogues.,"Skapago's course teaches through a single narrative — a boy and a talking figure called Nils — instead of the usual unrelated set-piece conversations, which makes the vocabulary stick because it recurs in context. It is explicitly written for self-learners, with English explanations, so it works where På vei assumes a classroom. Free pronunciation videos accompany the paid books. The story-based approach divides people: if you want systematic grammar tables you will find it slow.",,,,,,,
naob,NAOB — Det Norske Akademis ordbok,https://naob.no/,norwegian,norwegian,dictionary,intermediate|advanced,B1–C2,vocabulary|reading|writing,free,2,,bokmal|free-dictionary|citations|scholarly,"The large scholarly dictionary of written Norwegian, with real literary citations.","The Norwegian Academy's dictionary is the closest Norwegian equivalent to the OED: extensive definitions, etymology, register labels and quotations drawn from real published writing. When Ordbøkene gives you a one-line gloss and you need to know how a word is actually used, this is the next stop. Free to search online. It documents the Bokmål and Riksmål written tradition, so it is not the reference to reach for if you are working in Nynorsk.",,,,,,,
nls-norwegian-podcast,NLS Norwegian Language Learning Podcast,https://www.nlsnorwegian.no/podcast/,norwegian,norwegian,podcast,beginner|intermediate,A1–B1,listening|vocabulary|grammar,free,3,structured-course,bokmal|audio-lessons|large-archive,Hundreds of free short Norwegian lessons from an Oslo language school.,"NLS, a language school in Oslo, has released well over six hundred short podcast episodes covering grammar points, vocabulary themes and everyday situations, all free and requiring no account. The episode count makes it one of the largest structured Norwegian audio archives anywhere, and the short format suits commutes. Free as a shop window for their paid courses, which start around NOK 2799 a month. Audio quality and depth vary between episodes given the volume.",https://podcasts.apple.com/us/podcast/nls-norwegian-language-learning-podcast/id1654924729,,https://feeds.captivate.fm/nls-language-learning/,,,https://www.youtube.com/@NorwegianLanguageSchool,
norsklaerer-karense,Norsklærer Karense,https://www.youtube.com/@NorsklrerKarense,norwegian,norwegian,youtube,beginner|intermediate,A1–B1,grammar|vocabulary|listening|pronunciation,freemium,3,grammar-reference,bokmal|grammar|large-archive,Over a thousand short Norwegian lessons from a working Norwegian teacher.,"Karense has been posting numbered Norwegian lessons since 2015 and is well past video 1250 — a genuinely enormous free archive covering grammar points, vocabulary sets and exam-relevant practice, taught by a practising teacher rather than a content creator. The sheer volume means most questions a beginner has are already answered somewhere in it. Free on YouTube, with A1 workbooks sold separately. Navigating that many videos is the real difficulty; use the playlists rather than browsing.",,,,,,,
norskproven,Norskprøven (HK-dir),https://prove.hkdir.no/,norwegian,norwegian,website,beginner|intermediate|advanced,A1–C1,reading|writing|listening|speaking,paid,4,,exam-prep|official|residency,The official Norwegian proficiency test — the one residency and citizenship require.,"HK-dir administers Norskprøven, the state Norwegian test covering A1 through B2 with a separate C1 examination for academic and professional purposes, and it is the certificate Norwegian permanent residence and citizenship applications actually ask for. The portal is where you read what each part contains and register for a sitting. Information is free; the test itself is paid and sat at approved centres. This is exam administration, not teaching — learn the language elsewhere and come here to certify it.",,,,,,,
norwegian-input,Norwegian Input,https://www.youtube.com/@NorwegianInput,norwegian,norwegian,youtube,beginner,A1–A2,listening|vocabulary|immersion,free,2,comprehensible-input,bokmal|comprehensible-input|everyday-life,Comprehensible-input Norwegian narrated over ordinary daily tasks.,"A comprehensible-input channel where mundane routines — loading the dishwasher, changing bed linen, brushing teeth — are narrated in slow Norwegian with the objects visible on screen, so meaning arrives without translation. This is the gentlest listening material in Norwegian and it works from almost day one. Free. The channel only started in 2025 and posts irregularly, so the library is small; treat it as a supplement to NoW or På vei rather than a course.",,,,,,,
norwegian-teacher-karin,Norwegian Teacher — Karin,https://www.youtube.com/@NorwegianTeacher,norwegian,norwegian,youtube,beginner|intermediate,A1–B1,listening|vocabulary|pronunciation,free,3,comprehensible-input,bokmal|slow-speech|everyday-life,Relaxed walk-and-talk Norwegian filmed in real Norwegian settings.,"Karin's strength is her walk-and-talk format: she films outdoors and narrates in clear, unhurried Norwegian about weather, seasons, the polar night and daily life, so you get real speech tied to visible context. Subtitles and slow delivery make it usable well before you can follow native conversation. Free with no paywall. Uploads became sporadic through 2026, so think of it as a good back catalogue rather than a channel to follow for new material.",,,,,,,
norwegianclass101,NorwegianClass101,https://www.norwegianclass101.com/,norwegian,norwegian,podcast|course|app,beginner|intermediate,A1–B1,listening|vocabulary|speaking,paid,3,structured-course,bokmal|audio-lessons|dialogues,"The largest catalogue of graded Norwegian audio lessons, dialogue-driven throughout.","Innovative Language's Norwegian course: hundreds of short audio and video lessons built on native dialogues that get broken down phrase by phrase, plus transcripts, flashcards and word banks. For a smaller language like Norwegian, the sheer quantity of structured listening is hard to match. Subscription-based with frequent discounting. The same complaints apply as to its sister sites — a disorganised catalogue and a progression that runs out somewhere around B1.",https://podcasts.apple.com/us/podcast/learn-norwegian-norwegianclass101-com/id535703640,,https://www.norwegianclass101.com/wp-feed-audio-video.php,,,,
nrk-nyheter,NRK Nyheter,https://www.nrk.no/nyheter/,norwegian,norwegian,media,intermediate|advanced,B1–C2,reading|listening|immersion,free,3,authentic-media,news|authentic-material|free,"Norway's public broadcaster news site — free, unpaywalled, updated all day.","Where most Norwegian newspapers sit behind hard paywalls, NRK's news is free to read and listen to, which makes it the practical daily reading source for learners. Articles are written in clear standard Norwegian and paired with short video and audio versions of the same story, so you can read and listen to the same content. Free everywhere, unlike NRK TV. It is native-speed journalism with no simplification — start with Klar Tale if this is still heavy going.",,,,,,,
nrk-tv,NRK TV,https://tv.nrk.no/,norwegian,norwegian,media,intermediate|advanced,B1–C2,listening|immersion|vocabulary,free,4,authentic-media,authentic-media|subtitles|dialects|geoblocked,"Norwegian public television free on demand, much of it Norwegian-subtitled.","NRK's streaming service is free and advertising-free, with drama, documentaries, news and a large children's catalogue, and Norwegian subtitles on a good proportion of it — which is what turns passive watching into study. It is also the best place to hear the range of Norwegian dialects rather than only Oslo speech. The catch is licensing: a large part of the catalogue is geoblocked outside Norway, and NRK Super's children's programming is the easiest starting point.",,,,,,,
ntnu-norwegian-on-the-web,Norwegian on the Web (NoW),https://www.ntnu.edu/now,norwegian,norwegian,course|website,beginner|intermediate,A1–B1,listening|grammar|vocabulary|pronunciation|reading,free,4,structured-course,bokmal|free-curriculum|university,"A complete free university Norwegian course from NTNU — ten chapters, audio and all.","NTNU built this for its own international students and left it open to everyone: ten chapters following a cast of characters, each with recorded texts, vocabulary lists, grammar explanations, pronunciation guides and self-marking exercises. NoW2 continues the story into a second course, so the free path runs well past survival Norwegian. There is nothing else this complete for Norwegian at zero cost. It is a self-study website with no teacher and no feedback on your speaking or writing.",,,,,,,NoW2=https://www.ntnu.edu/now2
nynorsksenteret,Nynorsksenteret,https://nynorsksenteret.no/,norwegian,norwegian,website|tool,beginner|intermediate|advanced,A1–C1,writing|reading|grammar,free,1,,nynorsk|teaching-materials|writing,Norway's national centre for Nynorsk teaching — free materials and writing guidance.,"The national resource centre for Nynorsk instruction, publishing free teaching materials, reading lists, writing guidance and exercises for the written standard that most courses ignore. If you need to write Nynorsk rather than just read it, this is the most substantial free collection available. Free and publicly funded. The important caveat is audience: it is built for Norwegian schoolteachers, so material is in Norwegian and organised by school year rather than by CEFR level.",,,,,,,
ordbokene-no,Ordbøkene.no (Bokmålsordboka & Nynorskordboka),https://ordbokene.no/,norwegian,norwegian,dictionary,beginner|intermediate|advanced,A1–C2,vocabulary|grammar|writing,free,4,,official|free-dictionary|inflection,"The official Norwegian dictionaries — both written standards, with full inflection tables.","Run by Språkrådet and the University of Bergen, this is the authoritative free dictionary for Norwegian, carrying Bokmålsordboka and Nynorskordboka side by side so you can compare the two written standards on the same word. Every entry gives the sanctioned spelling and complete inflection, which is exactly what Norwegian learners get wrong most often. Free, fast and no account required. It is monolingual Norwegian, so absolute beginners will want Lexin alongside it.",,,,,,,
pa-vei,På vei,https://pavei.cappelendamm.no/,norwegian,norwegian,book|course|website,beginner,A1–A2,grammar|vocabulary|listening|reading,freemium,4,structured-course,bokmal|textbook|standard|free-exercises,"Norway's most-used beginner coursebook, with a free companion exercise site.","If you enrol in a Norwegian class anywhere in Norway you will almost certainly be handed På vei from Cappelen Damm — it is the default A1–A2 course, built around practical situations newcomers actually face. The textbook and workbook are paid, but the companion website is free and open, with per-chapter exercises and audio you can use even without owning the book. That free site is the reason this belongs on any list. It is written entirely in Norwegian with no English scaffolding.",,,,,,,
speak-norsk,Speak Norsk,https://speaknorsk.no/,norwegian,norwegian,youtube|course|tutoring,beginner|intermediate,A0–B2,speaking|grammar|listening|vocabulary,freemium,3,structured-course|conversation-practice,bokmal|oslo|live-classes,An Oslo language school with a large free YouTube channel and paid live courses.,"Speak Norsk teaches Norwegian in Oslo and online from A0 up to B1–B2, and puts a substantial amount of its teaching on YouTube for free, which is why it is worth listing rather than just being another school. Paid options run from group classroom courses at roughly NOK 928 a month through virtual live classes to pre-recorded online courses and private tuition. Useful if you want the free videos and the option of a real teacher from the same source. The channel mixes teaching with course promotion.",,,,,,https://www.youtube.com/@SpeakNorsk,
stein-pa-stein,Stein på stein,https://steinpastein.cappelendamm.no/,norwegian,norwegian,book|course|website,intermediate,A2–B1,reading|grammar|vocabulary|listening,freemium,3,structured-course,bokmal|textbook|standard|free-exercises,"The standard follow-on to På vei, taking you to B1 — free exercise site included.","The second rung of Cappelen Damm's ladder, moving from survival Norwegian into the B1 territory the Norskprøven tests, with texts on Norwegian society, work and history rather than shopping and directions. Its free companion site carries chapter exercises and audio in the same way På vei's does. Her på berget continues to B1–B2 after this. The books themselves cost money, and like På vei there is no English support anywhere in them.",,,,,,,Her på berget=https://herpaberget.cappelendamm.no/
abadis,Abadis (آبادیس),https://abadis.ir/,persian,persian,dictionary|tool,beginner|intermediate|advanced,,vocabulary|reading|writing,free,4,,reference|pronunciation,"Free Persian-English dictionary with audio, plus a translator and a Q&A board.","The everyday lookup tool many Iranians use: two-way Persian-English definitions with spoken pronunciation on a click, a machine translator, and a community question board where you can ask about a phrase nobody has defined. It is free and covers colloquial words that formal dictionaries omit. The interface is Persian-first and heavy with ads, and crowd-sourced answers vary in quality, so verify anything important against Vajehyab or a printed dictionary.",,,,,,,
aspirantum-persian,ASPIRANTUM Persian Language School,https://aspirantum.com/,persian,persian,course,beginner|intermediate,A1–B2,speaking|listening|grammar|reading,paid,1,structured-course|conversation-practice,immersion|live-classes|structured-course,"Intensive in-person Persian summer and winter schools in Yerevan, Armenia.","The Armenian School of Languages and Cultures runs Persian schools of two to ten weeks with native instructors, covering beginner through upper-intermediate, plus tutoring, excursions and a cohort of fellow students. For most people outside Iran it is the realistic way to get intensive in-person Persian, since studying in Tehran is impractical or unwise for many passports. It is expensive once you add flights and accommodation, the cohort skews academic, and dates are fixed months in advance — plan around a term, not a whim.",,,,,,,
bahareh-teaches-farsi,Bahareh Teaches Farsi,https://www.youtube.com/@BaharehTeachesFarsi,persian,persian,youtube,beginner|intermediate,A1–B2,speaking|listening|vocabulary|grammar,free,2,,spoken-persian|grammar,A translator with a PhD teaching the conversational Farsi textbooks skip.,"Bahareh is an English-Farsi translator and educator with a doctorate in translation studies who started making videos because so little existed for conversational Farsi, and it shows in how carefully she separates bookish forms from what people say. Uploads were still frequent in August 2026 and everything on the channel is free. The videos explain in English, which makes them approachable early but means this is a channel about Persian rather than immersion in it — pair it with an all-Persian input source.",,,,,,,
basic-persian-workbook,Basic Persian: A Grammar and Workbook,https://www.routledge.com/Basic-Persian-A-Grammar-and-Workbook/Yousef-Torabi/p/book/9780415616546,persian,persian,book,beginner|intermediate,A1–B1,grammar|writing|reading,paid,2,structured-course|grammar-reference,grammar|textbook|self-study,"Short grammar units each followed by exercises, with a full answer key.","Saeed Yousef and Hayedeh Torabi split beginner Persian grammar into compact units, each explained in a couple of pages and then drilled with exercises whose answers are in the back, which makes it one of the few Persian books that works properly for self-study. There is a companion Intermediate volume when you outgrow it. It is exercises and explanation only — no audio, no dialogues, no conversation practice — so run it alongside a podcast or a tutor rather than on its own.",,,,,,,
bbc-news-persian,BBC News فارسی,https://www.bbc.com/persian,persian,persian,media,advanced,B2–C2,reading|listening|vocabulary,free,4,authentic-media,news|authentic-speech|public-broadcaster,Daily news in written and spoken Persian from a large professional newsroom.,"One of the biggest Persian-language news operations outside Iran, publishing text articles, video reports and programmes every day, all free and all in standard written Persian. As a graduation target it is ideal: the same story is often available as text and as video, so you can read first and then listen. Nothing is graded or slowed for learners, the register is formal, and the political framing is contested inside Iran — worth knowing, though it does not affect its value as language input.",,,,,,,
behnevis,Behnevis,https://behnevis.com/,persian,persian,tool,beginner|intermediate,,writing,freemium,2,,writing|typing,Type Persian script by spelling words in Latin letters — no keyboard setup.,"An online editor that converts Finglish, the Latin-letter transliteration Iranians use in chat, into proper Persian script as you type, with speech-to-text and downloadable desktop versions. It removes the single most common excuse for not writing Persian, which is that installing and learning the keyboard layout feels like a project in itself. The basic editor is free and paid plans add longer documents and extra features. It is a crutch: eventually learn the real layout, or your spelling will stay guesswork.",,,,,,,
chai-and-conversation,Learn Persian with Chai and Conversation,https://chaiandconversation.com/,persian,persian,podcast|course,beginner|intermediate,A1–B1,listening|speaking|vocabulary,freemium,4,structured-course,spoken-persian|tehrani-accent|long-running,"Conversational Tehrani Farsi in 15-minute episodes, free since 2010.","Leyla Shams has been teaching spoken Persian here since 2010, and the 230-plus podcast episodes remain free in any podcast app — warm, unhurried lessons built around phrases Iranians actually use, with cultural context woven in. Paid membership (from about $10/month with a 30-day trial) adds the structured Speak, Read/Write and Poetry paths, printable worksheets and live sessions. It is the best single starting point for spoken Farsi, but it is listening-led: the free feed does not teach the script, there is nothing to force you to produce language, and it plateaus around intermediate.",https://podcasts.apple.com/us/podcast/learn-persian-with-chai-and-conversation/id409050115,,,,,https://www.youtube.com/@chai_and_conversation,
easy-persian,Easy Persian,https://easypersian.com/,persian,persian,website|course,beginner|intermediate,A1–B1,reading|writing|grammar|vocabulary,free,3,structured-course,alphabet|free-curriculum|self-study,"150-plus free numbered lessons, alphabet first, no sign-up of any kind.","An old-school free lesson series that starts with the Persian alphabet letter group by letter group and works up through grammar, everyday phrases and poetry, with audio on the lesson pages. There is no registration, no paywall and no upsell — you click lesson one and start, which is exactly why people keep recommending it. The design is dated and most of the site has not changed since the late 2010s, so treat it as a stable free textbook rather than a living course, and get your listening practice elsewhere.",,,,,,,
farsi-plateau,Farsi Plateau,https://podcasts.apple.com/us/podcast/farsi-plateau-intermediate-persian/id1896900107,persian,persian,podcast,intermediate|advanced,B1–C1,listening|vocabulary|immersion,free,2,comprehensible-input,culture|authentic-speech,A homemade podcast aimed squarely at the intermediate Persian plateau.,"Made for learners stuck between textbook Farsi and native media, with more than eighty free episodes and a third season built around Iranian cinema — one film per episode, discussing symbolism and comparing it with other films and literature. Publishing weekly through 2026. The production is deliberately homemade and there are no transcripts, and the cinema season assumes you will watch the films alongside it, which is either the appeal or the obstacle depending on your patience.",https://podcasts.apple.com/us/podcast/farsi-plateau-intermediate-persian/id1896900107,,https://anchor.fm/s/102e5de60/podcast/rss,,,,
ganjoor,Ganjoor (گنجور),https://ganjoor.net/,persian,persian,website|media,advanced,C1–C2,reading|listening|vocabulary,free,5,authentic-media,culture|reading|reference,"The complete free library of classical Persian poetry, much of it recited.","Hafez, Rumi, Ferdowsi, Saadi, Khayyam and hundreds of lesser-known poets, digitised in full and free, with recitations attached to many poems and links between related verses. Persian literary culture runs through poetry to a degree that surprises learners, and this is where Iranians themselves look a line up. It is classical language, so it will not teach you to order lunch, and there are no translations or learner notes — bring an advanced reading level or a teacher.",,,,,,,
learn-to-read-persian-nadia,Learn to read Persian with Nadia,https://www.youtube.com/@learntoreadpersianwithnadia,persian,persian,youtube,beginner,A1–A2,reading|pronunciation|vocabulary,free,2,structured-course,alphabet|reading|kids,Daily short videos taking you from Persian letters to reading short stories.,"A step-by-step reading course: individual letters and their sounds, then words, then sentences, then simple stories, with new videos published Monday to Friday and still running in mid-2026. For a script that intimidates most beginners, this steady free drip is unusually effective, and hearing each word read aloud fixes pronunciation early. It is pitched at children and absolute beginners, so adults should expect a slow, cheerful pace and very simple vocabulary.",,,,,,,
our-farsi,Our Farsi (فارسی ما),https://podcasts.apple.com/us/podcast/our-farsi/id1799583537,persian,persian,podcast,intermediate,B1–B2,listening|vocabulary,free,2,comprehensible-input,authentic-speech|transcripts|spoken-persian,"Colloquial conversations between a native and a learner, with vocab notes.","Yusuf and Alice — a native speaker and a learner — hold unscripted conversations in colloquial Persian on ordinary subjects, and each episode's show notes list the new words with English glosses and usage warnings, which is what lifts it above the many similar feeds. Free, supported by voluntary Ko-fi tips, and also on YouTube and Spotify. The learner side of the conversation means the Persian is a little slower than native chat, and the recording is homemade rather than produced.",https://podcasts.apple.com/us/podcast/our-farsi-%D9%81%D8%A7%D8%B1%D8%B3%DB%8C-%D9%85%D8%A7/id1799583537,,https://anchor.fm/s/101d18c7c/podcast/rss,,,,
parisa-persian,Parisa Persian,https://www.youtube.com/@ParisaPersian,persian,persian,youtube,beginner|intermediate,A1–B1,listening|vocabulary|immersion,free,2,comprehensible-input,comprehensible-input|immersion,"Comprehensible-input videos delivered entirely in simple, slow Persian.","Parisa teaches by comprehensible input: she speaks only Persian, keeping the language simple and supporting it with drawings, objects and gesture so you work out meaning from context rather than translation. That makes it one of the very few genuinely all-Persian input channels for beginners, and it is free. The catalogue is small — the channel only started in 2025 and uploads paused in early 2026 — so it is a supplement to a bigger course rather than a source you can live inside for months.",,,,,,,
persian-comprehensive-grammar,Persian: A Comprehensive Grammar (Mace),https://www.routledge.com/Persian-A-Comprehensive-Grammar/Mace/p/book/9781138800380,persian,persian,book,intermediate|advanced,B1–C2,grammar|reading|writing,paid,3,grammar-reference,grammar|reference|textbook,The reference grammar to reach for when a course book's answer is too thin.,"John Mace's volume in Routledge's Comprehensive Grammars series describes modern Persian systematically — verb system, ezafe, word order, colloquial contractions and the gap between written and spoken forms — with examples in script and transliteration. It is the book that answers the questions courses gloss over, and it is organised for lookup rather than reading front to back. It is a descriptive reference with no exercises and no audio, and at reference-book prices it only earns its place once you are past the beginner stage.",,,,,,,
persian-language-online,Persian Language Online,https://persianlanguageonline.com/,persian,persian,course|website,beginner|intermediate,A1–B1,reading|writing|grammar|vocabulary,free,3,structured-course,free-curriculum|alphabet|structured-course,"A free, genuinely comprehensive Persian course starting from the alphabet.","A charity-funded project that sets out to be a complete free aid for anyone learning Persian: sequenced lessons beginning with the alphabet, courses, reading and poetry sections, and a separate strand for pre-schoolers. Everything is free and the site is still alive, with new articles published into 2026. Registration is only needed to track progress. The material is broad rather than deep and the presentation is plain WordPress, so it works best as your free backbone alongside an audio course rather than as your only resource.",,,,,,https://www.youtube.com/channel/UCYurcZ-psXThVoiJNYEei1g,
persian-learning-majid,Persian Learning,https://www.youtube.com/@PersianLearning,persian,persian,youtube,beginner|intermediate|advanced,A1–C1,listening|grammar|vocabulary|speaking,free,2,,spoken-persian|comprehensible-input,Majid's weekly lessons covering spoken Persian from absolute beginner to advanced.,"A native teacher working through grammar, vocabulary, listening and conversation, with a deliberate emphasis on spoken Persian because, as he puts it, formal written Farsi differs considerably from what people actually say. There are also videos built on films, songs, poetry and idioms for later stages. Running since 2019 and still uploading weekly in 2026, all free. Playlists are the only structure on offer, so you need to impose your own order — good as your main free video teacher, not as a graded syllabus.",,,,,,,
persian-with-dallas,Persian With Dallas,https://podcasts.apple.com/us/podcast/persian-with-dallas/id1518417775,persian,persian,podcast,intermediate|advanced,B1–C1,listening|vocabulary|immersion,free,2,comprehensible-input,authentic-speech|immersion,"Half-hour conversations in Persian and only in Persian, on everyday themes.","The host's own description is the whole pitch: we talk together in Persian and only in Persian. Episodes run roughly 25 to 40 minutes on everyday subjects — driving in Iran, ordinary objects, small philosophical detours — at a natural but unhurried pace, and it was still publishing in August 2026. Free, with no transcripts and no English scaffolding at all, so it only starts working once you can follow connected speech; below B1 it will be noise.",https://podcasts.apple.com/us/podcast/persian-with-dallas/id1518417775,,https://anchor.fm/s/1386a908/podcast/rss,,,,
persian-with-el,Persian With El,https://persianwithel.com/,persian,persian,website|tutoring,beginner|intermediate,A1–B2,vocabulary|reading|grammar|speaking,freemium,2,grammar-reference|conversation-practice,spoken-persian|reference|vocabulary,"One teacher's free reference site for spoken Farsi, plus paid one-to-one lessons.","Elyar, a Tabriz-born teacher based in Milan, has built an unusually well-organised free site around spoken Persian: themed vocabulary guides running to thousands of words, grammar and script explanations, reading practice, and blunt reviews of the other Farsi resources on the market. The reference material is free; one-to-one lessons are the paid side, with a free 25-minute first session. It is one person's opinionated project rather than an institution, and it is newer than the classics, so cross-check anything surprising.",,,,,,,
persianpod101,PersianPod101,https://www.persianpod101.com/,persian,persian,podcast|course|app,beginner|intermediate,A1–B1,listening|vocabulary|grammar|speaking,freemium,4,structured-course,innovative-language|audio-lessons,"Dialogue-based audio lessons with transcripts, from absolute beginner upward.","The Innovative Language formula applied to Persian: a short native dialogue, then a line-by-line breakdown, with PDF transcripts, vocabulary lists and flashcards on the paid tiers. A free lifetime account gives real access to the newest lessons, and the absolute-beginner series is a reasonable structured entry point. Two honest caveats: the Persian catalogue is far smaller than the flagship Japanese or Spanish ones and thins out badly above lower-intermediate, and the marketing is relentless, with several confusing tiers and constant discount emails.",https://podcasts.apple.com/us/podcast/learn-persian-persianpod101-com/id668489679,,https://www.persianpod101.com/wp-feed-audio-video.php,,,https://www.youtube.com/@PersianPod101,
podgap,Learn Persian with Podgap,https://podcasts.apple.com/us/podcast/learn-persian-with-podgap/id1463336328,persian,persian,podcast,beginner|intermediate|advanced,A1–C1,listening|vocabulary|grammar,free,3,comprehensible-input,audio-lessons|culture,"150-plus free episodes with levelled titles, from first words up to C1 topics.","Each episode builds vocabulary and grammar around a theme, with Persian literature segments, guest interviews and recurring Iran Facts sections on culture and tradition, and episode titles that tell you the level so you can jump in at the right point. It was still publishing in mid-2026 and the whole archive is free. The catch is that the project's own website is offline, so the podcast feed is effectively the resource — no transcripts, no worksheets, nothing to read along with.",https://podcasts.apple.com/us/podcast/learn-persian-with-podgap/id1463336328,,https://www.spreaker.com/show/3513112/episodes/feed,,,,RSS=https://www.spreaker.com/show/3513112/episodes/feed
radio-farda,Radio Farda,https://www.radiofarda.com/,persian,persian,media,advanced,B2–C2,listening|reading|vocabulary,free,3,authentic-media,news|authentic-speech,"Free Persian news radio and articles, with audio for almost every story.","The Persian service of Radio Free Europe/Radio Liberty, publishing news audio, podcasts and matching text throughout the day — the audio-first counterpart to reading BBC Persian. Free and easy to work through in short bursts. It is a US-funded outlet and is blocked inside Iran, so its framing is not neutral and Iranian friends may react to it; as with any news source, use it for language and get your perspective from more than one place.",,,,,,,
tootee-persian,TOOTEE Persian (طوطی),https://www.youtube.com/@TOOTEEPERSIAN,persian,persian,youtube,beginner,A1–A2,listening|vocabulary|reading,free,2,comprehensible-input,kids|comprehensible-input,"Songs, stories and alphabet videos made for Persian-speaking families abroad.","Produced since 2017 by a small studio for diaspora families who want their children to keep Persian, with animated songs, stories and letter-by-letter alphabet material, all free and all in Persian. Uploads continued into 2026. Adult learners are obviously not the target, but children's material is genuinely useful early listening — short sentences, heavy repetition and pictures carrying the meaning — so it is worth a look if you want easy Persian audio and can tolerate the register.",,,,,,,
ut-persian-online,Persian Online (UT Austin),https://sites.la.utexas.edu/persian_online_resources/,persian,persian,website|tool,beginner|intermediate|advanced,A1–C1,grammar|reading|writing,free,3,grammar-reference,grammar|reference|alphabet|free-curriculum,"University of Texas grammar reference, from the writing system to full syntax.","Built by the University of Texas at Austin as a free supplement for Persian courses, this is the reference you want open in a tab: the writing system explained piece by piece (connecting letters, hamze, madd, tanvin, tashdid), a transcription system, instructions for typing Persian, and grammar entries covering nouns, adjectives, pronouns, verbs and sentence structure, plus vocabulary with audio and quizzes. Everything is free and needs no account. The interface dates from 2007 and it is a reference rather than a course, so use it to answer questions your main course raises.",,,,,,,
vajehyab,Vajehyab (واژه‌یاب),https://vajehyab.com/,persian,persian,dictionary,intermediate|advanced,,vocabulary|reading,freemium,3,,monolingual|reference,"Searches 26 Persian dictionaries at once, Dehkhoda and Moin included.","Type a word and it returns entries from more than twenty dictionaries side by side, including the monumental Dehkhoda lexicon and Moin, plus Persian-English glosses — the fastest way to see how a word is defined by Persian lexicographers rather than by a translation app. The core lookup is free; a subscription removes limits and ads. The interface is entirely in Persian and the definitions are written for native speakers, so this is a tool for the point where bilingual dictionaries start failing you, not for week one.",,,,,,,
certyfikat-polski,Certyfikat z języka polskiego (NAWA),https://certyfikatpolski.pl/,polish,polish,website,intermediate|advanced,B1–C2,writing|speaking|reading|listening,free,2,,exam|official|certification,"Official site for Poland's state Polish exam: dates, centres, sample papers.","The state certification of Polish as a foreign language is what counts for citizenship, university admission and many employers, and this NAWA-run site carries the exam calendar, the list of examination centres worldwide, registration and the official format information. Even if you never sit it, the published requirements are a useful map of what each CEFR level means in Polish. Information only — no teaching material, and mostly in Polish.",,,,,,,
culture-pl-alphabet,A Foreigner's Guide to the Polish Alphabet (Culture.pl),https://culture.pl/en/article/a-foreigners-guide-to-the-polish-alphabet,polish,polish,website,beginner,A1,pronunciation|reading,free,2,,pronunciation|alphabet|first-week,"A clear, entertaining walk through every Polish letter and digraph.","Culture.pl, run by the Adam Mickiewicz Institute, explains the Polish alphabet letter by letter in English, including the sounds that terrify newcomers — ś versus sz, ć versus cz, the nasal ą and ę — with cultural asides that make it stick. Read it on day one, before you attempt any vocabulary. It is a single article, not a pronunciation course, so follow it with recorded audio practice.",,,,,,,
diki,Diki,https://www.diki.pl/,polish,polish,dictionary,beginner|intermediate|advanced,A1–C2,vocabulary|pronunciation|reading,freemium,4,,bilingual|audio,"The bilingual dictionary Poles use, with audio and example sentences both ways.","Diki covers Polish against English and several other languages with recorded pronunciation, example sentences, collocations and picture vocabulary, and it handles the English-to-Polish direction far better than generic dictionary sites. For beginners it is the practical everyday lookup while WSJP is still out of reach. Ad-supported with a paid ad-free tier, and the interface defaults to Polish.",,,,,,,
e-polish-eu,e-polish.eu (Polski krok po kroku),https://e-polish.eu/,polish,polish,course|book|tool,beginner|intermediate,A1–B2,grammar|vocabulary|reading|listening,freemium,3,structured-course,textbook|exercises,The Krok po kroku textbook line plus an online exercise and games platform.,"Thirty years of Polish-for-foreigners publishing behind the Polski krok po kroku series, now paired with a platform of interactive exercises, tests and teacher tools used by tens of thousands of students in dozens of countries. Krok po kroku is the main alternative to HURRA!!! and is often preferred for self-study because it explains more as it goes. The books are paid and the deeper platform features are aimed at teachers; the interface is Polish-first.",,,,,,,
easy-polish,Easy Polish,https://www.youtube.com/@EasyPolish,polish,polish,youtube|course,beginner|intermediate|advanced,A1–C1,listening|vocabulary|immersion,freemium,4,comprehensible-input,authentic-speech|subtitles,Street interviews and everyday conversation with dual Polish/English subtitles.,"Aga, Justyna and the Katowice team have been filming unscripted Polish for over a decade — strangers on the street, friends at home, plus 'Super Easy Polish' episodes slowed right down for beginners — all dual-subtitled so the same video serves several levels. It is the fastest cure for the shock of real Polish after textbook audio. Videos are free and weekly; the membership adds exercises, a Discord community and live classes with teachers.",,,,,,,Website=https://www.easypolish.org/
hello-polish,HelloPolish!,https://www.hellopolish.pl/,polish,polish,podcast,beginner|intermediate|advanced,A1–C1,listening|vocabulary,free,2,comprehensible-input,graded|archive|exam-prep,"A free level-tagged podcast archive using authentic Polish, A1 through C1.","Every episode is labelled with its CEFR level and streams free from the site, including a run of episodes on preparing for the state certification exam at B1. The explicit level tagging makes it unusually easy to find material that fits you, and the archive is large enough to last months. It stopped producing new episodes around 2023, so treat it as a finished library rather than a live show.",https://podcasts.apple.com/us/podcast/hellopolish/id1448877481,https://open.spotify.com/show/6nJ2LaSzsJyoch5kTFhwnq,https://www.hellopolish.pl/feed/podcast/,,,,
hurra-po-polsku,HURRA!!! Po polsku (PROLOG),https://prologpublishing.com/,polish,polish,book|course,beginner|intermediate|advanced,A1–C1,grammar|reading|listening|vocabulary,paid,4,structured-course,textbook|classroom-standard,"The bestselling Polish-as-a-foreign-language textbook series, A1 to C1.","PROLOG's HURRA!!! series, written by practising teachers, is the course book most Polish language schools build their classes on, running from absolute beginner up to advanced with workbooks, audio and the Testuj Swój Polski exam-practice companion. Following it keeps your self-study aligned with what a class or tutor will assume you know. Written to be taught, so working through it alone is harder than a self-study course, and the books must be bought.",,,,,,,
mowic-po-polsku,Mówić po polsku,https://mowicpopolsku.com/,polish,polish,website,beginner|intermediate,A1–B1,grammar|pronunciation|vocabulary,free,2,grammar-reference,pronunciation|grammar-reference,"Free, well-organised explanations of Polish alphabet, grammar and vocabulary.","A long-standing free site that walks English speakers through the Polish alphabet and pronunciation rules, then the cases, tenses and conjugation, with everyday vocabulary and phrase sets alongside. The pronunciation section in particular is where most beginners should start with Polish. It is static reference material — no exercises, no feedback, and it does not go far past B1.",,,,,,,
plynnie-po-polsku,Płynnie po polsku,https://plynniepopolsku.pl/,polish,polish,podcast|youtube,beginner|intermediate,A2–B2,listening|vocabulary|grammar,freemium,2,comprehensible-input,teacher-led|living-in-poland,"A certified Polish teacher's podcast and channel, over 120 episodes.","Anna, a certified teacher of Polish as a foreign language who speaks a stack of languages herself, records short thematic episodes in Polish for learners settling into life in Poland or with Polish family. Uploads have continued steadily through 2026 and the level is well judged for A2–B2. The podcast and videos are free; courses and one-to-one lessons are paid.",https://podcasts.apple.com/us/podcast/p%C5%82ynnie-po-polsku-learn-polish-with-anna/id1775366963,https://open.spotify.com/show/1Ri7yWrTfhDkSJa0XMl4v4,https://anchor.fm/s/b92708bc/podcast/rss,,,https://www.youtube.com/channel/UCM1vdTt_oFZw5rD0wCLC4dA,
polish-with-dorota,Polish with Dorota,https://polishwithdorota.pl/,polish,polish,youtube|course,beginner|intermediate,A1–B2,grammar|speaking|listening,freemium,3,grammar-reference,grammar|speaking-practice,Grammar-focused video lessons that target where learners actually get stuck.,"Dorota teaches the parts of Polish that break people — case endings, surname declension, building sentences, complaining convincingly — in weekly videos aimed at making you produce language rather than recognise it. She is uploading consistently through 2026 and the free channel alone is a solid grammar course. Self-study video courses and her online school are paid, and the site's framing leans hard on sales language.",,,,,,https://www.youtube.com/@polishwithdorota,
polishforums-language,PolishForums – Language section,https://polishforums.com/language/,polish,polish,community,intermediate|advanced,B1–C2,grammar|vocabulary|reading,free,2,,forum|archive,Two decades of archived threads on Polish grammar puzzles and translation.,"An old-fashioned forum whose language board holds years of detailed discussion of aspect, case usage, dialects, surnames and translation problems, much of it from native speakers with a linguistic bent. Searching the archive often answers a question no learner site addresses. The wider site is quieter than it was and can drift into off-topic argument, so stay in the language section.",,,,,,,
polishpod101,PolishPod101,https://www.polishpod101.com/,polish,polish,course|podcast|app,beginner|intermediate,A1–B1,listening|vocabulary|speaking,freemium,4,structured-course,innovative-language|audio-lessons,"Innovative Language's structured Polish audio course, still publishing weekly.","Dialogue lessons with transcripts, line-by-line breakdowns, vocabulary lists and a spaced-repetition trainer, arranged into beginner-to-intermediate pathways — reliable scaffolding for the first year of Polish. The free podcast feed is a decent standalone resource. As with the whole PodX01 family, expect constant upselling, patchy older lessons and little content above B1.",https://podcasts.apple.com/us/podcast/learn-polish-polishpod101-com/id381009140,,https://www.polishpod101.com/wp-feed-audio-video.php,,,,
polski-daily,Polski Daily,https://polskidaily.eu/,polish,polish,podcast|course,beginner|intermediate|advanced,A2–C1,listening|vocabulary|speaking,freemium,3,comprehensible-input,culture|living-in-poland,Paulina's podcast and club for people who actually live in Poland.,"Paulina Lipiec, trained in teaching Polish as a second language, started the podcast in 2016 out of frustration at how dull the available listening material was; two hundred-plus episodes later it covers language, culture and life in Poland with worksheets and transcripts. Her explanations of things Poles do and say make it as much cultural onboarding as language practice. The podcast and YouTube clips are free; worksheets, courses and the members' club are paid.",https://podcasts.apple.com/us/podcast/polski-daily-stories-talks/id1350226139,,https://www.spreaker.com/show/2904335/episodes/feed,,,https://www.youtube.com/@PolskiDaily,
polski-info,polski.info,https://polski.info/,polish,polish,course|website,beginner|intermediate,A1–B1,grammar|vocabulary|reading|listening,free,3,structured-course,free-curriculum|multilingual,A free multilingual Polish course with grammar guide and audio dictionary.,"A publicly funded platform offering structured distance courses in Polish, a full grammar guide and a basic dictionary with recorded pronunciation, with the interface available in ten languages including German, Czech, Ukrainian and Russian. Completely free with a simple sign-up, and the non-English interface languages make it a rare good fit for learners who aren't coming from English. Coverage stops around B1 and the platform is fairly plain.",,,,,,,
polski-na-wynos,Polski na wynos,https://www.polskinawynos.com/,polish,polish,website|tool,beginner|intermediate|advanced,A1–C1,grammar|vocabulary|writing,free,2,,worksheets|teacher-materials,"Free downloadable worksheets and ready-made lessons for Polish, any level.","A materials bank built by Polish-as-a-foreign-language teachers: printable grammar and vocabulary worksheets, ready-made lesson plans and student handouts, all free to use as long as you credit the source. Self-studiers can mine it for practice on exactly the topic they are stuck on. It is a pile of resources rather than a path — you have to know what you need, and much of the site is in Polish.",,,,,,,
polskie-radio-player,Polskie Radio,https://player.polskieradio.pl/,polish,polish,media,advanced,B2–C2,listening|immersion,free,3,authentic-media,native-content|radio,"Poland's public radio streams and archive — native Polish, free, no geo-block.","All the public radio channels plus a deep archive of programmes on news, culture, science and music, freely streamable from anywhere. Once learner podcasts stop stretching you, unscripted radio at full speed is the next step, and the news channel gives you the same stories repeatedly, which helps enormously. No transcripts, no concessions to learners, and the presenters talk fast.",,,,,,,
real-polish,Real Polish,https://realpolish.pl/,polish,polish,podcast|course,intermediate|advanced,B1–C1,listening|vocabulary|immersion,freemium,4,comprehensible-input,comprehensible-input|story-based,"Piotr's story-driven Polish podcast — over 1,500 lessons, still going in 2026.","One of the oldest and largest comprehensible-input projects for Polish: episodes told entirely in Polish at a considerate but natural pace, built around stories and observations rather than grammar drills, with a huge free archive on the podcast feed and YouTube. If you want volume of Polish input organised by an actual teacher, nothing else comes close. The structured courses, transcripts and guided paths sit behind a monthly VIP subscription, and the site's marketing is heavy.",https://podcasts.apple.com/us/podcast/real-conversations-no-polish-no-agenda/id1868797754,,https://anchor.fm/s/10db6a75c/podcast/rss,,,https://www.youtube.com/@MrRealPolish,
reddit-learnpolish,r/learnpolish,https://www.reddit.com/r/learnpolish/,polish,polish,community,beginner|intermediate|advanced,A1–C2,grammar|vocabulary|writing,free,4,,forum|q-and-a|writing-practice,"The main English-language community for Polish learners, with a resource wiki.","Native speakers answer grammar and usage questions here daily, and the subreddit wiki collects dictionaries, free grammar PDFs, reading and news links in one place. The companion r/WriteStreakPolish gives you native corrections on short daily writing, which is hard to get anywhere else for free. Wiki links have aged unevenly, so check anything before relying on it.",,,,,,,
sgjp,Słownik gramatyczny języka polskiego,https://sgjp.pl/,polish,polish,dictionary|tool,intermediate|advanced,B1–C2,grammar|writing,free,2,,inflection|declension|conjugation,"Look up any Polish word and get every inflected form, free.","A grammatical dictionary that exists to answer one question completely: what are all the forms of this word. Given Polish's seven cases, three genders in the plural and unpredictable verb stems, having an authoritative full paradigm on demand saves enormous guesswork. No definitions and no translations — pair it with WSJP or a bilingual dictionary.",,,,,,,
sjp-pwn,Słownik języka polskiego PWN,https://sjp.pwn.pl/,polish,polish,dictionary,intermediate|advanced,B1–C2,vocabulary|writing|grammar,free,4,,monolingual|official|usage,PWN's standard Polish dictionary plus the language-usage advice service.,"The reference publisher's free portal bundles the main Polish dictionary with the official spelling and punctuation rules and the Poradnia Językowa, a free national service where linguists answer the public's questions about correct usage. It is the place Poles themselves check when they argue about a word. Definitions are in Polish only, and some content nudges you toward the paid subscription editions.",,,,,,,
swan-polish-grammar,Oscar Swan's Polish grammar (Univ. of Pittsburgh),https://lektorek.org/lektorek/,polish,polish,book|website,intermediate|advanced,A2–C1,grammar|reading|writing,free,3,grammar-reference,reference-grammar|university|free-book,"A full academic Polish grammar in English, free as a PDF from Pittsburgh.","Oscar Swan's grammar of contemporary Polish, hosted free by the University of Pittsburgh alongside his first-year Polish lesson materials, is the most thorough English-language treatment of Polish grammar you can get without paying. It is the reference to consult when a learner site's explanation of aspect or motion verbs leaves you unconvinced. The site itself has not been touched in about two decades and looks it — go straight to the PDF.",,,,,,,Grammar PDF=https://lektorek.org/lektorek/grammar.pdf | First Year Polish=https://lektorek.org/lektorek/firstyear/
swojski-jezyk-polski,Swojski język polski,https://swojskijezykpolski.com/,polish,polish,podcast,intermediate|advanced,B1–C1,listening|reading|vocabulary,freemium,2,comprehensible-input,transcripts|polish-only,All-Polish podcast whose episodes come with full written transcriptions.,"Agnieszka Podemska speaks only Polish across some 87 episodes, and — crucially — publishes transcripts, which turns passive listening into something you can actually study line by line. Transcripts are rare for Polish learner podcasts and are the main reason to pick this one. New episodes have slowed to a trickle since early 2026, and the transcripts sit behind a paid tier while the audio stays free.",https://podcasts.apple.com/us/podcast/swojski-j%C4%99zyk-polski-learn-polish-podcast/id1543600480,https://open.spotify.com/show/4Ov2QGkot3ckdhZpUa7Xv1,https://anchor.fm/s/fe28dd78/podcast/rss,,,https://www.youtube.com/@SwojskiJezykPolski,
vod-tvp,TVP VOD,https://vod.tvp.pl/,polish,polish,media,intermediate|advanced,B1–C2,listening|immersion,freemium,3,authentic-media,television|immersion|geo-restricted,"Polish public-service TV on demand: series, films and children's programming.","A large catalogue of Polish drama, documentaries, classic films and kids' shows, much of it free to stream, which makes it the easiest way to get hours of Polish in front of you. Children's programming and dubbed content are far gentler entry points than adult drama. Subtitle availability is inconsistent, some titles are paid or geo-restricted, and the player is ad-heavy.",,,,,,,
wolne-lektury,Wolne Lektury,https://wolnelektury.pl/,polish,polish,media|book,advanced,B2–C2,reading|listening|vocabulary,free,3,authentic-media,literature|audiobooks|public-domain,Thousands of Polish literary works free as ebooks and audiobooks.,"A public digital library of Polish literature — the school canon plus much more — free to read online or download, with a large catalogue of professionally recorded audiobooks and annotations explaining archaic words. Reading a book while listening to its recording is the classic route into advanced Polish, and here it costs nothing. The catalogue is mostly out-of-copyright classics, so the language is often older than what you will hear on the street.",,,,,,,
wsjp,Wielki słownik języka polskiego (WSJP),https://wsjp.pl/,polish,polish,dictionary,intermediate|advanced,B1–C2,vocabulary|reading|writing,free,3,,monolingual|academic|collocations,"The most detailed free dictionary of Polish: meanings, collocations, inflection.","An academic dictionary of contemporary Polish from the Polish Academy of Sciences, giving each word its full inflection table, typical collocations, corpus examples and etymology — far more than a translation dictionary tells you. The collocation data is what stops you writing grammatically correct Polish that no Pole would say. Monolingual and dense, so it becomes useful somewhere around B1.",,,,,,,
brazilianpodclass,BrazilianPodClass,https://brazilianpodclass-learn-portuguese.teachable.com/,portuguese,portuguese,podcast|course,beginner|intermediate|advanced,A1–C1,listening|vocabulary|grammar,freemium,2,structured-course,brazilian-portuguese,"Hundreds of weekly Brazilian Portuguese lessons for all levels, running since 2007.","One of the oldest Portuguese learning podcasts still going, with a lesson every week focused on conversation, vocabulary and the popular expressions textbooks skip. The audio podcast is free in any app; structured course bundles and lesson materials are sold through their Teachable site, which is now the main web presence. Production is basic and the archive is organised by episode number rather than by level, so plan on some digging.",https://podcasts.apple.com/us/podcast/learn-portuguese-brazilianpodclass-previous-episodes/id515270398,,https://feeds.feedburner.com/BrazilianPodClassPreviousEpisodes,,,,
carioca-connection,Carioca Connection,https://cariocaconnection.com/,portuguese,portuguese,podcast|course,intermediate|advanced,B1–C1,listening|vocabulary|immersion,freemium,2,comprehensible-input,brazilian-portuguese,"Alexia and Foster's decade of unscripted Rio Portuguese conversations, 400+ episodes.","A Brazilian and her American partner talk about whatever is going on — music, relationships, Brazilian politics, language mistakes — without scripting or slowing down much, which is the whole appeal once learner audio starts to feel fake. The podcast is free; playbooks, worksheets and a self-study membership (around $149/year) are paid. Heavily carioca in accent and slang, so budget some confusion if you learned a more neutral Brazilian Portuguese.",https://podcasts.apple.com/us/podcast/carioca-connection-brazilian-portuguese-conversation/id1111786097,,https://feeds.transistor.fm/carioca-connection-brazilian-portuguese-conversation-79ed6130-3df4-4e42-a017-6aadd7a6ff12,,,,
ciberduvidas,Ciberdúvidas da Língua Portuguesa,https://ciberduvidas.iscte-iul.pt/,portuguese,portuguese,website,advanced,B2–C2,grammar|reading|writing,free,2,grammar-reference,european-portuguese,A 1997-vintage Q&A archive where linguists answer real questions about Portuguese usage.,"Run out of ISCTE in Lisbon, it answers submitted questions about grammar, usage, regional variation and the spelling accord, and the searchable back catalogue now covers nearly every argument speakers have about the language. This is where you go when a grammar book gives a rule and you want to know whether anyone follows it. Entirely in Portuguese and written for an educated native audience, so it is a C-level reference, not a study tool.",,,,,,,
conjugacao-com-br,Conjugação.com.br,https://www.conjugacao.com.br/,portuguese,portuguese,tool|website,beginner|intermediate|advanced,,grammar|writing,free,2,grammar-reference,brazilian-portuguese|european-portuguese,"Free full conjugation tables for any Portuguese verb, regular or irregular.","Type an infinitive and get every tense and mood laid out, including the personal infinitive and the future subjunctive that make Portuguese conjugation genuinely harder than Spanish. Free, fast and paired with dictionary, synonym and grammar sections from the same publisher. It is a Brazilian site, so where a form differs between varieties the Brazilian usage is what you see — check Priberam if you need the Portugal norm.",,,,,,,
fala-gringo,Fala Gringo!,https://falagringopodcast.com/,portuguese,portuguese,podcast,intermediate,B1–B2,listening|vocabulary|immersion,free,2,comprehensible-input,brazilian-portuguese,"Leni talks about Brazilian news and culture in slow, clear Portuguese, with transcripts.","Short Portuguese-only episodes on current topics and everyday Brazilian life, delivered at a pace intermediates can actually follow, with full transcripts published free on the site. It is a one-person operation supported by voluntary contributions rather than a paywall, which is why it belongs on any free-resource list. Squarely intermediate — no English scaffolding at all.",https://podcasts.apple.com/us/podcast/fala-gringo-a-brazilian-podcast-for-intermediate-learners/id1474096593,https://open.spotify.com/show/7fMN1tfd9XGieL9y002lHQ,https://anchor.fm/s/e3f8c44/podcast/rss,,,,
infopedia,Infopédia (Porto Editora),https://www.infopedia.pt/,portuguese,portuguese,dictionary|website,beginner|intermediate|advanced,,vocabulary|reading|pronunciation,freemium,3,,european-portuguese,"Porto Editora's dictionary portal — monolingual, bilingual and audio, in European Portuguese.","The digital home of Portugal's biggest reference publisher: the Portuguese-language dictionary plus Portuguese–English and other bilingual pairs, verb conjugation, and native audio for headwords, all from a European Portuguese perspective. The core dictionary lookups are free; some encyclopaedic content sits behind a subscription. Between this and Priberam you have European Portuguese lexical questions covered without paying anything.",,,,,,,
instituto-camoes,Camões Institute — Learning Portuguese,https://www.instituto-camoes.pt/en/activity-camoes/what-we-do/learn-portuguese,portuguese,portuguese,course|website,beginner|intermediate|advanced,A1–C1,reading|writing|listening|grammar,paid,3,structured-course,european-portuguese,Portugal's official language institute: A1–C1 online courses and certification.,"The state body responsible for teaching Portuguese abroad runs self-study and tutored eLearning courses aligned to both the CEFR and Portugal's own QuaREPE framework, along with workplace-Portuguese tracks and a network of Portuguese Language Centres. Being the official institution matters if you want certification or a syllabus that matches what Portuguese schools teach. It is bureaucratic to navigate, courses are paid and run in enrolment windows, and the platform feels institutional rather than modern.",,,,,,https://www.youtube.com/c/CamoesIP,
mia-esmeriz-academy,Mia Esmeriz Academy,https://learn-portuguese.org/,portuguese,portuguese,course,beginner|intermediate,A1–B2,grammar|vocabulary|pronunciation|listening,paid,2,structured-course,european-portuguese,A self-paced A1–B2 European Portuguese course from a qualified Portuguese teacher.,"The Master Course walks from true beginner to upper-intermediate in a conventional, thorough, CEFR-aligned way — grammar, vocabulary, pronunciation and exercises — plus a separate Speech Course on the sounds of European Portuguese and interactive story material. Courses are one-off purchases with lifetime access rather than a subscription, which suits people who dislike recurring fees. It is a solid textbook-style course, not an entertaining one; the free materials on the site are a fair sample of the teaching style.",,,,,,https://www.youtube.com/c/learneuropeanportugueseonline,
michaelis-dicionario,Michaelis Dicionário Brasileiro,https://michaelis.uol.com.br/,portuguese,portuguese,dictionary,beginner|intermediate|advanced,,vocabulary|reading,free,3,,brazilian-portuguese,"Brazil's reference dictionary, free online, with monolingual and bilingual editions.","Published by Melhoramentos, with over 350,000 definitions including regionalisms, colloquialisms and slang, plus Portuguese–English and other bilingual dictionaries alongside the monolingual one. It is the Brazilian counterpart to Priberam and the better choice when a word is Brazil-specific. The web version is free; the site is ad-heavy and the mobile apps are paid.",,,,,,,
porta-dos-fundos,Porta dos Fundos,https://www.youtube.com/@portadosfundos,portuguese,portuguese,media|youtube,advanced,B2–C2,listening|immersion|vocabulary,free,4,authentic-media,brazilian-portuguese,Brazil's biggest comedy sketch channel — native-speed Portuguese made for Brazilians.,"Short sketches, usually two or three minutes, performed at full conversational speed with the slang, sarcasm and cultural references intact. Nothing here is adapted for learners, which is exactly the value: if you laugh at the right moment you understand Brazilian Portuguese. Free, enormous back catalogue, Portuguese auto-subtitles are usable. Frequently crude and irreverent about religion and politics, so it will not suit everyone.",,,,,,,
portuguese-lab,Portuguese Lab,https://www.portugueselab.com/,portuguese,portuguese,podcast|course,beginner|intermediate,A1–B2,listening|grammar|pronunciation|vocabulary,freemium,2,structured-course,european-portuguese,"Susana Morais' calm, short European Portuguese lessons with a large free podcast archive.","A Lisbon teacher who structures things unusually clearly: short podcast episodes each doing one thing — a grammar point, a pronunciation contrast, a listening drill — with printable support materials. The podcast and a starter phrase pack are free; Portuguese Lab Academy (A1–B2) is the paid course. Very good for the A1–A2 stage where European Portuguese material is thinnest; her Storyglot readers cover the same ground for reading.",https://podcasts.apple.com/us/podcast/portuguese-lab-podcast-learn-european-portuguese/id1177744515,https://open.spotify.com/show/6kW8Hemxwn8N5M9BssisNg,https://www.portugueselab.com/podcast?format=rss,,,https://www.youtube.com/channel/UCb0zJhS1C8QK3fzcZdU0Xkw,
portuguese-with-carla,Portuguese With Carla,https://www.portuguesewithcarla.com/,portuguese,portuguese,course|podcast|youtube,beginner|intermediate|advanced,A1–C1,listening|speaking|grammar|immersion,freemium,2,structured-course|comprehensible-input,european-portuguese,A cinematic story series through Portugal used as the spine of a full A1–C1 course.,"Carla and Marlon built 'The Journey' — 80+ filmed episodes following two characters solving a family mystery around Portugal — and hang vocabulary, grammar and exercises off the narrative, which keeps motivation up far better than unit-by-unit slogging. Podcast episodes, YouTube lessons and a weekly email are free; membership is €30/month or €349/year. Genuinely goes up to C1–C2 grammar, which almost no other European Portuguese course does, though the storytelling format is slower per hour than a conventional textbook.",https://podcasts.apple.com/us/podcast/portuguese-with-carla-podcast/id850676914,,https://www.portuguesewithcarla.com/feed/podcast/,,,,
portuguese-with-leo,Portuguese With Leo,https://www.portuguesewithleo.com/,portuguese,portuguese,youtube|podcast|course,beginner|intermediate|advanced,A2–C1,listening|vocabulary|immersion|pronunciation,freemium,3,comprehensible-input,european-portuguese,"Leo's European Portuguese videos on language, history and culture, mostly in Portuguese.","The best-known European Portuguese YouTube channel (around 290K subscribers), covering everything from why Portuguese sounds the way it does to interviews with speakers of other Romance languages, with Portuguese subtitles throughout. He also runs separate Beginner and Intermediate Portuguese Podcast series and gives away several ebooks; the B1, B2 and pronunciation courses are paid. YouTube uploads have slowed to every month or two, so treat the channel as a deep archive and the podcasts as the active feed.",https://podcasts.apple.com/us/podcast/intermediate-portuguese-podcast/id1523344579,https://open.spotify.com/show/0tex61CKrQ0InxdgdRmqf7,,,,https://www.youtube.com/@PortugueseWithLeo,
portuguesepedia,Portuguesepedia,https://www.portuguesepedia.com/,portuguese,portuguese,website|tool,intermediate|advanced,A2–C1,listening|vocabulary|grammar|immersion,freemium,1,comprehensible-input,european-portuguese,"Real European Portuguese audio and idioms, matched to your level, curated by one teacher.","Pedro built this for the specific problem of understanding Portuguese as it is actually spoken in Portugal — fast, swallowed vowels, idiomatic — with levelled listening practice, vocabulary saving and grammar articles. The free tier gives a weekly allowance of content and vocabulary review; Plus is about €11.60/month annually and adds unlimited access and AI speaking practice. Explicitly best from A2 upward; absolute beginners should start elsewhere.",,,,,,,
portuguesepod101,PortuguesePod101,https://www.portuguesepod101.com/,portuguese,portuguese,podcast|course|app,beginner|intermediate|advanced,A1–C1,listening|vocabulary|grammar|reading,freemium,3,structured-course,brazilian-portuguese,Thousands of levelled Brazilian Portuguese audio lessons with transcripts and word lists.,"Innovative Language's Portuguese arm: short dialogue-plus-explanation lessons organised into level pathways, with line-by-line transcripts, flashcards and a decent mobile app. Sheer volume is the selling point — you will not run out of material at any level. The free account gives limited access and the marketing is relentlessly discount-driven, so never pay list price. It teaches Brazilian Portuguese, so it is the wrong tool if you are living in Portugal.",https://podcasts.apple.com/us/podcast/learn-portuguese-portuguesepod101-com/id381009175,,https://www.portuguesepod101.com/wp-feed-audio-video.php,,,,
practice-portuguese,Practice Portuguese,https://www.practiceportuguese.com/,portuguese,portuguese,course|app|podcast,beginner|intermediate|advanced,A1–C1,listening|reading|vocabulary|grammar|pronunciation,freemium,4,structured-course|comprehensible-input,european-portuguese,"The most complete European Portuguese course anywhere — 950+ episodes, all from Portugal.","Rui and Joel have built since 2012 what nobody else has for European Portuguese: 100+ structured units, hundreds of graded audio Shorties and podcast episodes, a verb trainer, pronunciation analysis and an SRS review system, all in the Lisbon standard rather than Brazilian. The Practice Portuguese Podcast and Shorties are free in any podcast app; full site and app access is about €15/month with no free trial but a money-back guarantee. If you live in Portugal and can only pay for one thing, this is it — the caveat is that it is Lisbon-accented and light on the northern varieties.",https://podcasts.apple.com/us/podcast/practice-portuguese/id599326719,,https://www.practiceportuguese.com/feed/podcast/,https://apps.apple.com/us/app/practice-portuguese/id1517216365,https://play.google.com/store/apps/details?id=com.practiceportugueseap4.app,,
priberam-dicionario,Dicionário Priberam da Língua Portuguesa,https://dicionario.priberam.org/,portuguese,portuguese,dictionary,beginner|intermediate|advanced,,vocabulary|reading,free,4,,european-portuguese|brazilian-portuguese,"The standard free monolingual Portuguese dictionary, with Portugal and Brazil spellings.","Fast, free and comprehensive, with full conjugation for every verb, etymologies, and an explicit switch between the Portuguese and Brazilian orthographic conventions — which is exactly what you need when the same word is spelled differently on each side of the Atlantic. Definitions are in Portuguese only, so it becomes useful around B1. This is the dictionary most Portuguese speakers actually open.",,,,,,,
rtp-ensina,RTP Ensina,https://ensina.rtp.pt/,portuguese,portuguese,media|website,intermediate|advanced,B1–C1,listening|reading|immersion,free,2,authentic-media,european-portuguese,"Portugal's public broadcaster's free educational video archive, in European Portuguese.","Thousands of short documentary and explainer videos from RTP's archive, organised by school subject — history, science, literature, Portuguese language itself — with accompanying text. It is made for Portuguese schoolchildren rather than foreign learners, which is the point: real European Portuguese, clearly enunciated, on topics concrete enough to follow. Free and not geo-blocked like RTP Play, but there is no vocabulary support of any kind, so bring a dictionary.",,,,,,,
say-it-in-portuguese,Say It In Portuguese,https://sayitinportuguese.pt/,portuguese,portuguese,tutoring|course|podcast,beginner|intermediate|advanced,A1–C1,speaking|writing|listening|grammar,paid,1,conversation-practice,european-portuguese,"Cristina's one-to-one European Portuguese lessons, including CAPLE exam preparation.","A native Portuguese teacher offering personalised online lessons, with a specific focus on the CAPLE exams — CIPLE at A2 and DEPLE/DIPLE at B1–B2 — which matters if you are working toward Portuguese nationality or residency requirements. She publishes a free podcast on idioms and a blog on culture and learning. Pricing is not listed publicly, so you have to ask; this is a tutor, not a self-study product.",https://podcasts.apple.com/us/podcast/say-it-in-portuguese/id1604701948,https://open.spotify.com/show/3U2VYJp4ZQvgJYFUqSqayU,,,,,
semantica-portuguese,Semantica Portuguese,https://www.semantica-portuguese.com/,portuguese,portuguese,course|media,beginner|intermediate|advanced,A1–B2,listening|vocabulary|grammar|immersion,paid,2,structured-course|comprehensible-input,brazilian-portuguese,Brazilian Portuguese taught through filmed drama series shot in Brazil with local actors.,"Instead of studio dialogues you get episodic video stories filmed on location, with the language graded across series and grammar explained visually rather than in tables. It is the strongest option if you learn from narrative and want to hear Portuguese in situ rather than in a classroom. Subscription-only with some free sample posts, the accent is a deliberately neutral Brazilian one, and the video library grows slowly — long-standing subscribers do notice.",,,,,,,
short-stories-in-brazilian-portuguese,Short Stories in Brazilian Portuguese for Beginners (Olly Richards),https://us.teachyourself.com/products/short-stories-in-brazilian-portuguese-for-beginners,portuguese,portuguese,book,beginner|intermediate,A2–B1,reading|vocabulary,paid,3,graded-reading,brazilian-portuguese,"Eight genre short stories in controlled Brazilian Portuguese, with glossaries and questions.","The Portuguese entry in the Teach Yourself graded-reader series: sci-fi, fantasy, crime and thriller stories written for high-beginner to low-intermediate readers, with bolded vocabulary, chapter glossaries, plot summaries and comprehension questions. It is the most reliable way to get from textbook sentences to reading whole chapters. Brazilian Portuguese only — there is no European Portuguese edition, which is why Storyglot exists.",,,,,,,
speaking-brazilian,Speaking Brazilian,https://www.speakingbrazilian.com/,portuguese,portuguese,youtube|course,beginner|intermediate|advanced,A1–C1,listening|speaking|grammar|pronunciation,freemium,3,grammar-reference,brazilian-portuguese,"Virginia Langhammer's clear Brazilian Portuguese lessons, nearly 300 of them free.","The most reliable Brazilian Portuguese teaching channel: pronunciation, grammar, verb conjugation and culture, taught slowly in Portuguese with English support, and still uploading several times a week to over 330K subscribers. Free on YouTube; the paid side is a school with levelled digital courses, group classes and private lessons. A good default first stop for Brazilian Portuguese, and it pairs well with a conversation podcast once you can follow one.",,,,,,,
storyglot,Storyglot (European Portuguese readers),https://storyglot.com/,portuguese,portuguese,book,beginner|intermediate|advanced,A1–C1,reading|vocabulary|grammar,paid,1,graded-reading,european-portuguese,"Graded story books written in European Portuguese, from A1 up to C1.","Susana Morais of Portuguese Lab writes these to fill an obvious gap — nearly every Portuguese graded reader on the market is Brazilian. Each book targets a level and consolidates specific grammar through story rather than exercises, with audio available. Reasonably priced ebooks; the range is smaller than the Brazilian equivalents, so heavy readers will exhaust it faster than they would like.",,,,,,,
street-smart-brazil,Street Smart Brazil,https://www.streetsmartbrazil.com/,portuguese,portuguese,tutoring|course|youtube,beginner|intermediate|advanced,A1–C1,speaking|grammar|vocabulary,freemium,2,conversation-practice|structured-course,brazilian-portuguese,"Luciana's one-to-one Brazilian Portuguese coaching, plus Celpe-Bras exam preparation.","Teaching since 2008, with self-paced courses, private video lessons and dedicated prep for Celpe-Bras — the Brazilian government's official proficiency exam, which matters for study or work in Brazil. The blog and YouTube channel carry a long run of free grammar and idiom lessons that stand alone even if you never book a class. YouTube uploads have become infrequent; the paid tutoring is the active part of the business.",,,,,,,
ta-falado,Tá Falado,https://www.coerll.utexas.edu/brazilpod/tafalado/,portuguese,portuguese,podcast|course,beginner|intermediate,A1–B1,pronunciation|listening|vocabulary,free,2,pronunciation-training,brazilian-portuguese,Brazilian Portuguese pronunciation taught specifically to people who already speak Spanish.,"A University of Texas project that contrasts each Portuguese sound with its Spanish equivalent, using paired dialogues plus a cultural comparison between the US and Brazil. If you come to Portuguese from Spanish it addresses your actual problems — nasal vowels, open and closed e/o, the sounds Spanish simply lacks — rather than starting from zero. Completely free with transcripts, from an academic institution. It is an older series with no new episodes, and useless if you have no Spanish.",https://podcasts.apple.com/us/podcast/t%C3%A1-falado-brazilian-portuguese-pronunciation-for-speakers/id206150220,,https://www.coerll.utexas.edu/brazilpod/tafalado/rss.php,,,,
talk-the-streets,Talk the Streets,https://www.talkthestreets.com/,portuguese,portuguese,course|youtube|podcast,beginner|intermediate,A1–B1,pronunciation|speaking|listening|vocabulary,freemium,2,pronunciation-training|structured-course,european-portuguese,"Liz Sharma teaches the European Portuguese natives actually speak, pronunciation first.","Built around the observation that most learners in Portugal can read fine and understand nothing, so the method leads with pronunciation and reduced everyday speech rather than grammar tables. The YouTube channel (around 134K subscribers, posting regularly) and a free beginner training are the entry points; the Portuguese Pro courses are paid. She is a fluent non-native teacher explaining in English, which some prefer for the early stages and others specifically do not want.",,,,,,https://www.youtube.com/channel/UCAHp6bCNcUg6PTHaZ-hI3Bw,
todo-mundo-pod,Todo Mundo Pod,https://www.todomundopod.com/,portuguese,portuguese,podcast,beginner|intermediate,A2–B2,listening|vocabulary|grammar,freemium,2,comprehensible-input,brazilian-portuguese,"Brazilian culture and everyday topics, plus a Basic Tips series for near-beginners.","Two strands: 'Portuguese Basic Tips' for near-beginners and full Todo Mundo Pod episodes in Portuguese on Brazilian culture, history and figures, with transcripts and exercises behind a membership. The Brazilian-culture angle gives it more substance than generic learner chat. Output has become sporadic — the blog archive largely stops around 2021 — so value it for the existing catalogue rather than a steady feed.",https://podcasts.apple.com/us/podcast/todo-mundo-pod-todo-mundo-pod/id1067643556,,,,,,
acum-inteleg,Acum înțeleg!,https://acuminteleg.ro/,romanian,romanian,podcast,beginner|intermediate|advanced,A2–C1,listening|vocabulary|immersion,free,3,comprehensible-input,comprehensible-input,"Camelia's 470+ episode Romanian podcast, formerly the Learn Romanian Podcast.","The deepest archive of learner-oriented Romanian listening anywhere: more than 470 episodes built up since 2020, spoken in clear Romanian at a pace that assumes you are learning rather than fluent. The sheer volume means you can make it your daily input for a year without repeating. Free on Spotify, Apple Podcasts and YouTube; Camelia also sells private lessons and study plans. Episode topics are wide-ranging and lightly organised, so expect to browse rather than follow a set order.",https://podcasts.apple.com/us/podcast/acum-%C3%AEn%C8%9Beleg-the-old-learn-romanian-podcast/id1765124472,https://open.spotify.com/show/5conUoh2sxAQjKqURIii2a,https://anchor.fm/s/d9aa65fc/podcast/rss,,,https://www.youtube.com/@acum,Apple=https://podcasts.apple.com/us/podcast/acum-%C3%AEn%C8%9Beleg-the-old-learn-romanian-podcast/id1765124472
colloquial-romanian,Colloquial Romanian,https://www.routledge.com/Gonczol-Deletant/p/book/9781138960176,romanian,romanian,book|course,beginner|intermediate,A1–B1,grammar|reading|listening|speaking,paid,3,structured-course,textbook|audio,"The standard English-language Romanian coursebook, now in its 4th edition.","Gönczöl and Deletant's course is the default recommendation for learners who want a real textbook: graded dialogues, systematic grammar, exercises with a key, and free downloadable audio from the publisher's site. Being on its fourth edition, it is better maintained than most Romanian materials in English. Best for self-studiers who work well from a book and want the grammar laid out in order. Costs money, and the pacing is brisk — expect to repeat units.",,,,,,,
dexonline,dexonline,https://dexonline.ro/,romanian,romanian,dictionary|tool,intermediate|advanced,B1–C2,vocabulary|reading|writing,free,5,,monolingual|reference,"Romania's definitive dictionary portal — DEX, DOOM 3 and 80+ sources in one search.","One query searches across more than eighty Romanian dictionaries at once, including the authoritative DEX '09 and the DOOM 3 orthographic norms, plus synonyms, etymology, neologisms and specialist vocabularies — over 1.1 million definitions in total. It is what Romanians themselves use to settle usage arguments. Free, volunteer-maintained and actively updated in 2026, with some data downloadable under the GPL. Monolingual and Romanian-only, so it becomes usable around B1 rather than day one.",,,,,,,
digi24,Digi24,https://www.digi24.ro/,romanian,romanian,media,advanced,B2–C2,reading|listening|vocabulary,free,4,authentic-media,native-content|news,Major Romanian news site with free live TV — daily authentic reading and listening.,"One of Romania's main news outlets, with written articles alongside a free live stream, which gives you the same story in both reading and listening form — a practical way to build current-affairs vocabulary. Reading the text first and then listening is a well-worn technique that works especially well here. Free. News Romanian is fast and idiom-heavy, so this belongs at B2 and above rather than as early listening practice.",,,,,,,
i-learn-romanian,I Learn Romanian,https://www.youtube.com/@ILEARNROMANIAN,romanian,romanian,youtube|podcast,intermediate|advanced,B1–B2,listening|vocabulary|immersion,free,2,comprehensible-input,comprehensible-input|graded,"B1–B2 podcast-style videos on real subjects — history, science, nature — in Romanian.","A native teacher narrating substantial topics (Everest, dinosaurs, climate) entirely in Romanian at an explicitly labelled B1–B2 level, which solves the classic intermediate problem of content that is either baby-simple or full-speed native. Episodes were still appearing in August 2026. Free on YouTube. Because the subject matter is factual, you pick up a lot of concrete vocabulary that conversation-focused resources never touch.",,https://open.spotify.com/show/3JxdIL87jeiLkkPEb3YW9F,,,,,
learn-romanian-nico,Learn Romanian with Nico,https://www.youtube.com/@LearnRomanianwithNico,romanian,romanian,youtube,beginner|intermediate,A1–B1,grammar|vocabulary|pronunciation,free,3,grammar-reference,grammar-explained,"A Romanian teacher explaining verbs, expressions and grammar clearly in English.","Nico's channel is the reliable explanatory option for Romanian: focused lessons on individual verbs, everyday expressions and the grammar points that trip up English speakers, delivered practically rather than academically. Uploads ran steadily through August 2026. Free on YouTube. It is strongest at A1–B1; if you are already comfortable holding conversations you will outgrow most of the catalogue.",,,,,,,
learn-romanian-vlad,Learn Romanian with Vlad,https://www.youtube.com/@LearnRomanianwithVlad,romanian,romanian,youtube,intermediate|advanced,B1–C1,listening|immersion|vocabulary,free,3,comprehensible-input,comprehensible-input|native-content,"Near-daily Romanian immersion: Q&A, rambles and gaming, all in Romanian.","Vlad posts comprehensible-input videos at a remarkable clip — the fifteen most recent uploads spanned only a few days in August 2026 — covering everything from listener questions to playing games in Romanian. That volume makes it the best free source of sustained, natural Romanian listening for people past the beginner stage. Entirely free. There is little hand-holding: no English explanations, and the informal register means you will meet slang before you meet the textbook version.",,,,,,,
livelingua-romanian,Live Lingua Romanian (FSI & Peace Corps),https://www.livelingua.com/courses/romanian,romanian,romanian,course|book,beginner|intermediate,A1–B2,grammar|reading|listening|vocabulary,free,3,structured-course|audio-method,public-domain|structured-course,"Nine public-domain government courses: 18 ebooks and 77 audio files, free.","Mirrors the US government's Foreign Service Institute and Peace Corps Romanian materials, which are public domain — nine courses totalling 18 ebooks and 77 audio files, all downloadable at no cost. The FSI approach is drill-heavy and thorough about grammar in a way modern apps are not, which suits learners who want systematic coverage. The recordings are decades old, so the audio quality and some vocabulary are dated. Free, though the site nudges you toward its paid tutoring.",,,,,,,
passive-learner-romanian,Passive Learner — Romanian Stories,https://podcasts.apple.com/us/podcast/passive-learner-romanian-stories/id1853631693,romanian,romanian,podcast,beginner|intermediate,A2–B1,listening|vocabulary,free,2,comprehensible-input,stories,Short Romanian stories designed for background listening and repetition.,"A small, focused podcast of simple Romanian stories built for repeated passive listening rather than intensive study, useful for keeping the language in your ear during commutes. Around nineteen episodes exist, the most recent from early 2026, so it is a modest archive rather than an ongoing series. Free. Take the 'passive' framing with a grain of salt — you will still learn far more from these if you listen actively at least once.",https://podcasts.apple.com/us/podcast/passive-learner-romanian-stories/id1853631693,,https://anchor.fm/s/109debc8c/podcast/rss,,,,
quick-romanian,QuickRomanian,https://www.youtube.com/@QuickRomanian,romanian,romanian,youtube,beginner,A1–A2,vocabulary|pronunciation|speaking,free,2,,bite-sized,Very short clips teaching genuinely useful Romanian words and phrases.,"A minimal, no-frills channel built around single useful words and phrases per clip, with clear native pronunciation to imitate. It works well for the first weeks when full lessons feel heavy and you mostly need survival vocabulary that sticks. Free. Coverage is shallow by design — there is no grammar progression here, so pair it with a structured course.",,,,,,,
recorder-ro,Recorder,https://recorder.ro/,romanian,romanian,media,advanced,B2–C2,listening|reading|immersion,free,3,authentic-media,native-content|documentary,Independent Romanian documentary journalism — the best native video to graduate to.,"Recorder makes long-form investigations and documentaries in Romanian, reader-funded and free to watch, covering the justice system, politics and social issues. The narration is articulate and unhurried compared to broadcast news, which makes it a friendlier first step into native content than a TV bulletin while still being fully authentic. Free across its site and YouTube channels. Firmly advanced material: no subtitles for learners and dense civic vocabulary.",,,,,,https://www.youtube.com/channel/UChDQ6nYN6XyRU-8IEgbym1g,
reddit-r-romanian,r/romanian,https://www.reddit.com/r/romanian/,romanian,romanian,community,beginner|intermediate|advanced,,writing|grammar|vocabulary|reading,free,4,,q-and-a,"The main English-speaking hub for Romanian learners, with natives answering questions.","Romanian has fewer learners than the big languages, and this subreddit is where most of the English-speaking ones end up — native speakers reliably explain why a construction sounds wrong, and recurring threads collect resources. Particularly useful for Romanian, where published materials are patchy and a human answer is often faster than hunting for a source. Free. Traffic is moderate, so expect hours rather than minutes for a reply.",,,,,,,
rolang-school,Rolang School,https://www.rolang.ro/,romanian,romanian,tutoring|course,beginner|intermediate|advanced,A1–C1,speaking|grammar|writing,paid,2,structured-course|conversation-practice,certification|speaking-practice,"Bucharest school running Romanian courses for foreigners, online and in person.","A long-established school teaching Romanian as a foreign language across all levels, with group and individual options and preparation for the official language certification that residency and university admission can require. It is the obvious route if you need documented proof of level rather than just conversational ability. Paid, with prices depending on format. Being Bucharest-based, in-person timetables suit European hours better than other time zones.",,,,,,,
romanian-alive,RomanianAlive (Speak Romanian course),https://www.youtube.com/@RomanianWithGia,romanian,romanian,youtube|course,beginner|intermediate,A1–B1,listening|vocabulary|grammar,free,3,structured-course,structured-course|archive,"A complete free 60+ lesson Romanian video course — finished, not abandoned mid-way.","A numbered video course that runs to well past lesson 60, moving from basics into workplace and abstract topics, which makes it one of the few free Romanian resources with a genuine beginning-to-intermediate arc. Nothing new has been posted since 2021, so this is a completed archive rather than a living channel — worth saying plainly, because the content itself has not dated. Free on YouTube. Video production is basic and there is no accompanying workbook.",,,,,,,
romanian-essential-grammar,Romanian: An Essential Grammar,https://www.routledge.com/Gonczol/p/book/9781138230569,romanian,romanian,book,intermediate|advanced,B1–C1,grammar|writing,paid,2,grammar-reference,reference,"Ramona Gönczöl's compact reference grammar for looking things up, not reading through.","A clear, well-organised reference covering Romanian morphology and syntax — noun cases, the subjunctive, verb government, clitic pronoun order — with the explanations pitched at learners rather than linguists. It is the book to reach for when a rule you half-know keeps producing wrong sentences. Now in its second edition. Paid, and deliberately compact, so it explains rather than exhaustively catalogues; heavy users may eventually want something larger.",,,,,,,
romanian-for-migrants,Romanian for Migrants (ARCA),https://www.youtube.com/@Romanianformigrants,romanian,romanian,youtube|course,beginner,A1–A2,listening|speaking|vocabulary,free,1,structured-course,survival-romanian|immigrants,"Practical survival Romanian for people actually living in Romania, made by an NGO.","Produced by ARCA, the Romanian Forum for Refugees and Migrants, this covers the situations that matter when you have just moved: doctors and pharmacies, paperwork, markets, transport, with city walkthroughs filmed in Bucharest. It is the most grounded free Romanian resource for immigrants rather than hobbyists, and some playlists are also glossed in Russian. Free, with uploads continuing into August 2026. Production is functional rather than slick and the pedagogy is light.",,,,,,,
romanian-hub,Romanian Hub,https://www.youtube.com/@RomanianHub,romanian,romanian,youtube,beginner|intermediate,A1–B1,vocabulary|grammar|pronunciation,free,2,structured-course,bite-sized,"Ninety-plus short lessons on Romanian expressions, by a Bucharest-based teacher.","Voicu Mihnea Simandan produces compact, numbered lessons on Romanian expressions and structures — the numbering makes it easy to work through them in sequence, which most YouTube channels do not offer. Good for building idiomatic phrasing once you have the basics. Free. Uploads have been sporadic since spring 2026, so it is best treated as a finished series to work through rather than a channel to follow.",,,,,,,
romanian-weekly-podcast,Romanian Weekly Podcast,https://podcasts.apple.com/us/podcast/romanian-weekly-podcast/id1698187877,romanian,romanian,podcast,beginner|intermediate,A2–B2,listening|vocabulary,free,2,comprehensible-input,graded|stories,Stories read in Romanian with every episode labelled by CEFR level.,"Short stories narrated in Romanian where the title tells you the level — 'nivel A2', 'nivel B1' — which makes picking material that stretches you without drowning you unusually easy. Two hundred-plus episodes have accumulated since 2023 and it was still publishing in August 2026. Free on podcast apps. It is pure listening with no grammar teaching or exercises, so treat it as the input half of your routine.",https://podcasts.apple.com/us/podcast/romanian-weekly-podcast/id1698187877,,https://feed.podbean.com/romanianweekly/feed.xml,,,,
romanian-with-corina,Romanian with Corina,https://www.youtube.com/@RomanianWithCorina,romanian,romanian,youtube,beginner|intermediate,A1–B1,grammar|speaking|vocabulary,free,2,grammar-reference,grammar-explained,"Romanian grammar made simple, plus short corrections of common learner mistakes.","Corina specialises in the short, high-value correction — the phrases learners say that are technically right but that no Romanian would use — alongside longer video podcasts on grammar. There is an associated private Telegram group for practice. Free on YouTube. Posting slowed noticeably during 2026, with the most recent uploads from March, so the existing library matters more than the release schedule.",,,,,,,
romanianpod101,RomanianPod101,https://www.romanianpod101.com/,romanian,romanian,course|podcast|app,beginner|intermediate,A1–B1,listening|vocabulary|grammar,freemium,4,structured-course,dialogues,"The largest structured Romanian audio library, still publishing in 2026.","Romanian is a small enough market that RomanianPod101's back catalogue of recorded dialogues, breakdowns, vocabulary lists and PDF notes is genuinely hard to match — for lower-intermediate listening volume it has few rivals. New videos and lessons were still going out in August 2026. As with the rest of the Pod101 network, the sequencing between lessons is loose and the marketing is relentless, so it works better as a supplement than as your spine. The free tier is thin; the useful features need a subscription.",https://podcasts.apple.com/us/podcast/learn-romanian-romanianpod101-com/id1078788605,,https://www.romanianpod101.com/wp-feed-audio-video.php,,,,
amazing-russian,Amazing Russian,https://www.youtube.com/@AmazingRussian,russian,russian,youtube,beginner|intermediate,A1–B1,grammar|vocabulary|pronunciation,free,2,structured-course,,"University-course video lessons on grammar and everyday vocabulary, free to anyone.","Made primarily as course material for university students, which shows in the systematic coverage: alphabet and pronunciation, case by case, and themed vocabulary sets for food, shopping and transport. Because they were built as homework, the videos work equally well alone, with a tutor, or as classroom supplements. Free with no paywall; production is plain and there's no accompanying exercise platform.",,,,,,,
arzamas,Arzamas,https://arzamas.academy/,russian,russian,media|podcast,advanced,B2–C2,listening|reading|immersion,freemium,2,authentic-media,authentic-speech|culture,"Free university-grade courses on Russian history, literature and art — made for Russians.","Video lecture courses, podcasts, articles and quizzes on culture and the humanities, produced to a very high standard by working academics. For advanced learners it is the ideal step past learner material: you're studying something real, in Russian, with vocabulary that repeats across a whole course. Much of the site is free; Radio Arzamas and some series need a subscription. No learner scaffolding at all.",https://podcasts.apple.com/us/podcast/%D0%BB%D0%B5%D0%BA%D1%86%D0%B8%D0%B8-arzamas/id1001642707,,https://arzamas.academy/feed_v1/podcast.rss,https://apps.apple.com/ru/app/%D1%80%D0%B0%D0%B4%D0%B8%D0%BE-arzamas/id1261860228,https://play.google.com/store/apps/details?id=com.azradio,https://www.youtube.com/c/Arzamaschannel,
basic-russian-grammar-workbook,Basic Russian: A Grammar and Workbook,https://www.routledge.com/Basic-Russian-A-Grammar-and-Workbook/Smyth-Murray/p/book/9780415698269,russian,russian,book,beginner|intermediate,A1–B1,grammar|writing,paid,2,grammar-reference,,"Forty grammar topics, each with exercises and answers — reference and practice in one.","Smyth and Murray's Routledge workbook pairs a short, precise explanation of each grammar point with drills you can mark yourself, which makes it the practical complement to a discursive textbook. Good for hammering the cases and aspect until they're automatic. There's a companion Intermediate volume for the next stage. It's exercises, not conversation — no audio and no communicative work.",,,,,,,
be-fluent-in-russian,Be Fluent in Russian,https://www.youtube.com/@BeFluentinRussian,russian,russian,youtube|course,beginner|intermediate,A1–B2,grammar|speaking|vocabulary,freemium,3,grammar-reference,,Fedor Shirin's energetic grammar-and-usage explanations aimed at getting you talking.,"One of the biggest Russian-learning channels, strongest on the pain points English speakers hit early: cases, verbs of motion, aspect, and word order. Explanations are in English with Russian examples, which makes it usable from A1 unlike the immersion channels. Free on YouTube; the BeFluent platform, camp and live calls are a paid subscription. The delivery is high-energy and salesy — fine if you like that, grating if you don't.",,,,,,,
boost-your-russian,Boost Your Russian,https://www.boostyourrussian.com/,russian,russian,website|youtube|book,beginner|intermediate,A1–B2,reading|listening|vocabulary,freemium,1,graded-reading,,Graded Russian readers plus free narrated texts with translations.,"Kristina Malidovskaya's site pairs a YouTube channel of learning tips with something rarer: free Russian texts that come with both a translation and an audio narration, plus paid graded readers for structured extensive reading. Extensive reading is badly underserved in Russian, which makes this genuinely useful at A2–B1. The free library is finite — expect to move to the paid readers if you like the format.",,,,,,,
easy-russian-podcast,Easy Russian Podcast,https://www.easyrussian.fm/,russian,russian,podcast,intermediate|advanced,B1–C1,listening|vocabulary|immersion,freemium,2,authentic-media,authentic-speech,Marina and Nikita talking unscripted about Russian language and life abroad.,"Two native hosts who left Russia in 2022 discuss language, culture and emigration in natural, unscripted Russian — closer to real conversation than any graded podcast. Free to listen; the membership adds interactive transcripts and a vocabulary helper that translates as you listen. The unscripted pace makes it B1+ material, and the emigration angle means politics surfaces regularly.",https://podcasts.apple.com/us/podcast/easy-russian-learn-russian-with-native-speakers-%D1%83%D1%87%D0%B8%D0%BC/id1656542642,https://open.spotify.com/show/74rM5gWOrRilYceKLCRlBf,https://feeds.fireside.fm/easyrussian/rss,,,https://www.youtube.com/@EasyRussianVideos,
easy-russian-youtube,Easy Russian (YouTube),https://www.youtube.com/@EasyRussianVideos,russian,russian,youtube,beginner|intermediate|advanced,A1–C1,listening|vocabulary|immersion,freemium,3,authentic-media,authentic-speech|subtitles,"Street interviews with Russian speakers, dual Russian/English subtitles throughout.","The Russian branch of Easy Languages: unscripted conversations filmed on the street, subtitled in both Russian and English so you can watch the same clip at very different levels. The 'Super Easy Russian' series slows everything down for near-beginners. Videos are free; membership adds transcripts and exercises. Publishing is slower than the bigger Easy channels — roughly a couple of videos a month.",,,,,,,
golosa,Golosa: A Basic Course in Russian,https://www.routledge.com/Golosa-A-Basic-Course-in-Russian-Book-One/Robin-Evans-Romaine-Shatalina/p/book/9780367612801,russian,russian,book|course,beginner|intermediate,A1–B1,grammar|reading|listening|speaking,paid,3,structured-course,,"The standard American university Russian textbook — two books, ten units each, now 6th ed.","Robin, Evans-Romaine and Shatalina's course is what most US degree programmes teach from, and it balances communicative tasks with the structural drilling Russian actually requires. Two volumes take you to roughly CEFR A2/B1 over two academic years, with audio and a companion workbook. It's a classroom book: expensive, and the pacing assumes a teacher and classmates, so solo learners should pair it with the workbook and a tutor.",,,,,,,
gramota-ru,Грамота.ру (Gramota.ru),https://gramota.ru/,russian,russian,dictionary|website,advanced,B2–C2,grammar|writing|vocabulary,free,3,grammar-reference,,"Russia's reference portal for spelling, punctuation and usage — the authority natives cite.","Bundles the normative dictionaries (explanatory, orthographic, stress), the full spelling and punctuation rules, and a long-running expert help desk answering usage questions. This is where you settle arguments about commas, declining foreign names, or which stress is correct. Free and enormous. Everything is in Russian and written for native professionals, so it is only workable from around B2.",,,,,,,
inhale-russian,Inhale Russian,https://www.youtube.com/@inhalerussian,russian,russian,youtube,beginner|intermediate,A1–B1,listening|vocabulary|immersion,freemium,2,comprehensible-input,comprehensible-input,"Slow, visual comprehensible input for Russian beginners — no English needed.","Nikita builds meaning from drawings, gestures and context rather than translation, which makes his videos among the very few that work for Russian from near-zero. Subtitles and on-screen support are included, and the sequencing takes you from the first hundred words up through pre-intermediate. Free on YouTube; premium videos and private lessons are paid. Volume is still modest compared with Spanish CI channels.",,,,,,,
master-russian,MasterRussian,https://masterrussian.com/,russian,russian,website,beginner|intermediate,A1–B1,grammar|vocabulary|writing,free,3,grammar-reference,cyrillic|alphabet,"Long-running free reference: Cyrillic alphabet, handwriting, grammar tables and tests.","The alphabet section is the reason to bookmark it — how to pronounce, type and handwrite all 33 Cyrillic letters, which is the first two hours of anyone's Russian and often the worst-served. Beyond that there are grammar topics with tests, word-of-the-day lists and declension tables. Completely free and ad-supported; the design is firmly from an earlier internet era and some outbound links are stale.",,,,,,,
new-penguin-russian-course,The New Penguin Russian Course,https://www.penguin.co.uk/books/34196/the-new-penguin-russian-course-by-brown-nicholas-j/9780140120417,russian,russian,book,beginner|intermediate,A1–B1,grammar|reading|vocabulary,paid,3,structured-course,,Thirty dense lessons that explain Russian grammar better than almost anything else in print.,"Nicholas Brown's course has been the self-teacher's standby for decades because the explanations are unusually clear and jargon-free, with generous examples and revision exercises. It's cheap and covers a lot of ground. The catch is that there is no audio in the book, the vocabulary lists are long, and the presentation is austere — pair it with a listening resource, and don't start here if you need encouragement to keep going.",,,,,,,
openrussian,OpenRussian,https://en.openrussian.org/,russian,russian,dictionary|tool,beginner|intermediate|advanced,A1–C2,vocabulary|reading|pronunciation,free,3,,stress-marks,"Free Russian dictionary with stress marks, full declensions, audio and example sentences.","The dictionary most Russian learners end up living in: every entry shows the stress, the complete declension or conjugation table with accented forms, audio, and examples drawn from a 350,000-sentence bank. Stress marking alone justifies it, since printed Russian omits them. Free, open data under CC BY-SA, with apps available. Coverage of rare or very new words is thinner than a commercial dictionary's.",,,,,,,
pushkin-online-courses,PushkinOnline (Образование на русском),https://pushkininstitute.ru/,russian,russian,course|website,beginner|intermediate|advanced,A1–C2,reading|listening|grammar|writing,free,2,structured-course,,"The Pushkin Institute's free A1–C2 distance course, with level tests and certificates.","Six modules spanning A1 to C2 from the state institute that specialises in teaching Russian as a foreign language, covering all four skills plus pronunciation practice, free after registration and with an internal level certificate at the end. The breadth is unmatched among free courses. The platform is dated and largely Russian-interfaced, and support is minimal — it rewards self-disciplined learners.",,,,,,,
real-russian-club,Real Russian Club,https://realrussianclub.com/,russian,russian,website|course,beginner|intermediate|advanced,A1–C1,grammar|listening|vocabulary,freemium,2,structured-course|grammar-reference,,"Daria Molchanova's lesson library, free grammar posts and structured Russian courses.","Daria holds a philology degree and an RKI teaching certificate and teaches Russian at university level, and the site reflects that: sequenced grammar explanations, free lessons and downloadable materials alongside paid courses. It's the most 'course-shaped' of the independent Russian sites, useful if you want a syllabus rather than a feed. Marketing is fairly heavy, and the best free material is the podcast (listed separately).",,,,,,https://www.youtube.com/channel/UCyJznKYS9kkP7RWWq3YAbFw,
reddit-r-russian,r/russian,https://www.reddit.com/r/russian/,russian,russian,community,beginner|intermediate|advanced,A1–C2,grammar|reading|writing,free,3,,,Large learner community where natives answer grammar questions and correct your writing.,"The main English-language hub for Russian learners: case and aspect questions get thorough answers from natives and advanced learners, handwriting and translation help is routine, and the resource threads are well-curated. Search first — the frequent beginner questions already have excellent long answers. As with any forum, answers vary in quality and prescriptivism, so cross-check anything surprising against Gramota.",,,,,,,
ruscorpora,Russian National Corpus,https://ruscorpora.ru/,russian,russian,tool,advanced,B2–C2,grammar|reading|writing,free,2,,,Search hundreds of millions of words of real Russian to see how a phrase is actually used.,"The academic corpus of Russian, searchable by word form, lemma, grammatical feature and collocation across literary, spoken and journalistic subcorpora. When a dictionary tells you two prepositions are both possible, this tells you which one Russians actually write. Free to use. The query interface is built for linguists and the results are raw citations — expect a learning curve, and it answers usage questions rather than teaching.",,,,,,,
russian-for-everyone,Russian for Everyone,https://www.russianforeveryone.com/,russian,russian,website|course,beginner,A1–A2,grammar|pronunciation|reading,free,2,structured-course,cyrillic|alphabet,"Free self-study guide starting with a phonetic course, then graded grammar and quizzes.","Structured like an actual introductory syllabus: an introductory phonetics and alphabet course first, then grammar lessons with audio, interactive exercises and immediate-feedback quizzes. That ordering matters in Russian, where getting the sound-to-letter mapping wrong early is expensive to undo. All free. It stops well short of intermediate and the site looks dated, but nothing else free covers the first steps this carefully.",,,,,,,
russian-from-russia,Russian from Russia,https://www.youtube.com/@RussianfromRussia,russian,russian,youtube,intermediate,A2–B2,listening|grammar|vocabulary,freemium,2,comprehensible-input|grammar-reference,,"Anna teaches grammar through Russian culture, customs and folk tales — mostly in Russian.","A certified teacher of fifteen years who runs lessons almost entirely in Russian, dropping into English only to unpack a hard phrase. Clearly narrated listening exercises, folk tales and grammar walk-throughs make it a good bridge between English-language explainer channels and full immersion. Free on YouTube, with paid lessons and materials available. Best from about A2 once you know the case endings by sight.",,,,,,,
russian-made-easy,Russian Made Easy,https://russianmadeeasy.com/,russian,russian,podcast|course,beginner,A1–A2,listening|speaking|grammar,free,2,structured-course|audio-method,,"A free 30-episode audio course that teaches by context, not by memorising tables.","Mark Thomson's beginner course drips new words in through repeated contextual examples so you infer meaning rather than translate, and it introduces the case system gently instead of dumping six tables on you. Episodes, notes and extra practice audio are all free on the site — one of the best zero-cost starting points for Russian. It stops at a solid A1/A2, so you'll need a follow-on course afterwards.",,https://open.spotify.com/show/3eHRQHPIHwsfgD8NnLALRG,,,,,
russian-podcast-klimova,Russian Podcast (Tania Klimova),https://russianpodcast.eu/,russian,russian,podcast,intermediate|advanced,A2–C1,listening|vocabulary|grammar,freemium,2,comprehensible-input,,"Russian-only episodes since 2008, graded by level, hard words explained with easier ones.","Tania's rule from the start was that nothing is ever explained in English — a difficult word is explained with simpler Russian, which trains you to stay inside the language. Episodes open with a short dialogue and then unpack it, and the archive is sorted by level so you can find material that fits. A large set of episodes is free; full transcripts, exercises and the club are paid.",https://podcasts.apple.com/us/podcast/russian-podcast-tania-klimova/id1322466067,,https://russianpodcast.eu/wa_files/russian_podcast.xml,,,https://www.youtube.com/c/russianlanguagepodcast,
russian-progress,Russian Progress,https://russianprogress.com/,russian,russian,podcast|youtube,intermediate|advanced,B1–C1,listening|vocabulary|immersion,freemium,3,comprehensible-input,comprehensible-input|transcripts,"Artem Nazarov's all-Russian podcast on languages, travel and life, still weekly in 2026.","Nearly 300 episodes since 2018 and still publishing — walking podcasts, interviews and monologues delivered at a natural but unhurried pace, entirely in Russian. Artem is himself a polyglot, so a lot of episodes are about language learning, which keeps the vocabulary relevant to you. Free on podcast apps and YouTube; transcripts, courses and the club are paid. Noticeably faster than Russian with Max — treat it as the next step up.",https://podcasts.apple.com/us/podcast/russian-progress-podcast/id1418685592,https://open.spotify.com/show/1mCseQ6vLWX4NMKMD4ilR3,https://russianprogress.com/category/%d0%bf%d0%be%d0%b4%d0%ba%d0%b0%d1%81%d1%82%d1%8b/feed/,,,,
russian-with-max,Russian with Max,https://russianwithmax.com/,russian,russian,podcast|youtube,intermediate|advanced,A2–C1,listening|vocabulary|immersion,freemium,3,comprehensible-input,comprehensible-input,"Slow, clearly-enunciated Russian monologues that explain hard words in Russian.","Max is a certified RKI teacher with 400+ videos, and the format is the classic comprehensible-input recipe: he speaks slowly, articulates carefully, and paraphrases difficult vocabulary in simpler Russian rather than switching to English. Topics range over Russian culture, travel and daily life. Videos and podcast episodes are free; PDF transcripts, vocabulary lists and lessons are paid. Starts to make sense around A2 and stays useful well into B2.",https://podcasts.apple.com/us/podcast/learn-russian-with-max-comprehensible-russian-podcast/id1437098382,,https://anchor.fm/s/6f65684/podcast/rss,,,https://www.youtube.com/c/RussianWithMax,
russiangrammar-curtis-ford,Russian Grammar (Curtis Ford),https://www.youtube.com/@russiangrammar,russian,russian,youtube,beginner|intermediate,A1–B2,grammar|pronunciation,free,2,grammar-reference,,"100+ short, precise videos on one grammar point each, from a university lecturer.","Dr Curtis Ford answers exactly one question per video — this case ending, that verb pair, this stress shift — in a calm, low-stress classroom manner. The organisation is the selling point: when you're stuck on instrumental after 'с' or on unidirectional verbs of motion, there's a three-minute video for precisely that. Entirely free with no upsell on the channel. It's a reference, not a course, so pair it with a textbook.",,,,,,,
russianlessons-net,RussianLessons.Net,https://www.russianlessons.net/,russian,russian,website,beginner|intermediate,A1–B1,grammar|vocabulary|pronunciation,free,2,structured-course,alphabet,"Free lesson series with audio, alphabet drills and themed vocabulary lists.","A straightforward free course site: numbered lessons with recorded audio, a solid alphabet-and-pronunciation introduction, verb conjugation notes and topic word lists. Useful as a second explanation when another source's presentation of the cases hasn't clicked. No account or payment needed; it hasn't changed much in years, so treat it as a stable reference rather than an active community.",,,,,,,
russianpod101,RussianPod101,https://www.russianpod101.com/,russian,russian,podcast|course|app,beginner|intermediate|advanced,A1–C1,listening|vocabulary|grammar,freemium,4,structured-course,,"Huge graded audio-lesson library with dialogues, line-by-line notes and flashcards.","The Russian member of the Innovative Language 101 family: hundreds of short lessons arranged into level pathways, each with a dialogue, breakdown and PDF, plus a word-of-the-day and flashcard system. Its strength is sheer coverage of everyday situations. Quality is uneven across series, the marketing email volume is notorious, and most content requires a subscription after the free trial lessons.",https://podcasts.apple.com/us/podcast/learn-russian-russianpod101-com/id284580802,,https://www.russianpod101.com/wp-feed-audio-video.php,,,,
short-stories-in-russian,Short Stories in Russian for Beginners,https://us.teachyourself.com/products/short-stories-in-russian-for-beginners,russian,russian,book,beginner|intermediate,A2–B1,reading|vocabulary,paid,3,graded-reading,,"Eight genre stories written within an A2–B1 vocabulary, with glossaries and summaries.","Olly Richards' graded reader for Russian solves the gap between textbook dialogues and real books, which is especially wide in Russian: controlled vocabulary, per-chapter word lists, plot summaries and comprehension questions so you can read without stopping every line. Good for building reading stamina at A2–B1. The language is deliberately simplified — it prepares you for real Russian prose rather than being it.",,,,,,,
slow-russian-podcast,Slow Russian Podcast,https://realrussianclub.com/slowrussianpodcast/,russian,russian,podcast,beginner|intermediate,A1–B1,listening|vocabulary|pronunciation,free,2,comprehensible-input,comprehensible-input,Short episodes in deliberately slow Russian with a vocabulary breakdown each time.,"Daria reads and discusses everyday topics, Russian traditions and culture at reduced speed, then works through the key vocabulary — one of very few Russian podcasts genuinely usable below B1. Over 10 million downloads and a long back catalogue you can work through in order. Episodes are free; transcripts and extended materials sit behind her paid offerings.",https://podcasts.apple.com/us/podcast/slow-clear-russian-podcast-a2/id1637598848,,https://anchor.fm/s/acf457c0/podcast/rss,,,https://www.youtube.com/channel/UCyJznKYS9kkP7RWWq3YAbFw,
smeshariki,Смешарики (Smeshariki),https://www.youtube.com/@Smeshariki,russian,russian,media,beginner|intermediate,A2–B1,listening|vocabulary|immersion,free,3,authentic-media,authentic-speech|cartoons,"The classic Russian cartoon — short episodes, simple dialogue, free on the official channel.","Kids' animation is the standard back door into a language's native media, and Smeshariki is the best-loved Russian example: self-contained 6-minute episodes, clear articulation, everyday vocabulary and enough wit that adults don't suffer. Hundreds of episodes are free on the official channel. Speech is still native-speed and subtitles are not guaranteed, so it lands around A2–B1 rather than absolute beginner — turn on auto-captions if you need them.",,,,,,,
torfl-pushkin-institute,TORFL / ТРКИ certification (Pushkin Institute),https://www.pushkin.institute/certificates/,russian,russian,website,beginner|intermediate|advanced,A1–C2,listening|reading|writing|speaking,paid,3,,,"The official six-level Russian proficiency exam, mapped to CEFR A1–C2.","TORFL (ТРКИ in Russian) is the state-recognised proficiency test, needed for Russian university admission (B1/B2) and various residency purposes; the six levels run ТЭУ and ТБУ through ТРКИ-IV. This is the testing centre page of the Pushkin State Russian Language Institute, one of the accredited administering bodies, with session dates and registration details. It is in Russian and covers the Moscow centre — fees and availability elsewhere vary, so check your local accredited centre before planning around it.",,,,,,,
very-much-russian,Very Much Russian (Очень по-русски),https://verymuchrussian.com/,russian,russian,podcast,advanced,B2–C1,listening|vocabulary,free,2,,authentic-speech|slang,"One colloquial expression per episode, at native speed, with free stressed transcripts.","Built around the slang and idioms you actually hear from friends, in films and on the street — the layer textbooks skip entirely. Every episode is recorded by a native speaker at normal conversational pace and comes with a full Russian transcript marked with stress plus an English translation, all free. Deliberately advanced: if you can't yet follow unslowed Russian, bank it for later.",,,,,,,
butterfly-spanish,Butterfly Spanish,https://www.youtube.com/@ButterflySpanish,spanish,spanish,youtube,beginner|intermediate,A1–B1,grammar|vocabulary|listening,free,4,grammar-reference,latin-american-spanish,"Ana's warm, blackboard-style grammar explanations — the biggest Spanish teaching channel.","With around 1.6 million subscribers, this is the channel most beginners land on, and it deserves the reach: Ana explains one grammar point or vocabulary set per video, in English early on and increasingly in Mexican Spanish later. Uploads have slowed to roughly one every month or two, but the back catalogue is a complete beginner grammar course in itself. Best used as targeted explanation when something confuses you, not as a curriculum to work through in order.",,,,,,,
coffee-break-spanish,Coffee Break Spanish,https://coffeebreaklanguages.com/coffeebreakspanish/,spanish,spanish,podcast|course,beginner|intermediate|advanced,A1–C1,listening|grammar|vocabulary|speaking,freemium,4,structured-course|audio-method,castilian-spanish,Four seasons of 15-minute lessons taking you from absolute beginner to advanced.,"Mark teaches while a learner-stand-in makes the mistakes you would make, which is a well-worn format executed unusually well and in a genuinely structured sequence. All four seasons of audio are free in any podcast app; the paid versions (around £199 per season) add video lessons, bonus audio and lesson notes. Scottish-accented English explanation with Spanish from Spain — the free audio alone is a complete beginner course.",https://podcasts.apple.com/us/podcast/coffee-break-spanish/id201598403,,https://feeds.acast.com/public/shows/985e7c00-8945-4e0d-a4da-b93049180ce1,,,,
cvc-cervantes,Centro Virtual Cervantes,https://cvc.cervantes.es/,spanish,spanish,website,intermediate|advanced,B1–C2,reading|vocabulary|grammar|immersion,free,2,,,"Instituto Cervantes' free archive: interactive exercises, culture articles, language columns.","The Spanish government's own language institute publishes a large free library here — the Rayuela interactive exercise bank, the daily Rinconete culture column, translation and neologism blogs, and teaching materials. It is a sprawling, badly-signposted site rather than a course, so come with a specific goal. The paid AVE Global courses are the Institute's structured offering; everything under cvc.cervantes.es is free.",,,,,,,
destinos,Destinos: An Introduction to Spanish,https://destinostelenovela.org/,spanish,spanish,course|media,beginner|intermediate,A1–B1,listening|vocabulary|grammar,free,3,structured-course|comprehensible-input,,"52-episode telenovela built as a full Spanish course, free with textbooks and workbooks.","A 1990s Annenberg production in which a lawyer traces a family mystery across Spain, Argentina, Puerto Rico and Mexico, deliberately exposing you to each country's accent while the language difficulty ramps up episode by episode. Annenberg's learner.org shut down in July 2026; this independent non-profit archive now hosts all 52 episodes plus the textbooks, workbooks and audio, free. The production values are unmistakably three decades old, but as a free structured beginner course with real narrative pull it has no modern equal.",,,,,,,
dle-rae,Diccionario de la lengua española (RAE),https://dle.rae.es/,spanish,spanish,dictionary,intermediate|advanced,,vocabulary|reading,free,4,,,The official monolingual Spanish dictionary from the RAE and the 22 language academies.,"The authority on what a Spanish word means, including regional labels showing which country a sense belongs to — the thing to reach for when a bilingual dictionary gives you three English words and no way to choose. Free, ad-free and continuously updated online. Definitions are written for native speakers in dense academic Spanish, so it is not a beginner tool; use SpanishDict until monolingual definitions stop being harder than the word itself.",,,,,,,
dreaming-spanish,Dreaming Spanish,https://www.dreaming.com/spanish,spanish,spanish,website|course|media,beginner|intermediate|advanced,A0–C1,listening|immersion|vocabulary,freemium,4,comprehensible-input,,"Thousands of hours of levelled comprehensible-input video, from zero to advanced.","The reference implementation of the comprehensible-input method: nine native teachers from different countries make videos graded from Superbeginner to Advanced, with a roadmap measured in hours watched rather than lessons finished. Premium is about $8/month, but hundreds of hours sit free on the YouTube channel, so you can test the method before paying. It deliberately delays speaking and teaches no explicit grammar — pair it with a tutor or a grammar reference if you need to produce Spanish soon. Note the site moved from dreamingspanish.com to dreaming.com/spanish when they added French.",,,,,,,
duolingo-spanish-podcast,Duolingo Spanish Podcast,https://podcast.duolingo.com/spanish,spanish,spanish,podcast,intermediate,A2–B2,listening|vocabulary,free,4,comprehensible-input,latin-american-spanish,"True Latin American stories told in slow Spanish, framed by an English narrator.","Each episode follows one real person's story, told in clear intermediate Spanish with an English host stitching the scenes together, so you never lose the thread even when you lose a sentence. Production quality is excellent and transcripts are free on the site. It stopped publishing after episode 151 in early 2024, but the roughly 150-episode archive remains one of the best free bridges from beginner audio to real speech.",https://podcasts.apple.com/us/podcast/duolingo-spanish-podcast/id1317493077,https://open.spotify.com/show/2uDEXRSkpRdCmZUw8qt5fh,https://anchor.fm/s/fc714074/podcast/rss,,,,
easy-spanish-youtube,Easy Spanish (YouTube),https://www.youtube.com/@EasySpanish,spanish,spanish,youtube,intermediate|advanced,B1–C1,listening|immersion|vocabulary,free,4,comprehensible-input,,"Unscripted street interviews across Spain and Latin America, dual-subtitled.","Ordinary people answering questions on the street, at full natural speed, with Spanish and English subtitles burned in — the closest free thing to eavesdropping. Uploads are frequent and the channel spans Mexico, Spain, Argentina and more, so you hear real accent variety rather than one teacher's voice. The unedited speed and slang make it hard before B1; the membership tier adds transcripts and vocabulary sheets.",,,,,,,
espanol-con-juan,Español con Juan,https://www.1001reasonstolearnspanish.com/,spanish,spanish,podcast|youtube|website,intermediate|advanced,B1–C1,listening|vocabulary|immersion,freemium,3,comprehensible-input,castilian-spanish,"A Spanish teacher rambling entertainingly in clear, all-Spanish B1+ monologues.","Juan talks about films, books, Spanish life and his own opinions entirely in Spanish, at a pace that is slow enough to follow but never sounds like a textbook. Podcast episodes and the YouTube channel (around 390K subscribers, still posting weekly) are free; graded readers and courses are paid. It is Castilian Spanish from Spain and assumes solid A2/B1 — absolute beginners will drown.",https://podcasts.apple.com/us/podcast/espa%C3%B1ol-con-juan/id976549237,,https://espanolconjuan.blubrry.net/feed/podcast/,,,,
espanolistos,Españolistos,https://www.espanolistos.com/,spanish,spanish,podcast,intermediate,B1–B2,listening|vocabulary|grammar,free,2,comprehensible-input,latin-american-spanish,"Andrea and Nate discuss a topic per episode, mixing teaching with real conversation.","A Colombian teacher and her American husband work through culture, grammar and everyday themes, with Nate playing the learner and asking for clarification — a format that keeps the Spanish comprehensible without slowing it artificially. Nearly 500 free episodes; transcripts are offered in exchange for a donation. Solidly intermediate: expect to catch most but not all of it around B1.",https://podcasts.apple.com/us/podcast/espa%C3%B1olistos-learn-spanish-with-fun-conversations/id1166015603,,https://feeds.soundcloud.com/users/soundcloud:users:250273737/sounds.rss,,,,
how-to-spanish-podcast,How to Spanish Podcast,https://www.howtospanishpodcast.com/,spanish,spanish,podcast|youtube,intermediate|advanced,B1–C1,listening|vocabulary|immersion,freemium,2,comprehensible-input,latin-american-spanish,Ana and David chatting in natural Mexican Spanish about life in Mexico.,"One of the few consistently good intermediate podcasts in Mexican Spanish, hosted by a couple who talk about food, slang, travel and culture without dumbing the pace down much. The weekly episodes are free; Patreon members get reviewed transcripts, vocabulary guides and bonus advanced episodes. Note the old howtospanish.com domain has lapsed and is now a parking page — howtospanishpodcast.com is the live site.",https://podcasts.apple.com/us/podcast/how-to-spanish-podcast/id1458420685,,https://anchor.fm/s/10594f934/podcast/rss,,,,
hoy-hablamos,Hoy Hablamos,https://www.hoyhablamos.com/,spanish,spanish,podcast,intermediate|advanced,B1–C1,listening|vocabulary,freemium,3,comprehensible-input,castilian-spanish,"A daily Spanish-only episode on culture, history and everyday topics, since 2017.","Six short episodes a week at intermediate–advanced level plus one easier weekly episode, which makes it the best option if your problem is consistency rather than material. Listening is free; transcripts and exercises cost about $9.95/month. Peninsular Spanish, monologue format, no English — you need a solid B1 before it stops being noise.",https://podcasts.apple.com/us/podcast/hoy-hablamos-podcast-diario-para-aprender-espa%C3%B1ol-learn/id1201483158,,https://www.hoyhablamos.com/category/podcast/feed/,,,,
jiveworld,Jiveworld (formerly Lupa),https://www.jiveworld.com/,spanish,spanish,app,intermediate|advanced,B1–C1,listening|reading|vocabulary,paid,2,comprehensible-input|authentic-media,latin-american-spanish,Turns real Radio Ambulante episodes into a structured listening workout.,"An 'ears first' app that walks you through an authentic podcast episode in passes: listen blind, then with hints, then with full text, with speed control and vocabulary support at each stage. It is the most effective bridge from learner audio to native audio that exists, and the iOS/Android apps are well built. It is expensive for what is essentially one skill, and it only makes sense once you are around B1 — below that the source material is hopeless. Launched as Lupa and renamed Jiveworld.",,,,https://apps.apple.com/us/app/spanish-fluency-for-real-life/id1480744663,https://play.google.com/store/apps/details?id=com.jiveworld.lupa,https://www.youtube.com/@jiveworldapp,
kwiziq-spanish,Kwiziq Spanish,https://spanish.kwiziq.com/,spanish,spanish,course|tool,beginner|intermediate|advanced,A1–C1,grammar|writing|reading,freemium,2,structured-course|grammar-reference,,Adaptive grammar drilling that maps exactly what you know against the CEFR levels.,"You take a placement test, and from then on it feeds you micro-quizzes on the specific grammar points you keep missing, tracking progress on a per-topic 'brainmap'. It is the best tool available for closing grammar gaps systematically, and the lesson notes behind each point are unusually well written. The free tier limits how many quizzes you get per month, and it does nothing for listening or speaking — treat it as the grammar half of a wider plan.",,,,,,,
learn-spanish-con-salsa,Learn Spanish con Salsa,https://www.learnspanishconsalsa.com/,spanish,spanish,podcast,beginner|intermediate,A1–B2,listening|vocabulary|speaking,freemium,2,,latin-american-spanish,"Spanish through Latin music and culture, hosted by language coach Tamara Marie.","Over 300 free episodes that teach vocabulary and expressions through salsa, bachata and reggaetón lyrics alongside interviews and learning-strategy talk. The music angle makes it genuinely different from the standard 'two people chat' podcast, and it is aimed at Latin American Spanish. Courses and coaching are the paid side; the podcast itself is free and still publishing.",https://podcasts.apple.com/us/podcast/learn-spanish-con-salsa-spanish-lessons-with-latin/id1444219798,https://open.spotify.com/show/1YqgwjGJsJieObB1MfT9ab,https://rss.buzzsprout.com/223804.rss,,,https://www.youtube.com/@spanishconsalsa,
lightspeed-spanish,Lightspeed Spanish,https://www.lightspeedspanish.co.uk/,spanish,spanish,podcast|youtube|course,beginner|intermediate|advanced,A1–C1,grammar|listening|vocabulary,freemium,2,structured-course,castilian-spanish,"Gordon and Cynthia's long-running free lesson archive, sorted into four clear levels.","An English teacher and a Spanish teacher explain grammar as a double act, which works well because Gordon asks the questions a learner would actually ask. Hundreds of free podcast and video lessons are grouped from Absolute Beginners to Advanced Speaker; the VIP club, books and immersion courses are paid. The recording quality is homemade and the pace is chatty, so it suits people who like a teacher's voice over polished production.",https://podcasts.apple.com/us/podcast/lightspeed-spanish-beginners-spanish-lessons/id635150937,,https://lightspeedspanish.co.uk/category/beginners/feed/,,,,
linguriosa,Linguriosa,https://www.youtube.com/@Linguriosa,spanish,spanish,youtube,advanced,B2–C2,listening|vocabulary|immersion,free,3,authentic-media,,"Entertaining deep-dives into Spanish etymology, dialects and linguistic myths, in Spanish.","Elena (Dorotea) makes genuinely funny, well-researched videos about where Spanish words come from, why Latin American and peninsular varieties diverged, and which grammar rules are nonsense. Nearly a million subscribers, mostly native speakers, which tells you the level: this is content for people, not learners. Perfect once you are B2+ and bored of learner material; useless below that.",,,,,,,
news-in-slow-spanish,News in Slow Spanish,https://www.newsinslowspanish.com/,spanish,spanish,podcast|course,beginner|intermediate|advanced,A1–C1,listening|vocabulary|grammar,paid,3,comprehensible-input,,"Current affairs read at a controlled pace, in separate Spain and Latin American editions.","Weekly episodes discuss real news plus a grammar and an expressions segment, with transcripts, translations and quizzes attached, at Beginner (A1–A2), Intermediate (B1–B2) and Advanced (C1+). Having genuinely separate Castilian and Latino versions is rare and useful if you have picked a region. Subscription-only after a 7-day trial, and the 'slow' delivery is unnatural by design — good scaffolding, bad model for how people actually speak.",https://podcasts.apple.com/us/podcast/news-in-slow-spanish-latino-intermediate/id663939885,,https://rss.libsyn.com/shows/45040/destinations/146316.xml,https://apps.apple.com/us/app/linguistica/id1460842051,https://play.google.com/store/apps/details?id=com.linguistica360.linguistica,,
notes-in-spanish,Notes in Spanish,https://www.notesinspanish.com/,spanish,spanish,podcast|course,beginner|intermediate|advanced,A1–C1,listening|vocabulary|speaking,freemium,3,comprehensible-input,castilian-spanish,"Unscripted conversations between Ben and Marina, graded across three clear levels.","Running since 2005 with a huge free archive split into Inspired Beginners, Intermediate and Advanced, it is the classic answer to 'I want to hear real Spaniards talking, not actors reading a script'. The audio is free; worksheets and transcripts are sold as paid packs, which is the main catch since the advanced episodes are genuinely hard without them. Madrid Spanish throughout, so expect vosotros and peninsular vocabulary.",https://podcasts.apple.com/us/podcast/learn-spanish-notes-in-spanish-inspired-beginners/id257441540,https://open.spotify.com/show/6kf6aCHaI9WsPVL2PuvRom,https://rss.libsyn.com/shows/19057/destinations/14862.xml,,,,
radio-ambulante,Radio Ambulante,https://radioambulante.org/,spanish,spanish,podcast|media,advanced,B2–C2,listening|immersion|vocabulary,free,3,authentic-media,latin-american-spanish,Long-form Latin American narrative journalism — native-speed Spanish worth listening to.,"This is not a learner podcast: it is award-winning audio journalism made for Spanish speakers, telling one deeply reported Latin American story per episode. That is exactly why it works as a graduation target — accents rotate across the whole continent and nothing is slowed down for you. Free with full transcripts on the site; if you can follow an episode unaided you are comfortably B2+. The Jiveworld app was built specifically to make these episodes tractable earlier.",https://podcasts.apple.com/us/podcast/radio-ambulante/id527614348,,https://www.omnycontent.com/d/playlist/e73c998e-6e60-432f-8610-ae210140c5b1/b3c9b6e7-72ba-45c4-aff9-b1e7012d213b/092b66a8-4329-4183-bb12-b1e7012d216f/podcast.rss,,,https://www.youtube.com/@TheMomentRamosPod,
short-stories-in-spanish,Short Stories in Spanish for Beginners (Olly Richards),https://us.teachyourself.com/products/short-stories-in-spanish-for-beginners,spanish,spanish,book,beginner|intermediate,A2–B1,reading|vocabulary,paid,3,graded-reading,,"Eight genre short stories written inside the 1,000 most frequent Spanish words.","Proper graded reading: sci-fi, crime and thriller stories with bolded vocabulary, chapter glossaries, plot summaries and comprehension questions, so you can read a whole book without a dictionary at your elbow. It is the standard recommendation for the moment textbook dialogues stop being enough, and there is a Volume 2 plus an intermediate edition when you outgrow it. Published by Teach Yourself; the audiobook is sold separately, which is an annoying split if you want to read and listen together.",,,,,,,
spanish-after-hours,Spanish After Hours,https://www.youtube.com/@SpanishAfterHours,spanish,spanish,youtube,beginner|intermediate,A1–B2,listening|immersion|vocabulary,free,2,comprehensible-input,castilian-spanish,"Elena walks around Spain narrating in slow, clear Spanish with on-screen support.","Comprehensible input done in the real world: street walks, cooking, day-in-the-life videos, all in graded Spanish from Spain with visuals doing the work of translation. Posting several times a month and completely free on YouTube. It is Castilian, so it complements the Latin American bias of most input channels — and the slower videos are genuinely usable from about A1.",,,,,,,
spanish-language-coach,Spanish Language Coach,https://www.spanishlanguagecoach.com/,spanish,spanish,podcast|course,beginner|intermediate|advanced,A2–C1,listening|vocabulary|grammar,freemium,2,comprehensible-input,castilian-spanish,"César's separate false-beginner, intermediate and advanced podcasts, all Spanish-only.","A Valencia-based certified teacher running parallel podcast series so you can pick your exact level and stay in Spanish the whole time, with topics drawn from Spanish society rather than travel phrasebook situations. Podcasts, YouTube videos and several ebooks are free; the Español Intuitivo/Claro/Ágil/Avanzado courses open for enrolment in windows. Peninsular Spanish, strongest at the B1–B2 stage where good all-Spanish material is scarce.",https://podcasts.apple.com/us/podcast/intermediate-spanish-podcast-espa%C3%B1ol-intermedio/id1479285354,https://open.spotify.com/show/1UlqKYtmhUkLBQdOCH5JeR,,,,https://www.youtube.com/@SpanishLanguageCoach,
spanish-obsessed,Spanish Obsessed,https://www.spanishobsessed.com/,spanish,spanish,podcast|course,beginner|intermediate|advanced,A1–C1,listening|vocabulary|grammar,freemium,2,comprehensible-input|structured-course,latin-american-spanish,"Rob and Liz's levelled conversation podcast in Colombian Spanish, beginner to advanced.","A British learner and his Colombian partner record real conversations at four graded levels, so you can move up a rung without changing shows. The podcast archive is free; the Foundations courses (A1, A2) and Academy membership are paid. Colombian rather than peninsular Spanish, and the beginner episodes lean heavily on English explanation, which some people find slow.",https://podcasts.apple.com/us/podcast/intermediate-spanish-spanish-obsessed/id623734477,,https://feeds.transistor.fm/intermediate-spanish-spanish-obsessed,,,,
spanish-with-vicente,Spanish with Vicente,https://www.youtube.com/@SpanishwithVicente,spanish,spanish,youtube,intermediate|advanced,B1–C1,listening|grammar|vocabulary,free,2,grammar-reference,,Clear Spanish-only lessons on the grammar points intermediates actually get stuck on.,"Vicente teaches entirely in Spanish, aiming squarely at the B1–C1 plateau: subjunctive, ser/estar edge cases, connectors, prepositions, and the differences between real usage and textbook rules. Still posting regularly to around 245K subscribers. Best for learners who understand explanations in Spanish and want depth rather than another beginner overview.",,,,,,,
spanishdict,SpanishDict,https://www.spanishdict.com/,spanish,spanish,dictionary|website|tool,beginner|intermediate|advanced,,vocabulary|grammar|reading,freemium,5,,,"The default English–Spanish dictionary, with the best free conjugation tables online.","Every entry gives multiple translations with example sentences, regional labels and audio from both Spain and Latin America, and the conjugator covers every tense of any verb you type. The free tier is genuinely enough for daily lookups; Premium mostly adds ad removal and extra lessons. Its own grammar articles are clear but shallow — fine for a quick answer, not a substitute for a real course.",,,,,,,
spanishpodcast-org,Spanishpodcast.org,https://www.spanishpodcast.org/,spanish,spanish,podcast,intermediate|advanced,B1–C1,listening|vocabulary|grammar,free,2,comprehensible-input,castilian-spanish,"Barcelona-made dialogue episodes with free transcripts — everything, genuinely free.","Each episode is a realistic dialogue plus explanation of the expressions in it, with downloadable audio and transcripts and no paywall anywhere ('todo es gratuito'). Running since 2007, though new episodes have become sporadic in recent years. Peninsular Spanish, aimed at learners who want to sound idiomatic rather than merely correct.",https://podcasts.apple.com/us/podcast/spanishpodcast/id252009732,,,,,,
studyspanish-com,StudySpanish.com,https://studyspanish.com/,spanish,spanish,website|course,beginner|intermediate,A1–B1,grammar|pronunciation|vocabulary|writing,freemium,3,grammar-reference|pronunciation-training,,"A plain, complete free grammar and pronunciation reference with quizzes on every topic.","An old-school site with a full grammar tutorial, a 50-lesson pronunciation tutorial and verb drills, all free and all with tests you can record grades on with a free account. The design is dated and there is nothing gamified about it, which is exactly why it is still useful — you can look up ser vs estar or the subjunctive and get a straight answer. The paid audio course is optional and not the reason to come here.",,,,,,,
unlimited-spanish,Unlimited Spanish,https://unlimitedspanish.com/,spanish,spanish,podcast|course,beginner|intermediate,A2–B2,listening|speaking|grammar,freemium,2,audio-method|comprehensible-input,castilian-spanish,"Óscar's mini-stories and question-answer drills that force you to speak, not just listen.","Built on the story-and-question technique: Óscar tells a short story, then asks rapid simple questions you answer aloud in the pause, drilling grammar into reflex rather than explanation. Over 450 free episodes with free transcripts, running since 2013; the point-of-view courses are paid. Spanish from Spain, and the repetitive drill format is either exactly what you needed or maddening — try three episodes before deciding.",https://podcasts.apple.com/us/podcast/unlimited-spanish-podcast-with-oscar/id1060671460,https://open.spotify.com/show/6ubEWht2RwxacGF5jREKv0,https://rss.libsyn.com/shows/73741/destinations/320894.xml,,,https://www.youtube.com/channel/UCgb7lSBYB5DBgtP-W78t8Aw,
why-not-spanish,Why Not Spanish?,https://www.youtube.com/@WhyNotSpanish,spanish,spanish,youtube,beginner|intermediate,A2–B2,listening|vocabulary|immersion,free,3,comprehensible-input,latin-american-spanish,"Cody and María's conversational Colombian Spanish, subtitled in Spanish and English.","A learner-and-native couple talking naturally about culture, travel and language, with dual subtitles that let you dial the support up or down. Colombian Spanish is famously clear, which makes this a good first 'real conversation' channel. Uploads stopped around two years ago, so treat it as a finished archive rather than an active channel — the roughly 200 videos still stand up.",,,,,,,
africanlanguages-swahili,AfricanLanguages Swahili Dictionary,https://africanlanguages.com/swahili/,swahili,swahili,dictionary,beginner|intermediate|advanced,,vocabulary|reading,free,3,,bilingual,Fast Swahili–English dictionary that handles verb and noun prefixes properly.,"The dictionary most Swahili learners settle on, because it copes with the language's morphology: paste in an inflected form like 'wamekwenda' and it finds the root instead of failing. It is free, quick and free of clutter. Entries are terse, with no example sentences or audio, so use it for lookups rather than for learning how a word behaves.",,,,,,,
bbc-swahili,BBC Swahili (BBC Dira ya Dunia),https://www.bbc.com/swahili,swahili,swahili,media|website,intermediate|advanced,B1–C1,reading|listening|vocabulary,free,4,authentic-media,news,"Daily news in standard Swahili, with radio bulletins and video alongside the text.","The BBC's Swahili service is the most-read Swahili news source outside East Africa, written in careful standard Kiswahili and paired with radio bulletins and video reports, so the same story gives you reading and listening. Article length is manageable, which makes it a realistic first authentic source at around B1. It is formal broadcast Swahili — useful for building an adult vocabulary, but not how people speak on the street.",,,,,,,
dw-kiswahili,DW Kiswahili,https://www.dw.com/sw/,swahili,swahili,media|website,intermediate|advanced,B1–C1,listening|reading|vocabulary,free,3,authentic-media,news,"Deutsche Welle's Swahili service — daily audio programmes plus articles, all free.","DW has broadcast in Kiswahili for decades and publishes a steady stream of radio programmes, podcasts and articles covering Africa and the wider world. The audio archive is the main draw: hours of professionally produced spoken Swahili with matching written pieces, which is exactly what intermediate learners need and Swahili otherwise lacks. Presenters speak at full native speed with no learner support, so it is a step up from course audio.",,,,,,https://www.youtube.com/channel/UCA_Fjr6R2D8BCPENte67Paw,
iteach-swahili,iTeach Swahili,https://www.youtube.com/@iTeachSwahili,swahili,swahili,youtube,beginner|intermediate,A1–B1,grammar|vocabulary|speaking,free,2,grammar-reference,kenyan-swahili,"Kenyan teacher Jacinta explaining Swahili grammar and conversation, level by level.","Jacinta teaches Kiswahili professionally from Kenya, and her videos work through the topics learners actually get stuck on — noun class agreement, the -me- and -ki- tenses, question formation — in clear English with plenty of examples. Around a hundred videos make it browsable rather than overwhelming. Uploads have been sparse since late 2025, and the channel doubles as advertising for her paid lessons.",,,,,,,
kamusi-project,Kamusi Project,https://kamusi.org/,swahili,swahili,dictionary|tool,intermediate|advanced,,vocabulary|reading,free,3,,bilingual,"The long-running academic Swahili dictionary project, sense-by-sense rather than word-by-word.","Kamusi started as a Swahili dictionary project and Swahili remains its deepest dataset, with entries broken down by individual sense and linked to grammatical detail you will not find in quick-lookup sites. It is the right tool when two English words map to the same Swahili word and you need to know which sense is which. The site has since expanded into a many-language platform, which has made navigation clunky, and coverage outside the core Swahili data is patchy.",,,,,,,
kiswahili-kitukuzwe-afrika-imara,Kiswahili Kitukuzwe — Afrika Imara,https://podcasts.apple.com/us/podcast/kiswahili-kitukuzwe-afrika-imara-swahili-podcast/id1567201675,swahili,swahili,podcast,advanced,B2–C1,listening|vocabulary|immersion,free,1,authentic-media,native-content,"Native Swahili podcast on science and technology — real content, not a language lesson.","Maranga Amos Atima explains technology, science and modern life entirely in Kiswahili for a Swahili-speaking audience, which is rare and valuable: content-first listening rather than another beginner lesson. Nearly 80 episodes were available in 2026 and it is still publishing. There are no transcripts, no translation help and no concessions to learners, so it only starts working somewhere around B2.",https://podcasts.apple.com/us/podcast/kiswahili-kitukuzwe-afrika-imara-swahili-podcast/id1567201675,,https://anchor.fm/s/5aa660d0/podcast/rss,,,,
ku-kiswahili-lessons,KU Kiswahili Lessons (University of Kansas),https://kiswahili.ku.edu/lessons,swahili,swahili,course|website,beginner|intermediate,A1–B1,grammar|vocabulary|reading,free,3,structured-course,university|open-courseware,"65 free university lesson PDFs, from greetings through noun classes to the subjunctive.","The University of Kansas African Studies department publishes its whole Kiswahili sequence as free downloadable lesson PDFs — 65 of them, running from classroom greetings and noun classes up to passives, relatives and verb extensions. It is the closest thing to a free structured syllabus for Swahili, and the grammar sequencing is properly thought out. There is no audio and no interactivity: these are course handouts, so pair them with a listening source.",,,,,,,
learn-swahili-with-lucy,Learn Swahili with Lucy,https://www.youtube.com/@learnswahiliwithlucy,swahili,swahili,youtube,beginner,A1–A2,vocabulary|listening|pronunciation,free,2,,archive,"Short beginner-friendly Swahili lessons — greetings, numbers, everyday phrases.","A tidy, welcoming set of first-steps Swahili videos: greetings, introductions, numbers, and the phrases you need in the first weeks, spoken slowly with clear pronunciation. For someone who wants a gentle start before committing to a course, this is the friendliest free option. It is a small archive of around 40 videos that stops at beginner level, and new uploads have paused.",,,,,,,
lsn-swahili-made-easy,LSN: Swahili Made Easy,https://learnswahilinow.com/,swahili,swahili,course|youtube|podcast,beginner|intermediate,A1–B1,listening|speaking|grammar,freemium,2,structured-course,,"Structured Swahili lessons across YouTube, a podcast and paid courses, updated weekly.","Karen Stringer's project is one of the few Swahili resources still shipping new material every week in 2026, across a free YouTube channel, a free podcast and paid structured courses. The teaching is calm and sequenced for busy adult learners rather than gamified. Audience numbers are small, the free tier is scattered across three platforms rather than organised as a path, and the paid courses are the only place the sequence is complete.",https://podcasts.apple.com/us/podcast/lsn-swahili-made-easy-podcast/id1602421322,,https://anchor.fm/s/101bba060/podcast/rss,,,https://www.youtube.com/@LEARNSWAHILINOW,Podcast=https://podcasts.apple.com/us/podcast/lsn-swahili-made-easy-podcast/id1602421322
mobituki-swahili-dictionary,MobiTUKI Swahili Dictionary,https://swahili-dictionary.com/,swahili,swahili,dictionary,intermediate|advanced,,vocabulary|reading|writing,free,3,,tuki|bilingual,"Web version of the TUKI dictionary, with noun classes and plural forms shown.","Built on TUKI, the standard dictionary from the University of Dar es Salaam's Institute of Kiswahili Research, so it gives you what quick Google-Translate-style sites omit: noun class, plural form and register. That makes it the right choice once you care about using a word correctly rather than just recognising it. The interface is plain and there is no audio, and the underlying data is academic rather than colloquial, so newer slang is missing.",,,,,,,
reddit-swahili,r/swahili,https://www.reddit.com/r/swahili/,swahili,swahili,community,beginner|intermediate|advanced,,grammar|vocabulary|writing,free,3,,forum,Small but helpful forum for Swahili learners' grammar and usage questions.,"The main English-language gathering point for Swahili learners, where native speakers from Kenya and Tanzania answer questions about noun class agreement, translation choices and regional differences in usage. Those regional answers matter, since coastal, Kenyan and Tanzanian Swahili diverge more than most courses admit. It is a quiet subreddit, so expect answers in a day rather than an hour.",,,,,,,
swahili-grammar-guide,Swahili Grammar Guide,https://swahiligrammar.com/,swahili,swahili,website|course,beginner|intermediate|advanced,A1–B2,grammar|reading,free,2,grammar-reference,reference-grammar,"A free learner's grammar of Swahili, written plainly and checked by a native teacher.","Dana Hooshmand wrote this after learning Swahili in Tanzania and Kenya, and his teacher Philip Omondi edited it, which shows: noun classes, the tense markers, relatives and verb extensions are explained the way a learner needs them rather than the way a linguist would file them. It is free, complete enough to carry you to advanced-intermediate, and much easier to read than any reference grammar. It deliberately stops short of full coverage, and there are no exercises or audio.",,,,,,,
swahilipod101,SwahiliPod101,https://www.swahilipod101.com/,swahili,swahili,podcast|course|app,beginner|intermediate,A1–B1,listening|vocabulary|grammar|speaking,freemium,4,structured-course,,"The largest structured audio course for Swahili, with transcripts and word lists.","Swahili has very few complete courses, and this is the biggest: hundreds of dialogue-based audio lessons with transcripts, vocabulary lists and cultural notes, plus a free YouTube channel that alone covers a lot of beginner ground. It is the most dependable way to build listening from zero. Expect heavy subscription upselling, muddled navigation, and content that runs out well before advanced level — and note that its Swahili leans Kenyan/coastal standard rather than any one local variety.",https://podcasts.apple.com/us/podcast/learn-swahili-swahilipod101-com/id668499558,,https://www.swahilipod101.com/wp-feed-audio-video.php,,,https://www.youtube.com/@SwahiliPod101,
talk-in-swahili,Talk In Swahili,https://talkinswahili.com/,swahili,swahili,course|website,beginner|intermediate,A1–B1,listening|speaking|grammar|vocabulary,paid,2,structured-course,colloquial-swahili,One-time-payment Swahili course focused on how the language is actually spoken.,"A self-study course of recorded dialogues and drills sold for a single lifetime fee rather than a subscription, aimed at conversational rather than textbook Swahili. Given how thin the paid Swahili market is, it is one of very few complete alternatives to SwahiliPod101. Much of the praise for it online comes from affiliated review sites, and there is little free preview material, so try the samples before buying.",,,,,,,
teacher-kidaha-swahili,Teacher Kidaha Swahili,https://www.youtube.com/@LearnSwahiliWithTeacherKidaha,swahili,swahili,youtube,beginner|intermediate,A1–B1,grammar|vocabulary|listening,free,3,grammar-reference,archive,840 free video lessons — the deepest Swahili teaching archive on YouTube.,"Kidaha built up over 800 lessons across several years, covering noun classes, tenses, verb extensions and everyday vocabulary in short, focused videos taught in English. As a free searchable archive of Swahili grammar explanation it has no real rival. Uploads have largely stopped (most recent around late 2025), production is basic, and the sheer volume means you need the playlists to find a path through it.",,,,,,,
the-other-mwalimu,The Other Mwalimu,https://www.youtube.com/@TheOtherMwalimu,swahili,swahili,youtube,beginner|intermediate,A1–B1,listening|speaking|immersion,free,2,comprehensible-input,comprehensible-input,"Natural-method Kiswahili lessons — no word lists, no AI-generated filler.","This channel teaches Kiswahili through spoken language and context rather than vocabulary lists, and the creator makes a point of using no AI-generated material, which is worth something in a niche now full of it. It was still posting in 2026 and works well as listening practice alongside a grammar source. It is a small channel with under 200 videos and no formal syllabus, so it supplements rather than replaces a course.",,,,,,,
ubongo-kiswahili,Ubongo Kiswahili (Akili and Me / Ubongo Kids),https://www.youtube.com/@AkiliKiswahili,swahili,swahili,media|youtube,beginner|intermediate,A1–B1,listening|immersion|vocabulary,free,4,authentic-media,comprehensible-input|tanzanian-swahili,Tanzanian animated kids' shows in natural Swahili — hours of free comprehensible input.,"Ubongo Media's cartoons are made in Tanzania for East African children, which makes them an unusually good immersion source for adult beginners: simple sentences, heavy repetition, and pictures carrying the meaning. Akili and Me targets ages three to six, Ubongo Kids somewhat older, and both were still publishing in 2026 with hundreds of episodes free on YouTube. It is genuinely children's content, so the vocabulary skews to school and family topics and adults may find it tiring in long sittings.",,,,,,,Ubongo Kids=https://www.youtube.com/@UbongoKids
8-sidor,8 Sidor,https://8sidor.se/,swedish,swedish,media|website,beginner|intermediate,A2–B1,reading|vocabulary,freemium,3,authentic-media,easy-news|lattlast|reading-practice,"Sweden's lättläst newspaper — daily national news in short, plain sentences.","The reading counterpart to Klartext: real Swedish and world news rewritten in easy Swedish, updated daily and sorted into Sverige, Världen, Sport, Kultur and everyday-life sections. Short sentences and a controlled vocabulary make it the natural first newspaper for a learner. The website is free; printed subscriptions are the paid product. Articles are deliberately brief, so it builds reading confidence rather than stamina — pair it with something longer once you are comfortable.",,,,,,,
dags-for-svenska,Dags För Svenska!,https://www.youtube.com/@DagsF%C3%B6rSvenska,swedish,swedish,youtube,beginner|intermediate,A1–B1,listening|vocabulary|immersion|grammar,free,2,comprehensible-input,comprehensible-input|short-form,Comprehensible-input Swedish videos plus short explainers on tricky common words.,"A newer channel doing something Swedish badly needed: comprehensible-input videos where everyday scenes are narrated in slow, visually supported Swedish, alongside short clips on high-frequency words that resist translation, like 'egentligen'. Free, and posting very frequently through 2026. The catch is that it only launched in early 2026, so the archive is thin compared with the equivalent Spanish or German channels — good for a daily habit now, not yet a library to binge.",,,,,,,
digitala-sparet,Digitala spåret,https://www.digitalasparet.se/,swedish,swedish,website|course,beginner|intermediate,A1–B1,grammar|vocabulary|reading|pronunciation,free,2,structured-course,sfi|exercises|free-curriculum,"A large free bank of SFI exercises — grammar, nouns, verbs, sentence structure.","Built for Sweden's SFI (Svenska för invandrare) system, this is a deep free archive of drills on vocabulary, noun and verb forms, word order and pronunciation, organised by level. For anyone who wants volume of practice without paying, there is more here than in most paid apps. Completely free with no signup. The catch is presentation: the site is visibly from an earlier web era and navigation is clumsy — worth tolerating for the content.",,,,,,,
folkets-lexikon,Folkets lexikon (Swedish–English),https://folkets-lexikon.csc.kth.se/folkets/,swedish,swedish,dictionary,beginner|intermediate|advanced,A1–C1,vocabulary|reading,free,3,,bilingual|open-data|free-dictionary,"The open Swedish–English dictionary from KTH — fast, free and downloadable.","A freely licensed Swedish–English dictionary hosted by KTH, with inflections, example sentences and audio on many entries. Because the dataset is openly published it is also what a lot of Swedish flashcard decks and apps are built from, so entries will look familiar. Free, no registration, and quick to search. It is community-maintained rather than editorially curated, so rare or technical words are patchier than in a commercial bilingual dictionary.",,,,,,,
fun-swedish,Fun Swedish,https://www.youtube.com/@FunSwedish,swedish,swedish,youtube,beginner|intermediate,A1–B1,vocabulary|listening|pronunciation,free,2,,short-form|vocabulary|culture,Short daily videos on the Swedish words and habits textbooks never mention.,"A channel running since 2015 and still posting almost daily in 2026, built on very short clips explaining single expressions, idioms and cultural quirks — why a Swede calls you 'gumman', why a hippo is a river-horse. It suits the small daily habit better than a sit-down lesson does. Free, with no upsell to speak of. It is snackable by design, so it supplements a structured course rather than teaching grammar systematically.",,,,,,,
klartext-sveriges-radio,Klartext (Sveriges Radio),https://www.sverigesradio.se/klartext,swedish,swedish,podcast|media,beginner|intermediate,A2–B1,listening|vocabulary,free,4,authentic-media,easy-news|public-broadcaster|daily,"Sweden's daily news read slowly and in simple words by public radio, free forever.","Sveriges Radio's news bulletin for people who need Swedish at a calmer pace and with everyday vocabulary, broadcast every weekday at 19:00 and repeated at 21:00, with the full archive free online and as a podcast. Because it is genuine national news rather than learner material, the vocabulary you pick up is immediately useful. This is the single best free daily listening habit for an A2–B1 learner. There is no transcript, which is the one thing it lacks.",,,,,,,
lexin-svenska,Lexin,https://lexin.se/,swedish,swedish,dictionary|tool,beginner|intermediate,A1–B1,vocabulary|pronunciation|listening,free,3,,bilingual|audio|illustrated|free-dictionary,"State-made learner dictionary: Swedish into 20 languages, with audio and illustrations.","Published by Institutet för språk och folkminnen specifically for people learning Swedish, Lexin translates into around twenty languages including Arabic, Somali, Persian, Ukrainian, Kurdish and Spanish. Beyond definitions it carries spoken pronunciation, illustrated 'bildteman' vocabulary boards, and short films demonstrating verbs and dialogues — genuinely useful for the pronunciation and stress patterns that trip up beginners. Entirely free public service. Vocabulary coverage is everyday rather than literary, by design.",,,,,,,
lysande-lagom,Lysande lagom,https://www.lysforlag.com/,swedish,swedish,podcast,intermediate|advanced,B1–C1,listening|vocabulary|immersion,free,2,,culture|authentic-speech,"Two Swedish teachers on language, culture and what Sweden looks like from outside.","Emil Molander and Sofi Tegsveden Deveaux — both experienced teachers and textbook authors — talk through the things that actually confuse learners: feared particle verbs, Swedish meeting culture, attitudes to privacy, the national stereotypes. It is unusually good at the cultural half of fluency, which most resources ignore entirely. Free, monthly, and around ninety episodes deep by 2026. The Swedish is natural-speed and unglossed, so this is a B1-and-up listen rather than a first podcast.",https://podcasts.apple.com/us/podcast/lysande-lagom/id1403848459,https://open.spotify.com/show/5FayVR7WO2zi2bgRoxz9y9,https://anchor.fm/s/fed4d100/podcast/rss,,,https://www.youtube.com/@LysandeLagom,
radio-sweden-latt-svenska,Radio Sweden på lätt svenska,https://www.sverigesradio.se/radio-sweden-pa-latt-svenska,swedish,swedish,podcast|media,beginner,A1–A2,listening|vocabulary,free,3,authentic-media,easy-news|public-broadcaster|newcomers,News in easy Swedish aimed specifically at people who are new to Sweden.,"Sveriges Radio's short bulletin written for newcomers, pitched a clear step below Klartext in both speed and vocabulary. Episodes are brief, which makes it realistic to listen every day from very early on. Free as a podcast with no account needed. The stories skew toward what affects new arrivals — residency, work, housing, benefits — so it is practical but narrower than general news.",,,,,,,
rivstart,Rivstart,https://www.nok.se/laromedel/serier/Rivstart/,swedish,swedish,book|course,beginner|intermediate|advanced,A1–C1,grammar|reading|listening|vocabulary,paid,4,structured-course,textbook|academic|standard,The default Swedish coursebook series in Swedish universities and language schools.,"Natur & Kultur's Rivstart is what you will be handed if you take a serious Swedish course anywhere: A1+A2 (third edition, 2023), B1+B2 (third edition, 2025) and B2+C1, each as a textbook plus a separate exercise book. Audio files, answer keys and vocabulary cards are free downloads from the publisher, which makes self-study viable. The pace is genuinely brisk — the name means 'flying start' — and it explains grammar in Swedish from early on. Not the gentlest choice if you are learning alone with no teacher to ask.",,,,,,,
say-it-in-swedish,Say It In Swedish,https://sayitinswedish.com/,swedish,swedish,course|podcast|youtube|community,beginner|intermediate,A1–B1,listening|speaking|grammar|pronunciation,freemium,3,structured-course,community|word-order,"Beginner lessons, videos and vocabulary lists, plus an active learner Discord.","A long-running independent Swedish school with a large free layer — absolute-beginner lesson series, short grammar videos on the things learners actually get wrong (word order, the definite form), and vocabulary lists — sitting under paid structured courses. The Discord community is unusually active for a Swedish resource and is a real reason to use it. Free content is substantial enough to carry you through A1. Video output slowed after mid-2026, so treat the back catalogue as the main draw.",,https://open.spotify.com/show/4pog0YuAEYqdfoYcLlira4,,,,https://www.youtube.com/@sayitinswedish,
simple-swedish-podcast,Simple Swedish Podcast,https://swedishlinguist.com/,swedish,swedish,podcast,beginner|intermediate,A2–B2,listening|vocabulary,freemium,4,comprehensible-input,slow-speech|listening-practice,Natural but slower Swedish for the gap where beginner audio is too easy and native too hard.,"Fredrik Arhusiander has built well over three hundred episodes of exactly the thing most learners cannot find: interesting adult topics delivered in real but deliberately slowed Swedish. Listening is free on any podcast app and the archive alone is worth months of daily practice. He also sells a self-paced course and a group coaching programme, which are priced for serious learners rather than casual ones. The podcast stands completely on its own — you never need to buy anything.",https://podcasts.apple.com/us/podcast/simple-swedish-podcast/id1476144135,https://open.spotify.com/show/6qFwI9Sm317GrVorN6MfV1,https://feed.podbean.com/arhus12/feed.xml,,,https://www.youtube.com/@simpleswedish,Episodes=https://arhus12.podbean.com/
sommar-vinter-i-p1,Sommar & Vinter i P1,https://www.sverigesradio.se/sommar-i-p1,swedish,swedish,podcast|media,advanced,B2–C2,listening|vocabulary|immersion,free,3,authentic-media,authentic-speech|culture|advanced-listening,Sweden's most-loved radio institution: hour-long personal monologues by one speaker.,"Since 1959, invited Swedes have each been handed an hour of national radio to talk about their life and pick the music, and the results are a cultural touchstone every Swede knows. For an advanced learner the format is ideal listening: one voice, no crosstalk, sustained personal narrative, enormous range of vocabulary and register. Free to stream and download from Sveriges Radio, with decades of archive. Full native speed with no concessions — this is a reward for reaching B2, not a way to get there.",,,,,,,
sprakkraft-sprakplay,Språkkraft (Språkplay & Läscoach),https://sprakkraft.org/,swedish,swedish,app|tool,beginner|intermediate,A1–B2,listening|reading|vocabulary|immersion,free,2,authentic-media|graded-reading,subtitle-lookup|immersion|svt,Watch SVT and UR with tappable subtitles — every word looked up in one touch.,"A Swedish non-profit that has offered free language tools since 2015: SVT Språkplay and UR Språkplay let you watch public-service television with subtitles you can tap for instant word translations, and Läscoach does the same for reading. It turns ordinary Swedish TV into study material without breaking the flow to reach for a dictionary. Free and unlimited, funded as a public-good project. The apps depend on Swedish broadcaster streams, so availability outside Sweden is unreliable.",,,,,https://play.google.com/store/apps/details?id=com.brainglass.lingoal.sprakkraft,https://www.youtube.com/channel/UCa3DP9ENeFr94w-WtFclMwg,
svenska-med-marie,Learn Swedish with Marie,https://www.youtube.com/@svenskamedmarie,swedish,swedish,youtube,beginner|intermediate,A2–B1,listening|vocabulary|pronunciation,free,2,comprehensible-input,slow-speech|idioms,A Swedish teacher speaking slowly and clearly about idioms and everyday scenes.,"Marie films short pieces spoken in careful, slow Swedish — often unpacking an idiom like 'ingen ko på isen' or narrating an ordinary summer evening — with on-screen Swedish text to read along. The slow delivery plus visible text is a good bridge between scripted course audio and real speech. Free and still posting in 2026. It is a small channel with an irregular schedule, so treat it as a supplement rather than a syllabus.",,,,,,,
svenska-se,Svenska Akademiens ordböcker (svenska.se),https://svenska.se/,swedish,swedish,dictionary,intermediate|advanced,B1–C2,vocabulary|reading|writing,free,4,,monolingual|authoritative|free-dictionary,"Three Swedish Academy dictionaries — SAOL, SO and SAOB — searched at once, free.","The authoritative free reference for Swedish: SAOL for the sanctioned spelling and inflection of current words, SO for full modern definitions and usage, and SAOB for deep historical treatment — all searchable together from one box. When you need to settle how a word is spelled, inflected or actually used, this is where Swedes look too. Completely free with no account. It is monolingual throughout, so pair it with Lexin or Folkets lexikon until your Swedish carries you.",,,,,,,
svt-play,SVT Play,https://www.svtplay.se/,swedish,swedish,media,intermediate|advanced,B1–C2,listening|immersion|vocabulary,free,4,authentic-media,authentic-media|subtitles|geoblocked,"Swedish public television free on demand, much of it with Swedish subtitles.","SVT's streaming catalogue — drama, documentaries, news, children's programming — is free with no advertising, and a large share carries Swedish-language subtitles, which is what makes it usable for learners rather than just immersive. Children's and youth output is the gentlest entry point; news and documentary the most rewarding. The significant caveat is rights: much of the catalogue is geoblocked outside Sweden, and what remains available abroad is a smaller selection.",,,,,,,
swedish-comprehensive-grammar,Swedish: A Comprehensive Grammar,https://www.routledge.com/Swedish-A-Comprehensive-Grammar/Hinchliffe-Holmes-Malmgard/p/book/9781032989273,swedish,swedish,book,intermediate|advanced,B1–C2,grammar|writing|reading,paid,2,grammar-reference,reference|grammar|academic,The reference grammar of Swedish in English — the book that answers the awkward questions.,"Hinchliffe, Holmes and Malmgård's Routledge grammar is the standard English-language description of Swedish, covering word order, particle verbs, the definite forms and every construction a coursebook glosses over. You do not read it through; you keep it beside you and look things up when a rule stops making sense. Routledge also publish lighter Basic and Intermediate Swedish grammar-and-workbook volumes if this is too dense. It is a full-price academic reference and assumes you already know grammatical terminology.",,,,,,,
swedishpod101,SwedishPod101,https://www.swedishpod101.com/,swedish,swedish,podcast|course|app,beginner|intermediate,A1–B1,listening|vocabulary|speaking,paid,3,structured-course,audio-lessons|dialogues,A deep back catalogue of short Swedish audio lessons built around native dialogues.,"The Swedish arm of the Innovative Language network, with hundreds of short lessons that present a dialogue and then take it apart line by line, backed by transcripts and vocabulary tools. It is cheap at the lower subscription tiers and gives you more structured listening volume than almost anything else at the price. The usual caveats apply: the catalogue is confusingly organised for newcomers and the progression runs thin above B1. Use it alongside Rivstart rather than instead of it.",https://podcasts.apple.com/us/podcast/learn-swedish-swedishpod101-com/id448504398,,https://www.swedishpod101.com/wp-feed-audio-video.php,,,,
ur-play,UR Play,https://urplay.se/,swedish,swedish,media|course,beginner|intermediate,A1–B2,listening|vocabulary|grammar|pronunciation,free,3,authentic-media,sfi|public-broadcaster|geoblocked,"Sweden's educational broadcaster, with whole categories made for Swedish learners.","UR is the public education broadcaster, and unlike SVT it produces programming explicitly for language learners — there are dedicated 'Sfi – svenska för invandrare' and 'Svenska som andraspråk' categories covering pronunciation, grammar and everyday situations. Everything is free and much of it is subtitled. This is the closest thing to a free televised Swedish course. Like SVT Play, a portion of the catalogue is restricted outside Sweden.",,,,https://apps.apple.com/se/app/ur-play/id1033474398,https://play.google.com/store/apps/details?id=air.se.urplay.android_player,,
aua-thai-program,AUA Language Center (Thai Program),https://www.auathailand.org/en/aua-thai-courses/,thai,thai,course|tutoring,beginner|intermediate,,listening|speaking|immersion,paid,3,comprehensible-input|structured-course,in-person|alg|immersion,The Bangkok school where Automatic Language Growth listening-first teaching began.,"AUA is where J. Marvin Brown developed Automatic Language Growth, the approach of absorbing hundreds of hours of Thai before speaking, and it still runs Thai courses at branches including Bangkok and Chiang Mai. For people living in Thailand it remains the best-known in-person option, and its alumni are the reason input-first learning has such a following in Thai. Course formats have shifted over the years, so confirm directly whether the current classes follow the ALG model and ask about hours and fees — neither is published online.",,,,,,,
comprehensible-thai,Comprehensible Thai,https://www.youtube.com/@comprehensiblethai,thai,thai,youtube,beginner|intermediate|advanced,A1–B2,listening|immersion|vocabulary,free,4,comprehensible-input,comprehensible-input,"Hundreds of free Thai-only input videos, graded from absolute beginner upward.","The flagship comprehensible-input channel for Thai: several teachers (Kruu Blu, Kruu Noon, Kruu Jerry and others) teach entirely in Thai using drawings, props and gesture, with playlists ordered from absolute beginner through advanced storytelling and a gradual reading course. Still publishing multiple videos a week as of August 2026, and the free back catalogue alone is hundreds of hours. If you want extra material or to support them there is a Patreon, but nothing essential is behind it.",,,,,,,Patreon=https://www.patreon.com/comprehensiblethai
cracking-thai-fundamentals,Cracking Thai Fundamentals (Stuart Jay Raj),https://www.jcademy.com/courses/cracking-thai-fundamentals,thai,thai,course|book,beginner|intermediate,,pronunciation|reading|grammar,paid,3,structured-course|pronunciation-training,tones|thai-script|pronunciation,A systems view of Thai sounds and script — the 'consonant compass' and tone logic.,"Stuart Jay Raj's 63-lesson course explains why Thai works the way it does: the Indic logic behind the script, how consonant classes and tone marks interact, and physical techniques for producing sounds English speakers mangle. At $9.99 a month or $29.99 for a three-month bundle (the print book is around $39) it is cheap for the insight density. It is idiosyncratic and theory-heavy — brilliant for analytical learners, frustrating if you just want phrases.",,,,,,,
duke-language-school,Duke Language School,https://dukelanguage.com/,thai,thai,course|tutoring,beginner|intermediate|advanced,,speaking|listening|reading|grammar,paid,2,structured-course|conversation-practice,in-person|bangkok,Bangkok school with structured group Thai courses and education-visa support.,"One of the more consistently recommended Bangkok schools, offering group and private Thai courses across levels, with an in-house curriculum and the education-visa paperwork that long-term learners in Thailand need. Small classes and a clear level ladder make it a reasonable default if you are moving to Bangkok. It is a commercial school with commercial pricing, and quality still depends on which teacher you draw.",,,,,,https://youtube.com/c/dukelanguagebkk,
learn-thai-from-a-white-guy,Learn Thai From a White Guy,https://learnthaifromawhiteguy.com/,thai,thai,course|website,beginner|intermediate,A1–B1,reading|pronunciation|grammar|speaking,paid,3,structured-course,thai-script|tones,Script-and-tones-first online course aimed at people whose Thai has plateaued.,"Brett Whiteside's course drills the writing system and tone rules first, then builds spoken Thai on top, which fixes the classic expat problem of years of transliterated Thai that natives struggle to understand. Five lessons are free by email, so you can judge the teaching style before paying for the full Inner Circle program. It is one of the pricier self-study options and the sales pages are heavy on testimonials — the underlying pedagogy, not the marketing, is the reason to consider it.",,,,,,https://www.youtube.com/@Learnthaifromawhiteguy,
learn-thai-with-mod,Learn Thai with Mod,https://learnthaiwithmod.com/,thai,thai,youtube|course,beginner|intermediate,A1–B1,speaking|vocabulary|pronunciation,freemium,4,,phrases,"Long-running channel teaching practical spoken Thai phrase by phrase, in English.","Kruu Mod has been publishing free lessons since 2013 and is still posting in 2026, covering everyday phrasing, question forms, polite particles and the vocabulary you actually need with a partner, family or landlord. The English explanations make it accessible from day one, which comprehensible-input channels are not. Paid courses and books exist on the site; the free YouTube library is the main draw, and it favours useful phrases over systematic grammar.",,,,,,https://www.youtube.com/@ThaiwithMod,
longdo-dict,Longdo Dictionary,https://dict.longdo.com/,thai,thai,dictionary|tool,intermediate|advanced,,vocabulary|reading,free,4,,dictionary|native-tool,Thailand's own multi-source dictionary — what Thai people actually look words up in.,"Longdo aggregates several dictionaries at once (including NECTEC's LEXiTRON and Thai–Thai sources), so a single search shows technical, colloquial and formal senses side by side. Because it is built for Thai users it covers vocabulary that learner dictionaries omit entirely, which matters once you are reading real material. The interface is cluttered and largely in Thai, so it suits intermediate learners more than day-one beginners.",,,,,,,
pickup-thai,PickupThai Podcast,https://pickup-thai.com/,thai,thai,podcast|course,beginner|intermediate|advanced,A1–C1,listening|vocabulary|speaking,paid,3,structured-course,colloquial|graded-audio,"Three graded courses of funny, natural Thai dialogues with full transcripts.","Yuki and Miki's lesson packs run from Creamy Coconut (beginner) through Sweet Green (intermediate) to Spicy Red (advanced), teaching the colloquial Thai textbooks avoid, with transcripts and detailed vocabulary notes. Seven complete sample lessons are free, so you can judge before buying, and the humour makes repeat listening bearable. The three courses are finished rather than ongoing, and you buy lessons in packs rather than subscribing.",,,,,,,
point-of-view-thai,Point of View (จุดประกาย),https://www.youtube.com/@PointofView,thai,thai,youtube|media,advanced,B2–C1,listening|immersion|vocabulary,free,3,authentic-media,native-content|immersion,"Hugely popular Thai channel explaining history, literature and culture — native speed.","Wiwanee's channel makes long, well-researched Thai-language videos on history, mythology, literature and true crime for a Thai audience, uploading several times a week. It is the natural next step after learner content: real vocabulary, real speed, but on topics explained clearly enough that context carries you. There are no learner subtitles or glossaries — bring an intermediate-plus base and a dictionary tool.",,,,,,,
read-thai-in-10-days,Read Thai in 10 Days (Bingo Lingo),https://readthailanguage.com/,thai,thai,book|course,beginner,A1,reading|writing|pronunciation,paid,3,structured-course,thai-script|writing-system,The standard crash course for learning the Thai alphabet and tone rules.,"Arthit Juyaso's book takes the 44 consonants, the vowel system and the tone rules in a deliberate order with mnemonics and daily practice, and most learners really do come out reading basic Thai in a couple of weeks. Reading Thai early is the single highest-leverage thing you can do in this language, because transliteration systems disagree with each other and hide tone. It is a paid book with a workbook feel — you have to do the exercises, and it teaches decoding rather than vocabulary.",,,,,,,
reddit-learnthai,r/learnthai,https://www.reddit.com/r/learnthai/,thai,thai,community,beginner|intermediate|advanced,,grammar|vocabulary|reading,free,4,,forum,"The main English-language Thai learner forum, with honest resource threads.","An unusually good learner community: native speakers and long-term residents answer tone, register and translation questions, and the recurring input-hours logs and school reviews are the most candid comparisons of Thai courses you will find anywhere. Search the archives before asking — resource questions have been answered many times over. Opinions on methods (input-first versus textbook) get heated, so read a few threads before taking any single verdict as consensus.",,,,,,,
talking-thai-dictionary,Talking Thai–English Dictionary+Phrasebook,https://word-in-the-hand.com/thai-dictionary/,thai,thai,app|dictionary,beginner|intermediate|advanced,,vocabulary|pronunciation|speaking,paid,3,,dictionary|offline,Offline Thai dictionary app with recorded audio for every entry and a phrasebook.,"Paiboon's app pairs a large Thai–English dictionary with human-recorded audio for essentially every headword, plus a categorised phrasebook, and it works fully offline — which is the point when you are standing in a market with no signal. Search tolerates rough spelling and transliteration, a real advantage while your reading is shaky. It is a one-off paid app on iOS, Android and Windows, and the interface looks its age.",,,,https://apps.apple.com/us/app/talking-thai-english-dictionary-phrasebook/id411632067,,,
thai-for-beginners-paiboon,Thai for Beginners (Benjawan Poomsan Becker),https://paiboonlanguageacademy.com/product/thai-for-beginners/,thai,thai,book,beginner,A1–A2,grammar|vocabulary|reading|speaking,paid,4,structured-course,textbook,"The classic beginner Thai textbook, with script introduced alongside spoken lessons.","Benjawan Poomsan Becker's course has been the default first Thai textbook for decades: structured lessons with dialogues, exercises, and a parallel track that teaches reading and writing rather than leaving you in transliteration. It is systematic and cheap, which is why teachers still assign it. The presentation is plain, the audio is sold separately in some editions, and the follow-up volumes get patchier.",,,,,,,
thai-language-com,thai-language.com,http://www.thai-language.com/,thai,thai,dictionary|website|tool,beginner|intermediate|advanced,,vocabulary|reading|pronunciation|grammar,free,4,,dictionary|reference,"The deep free Thai reference: dictionary, phonemic breakdowns, lessons and forums.","A long-running community reference with a large Thai–English dictionary, audio, per-word tone and phonemic analysis, sample sentences, grammar lessons and archived forum discussions that answer questions nothing else does. It is the site experienced learners keep open in a tab. The design is unapologetically from an earlier internet era and the site serves over plain HTTP, so expect a browser warning if you force HTTPS.",,,,,,,
thai-pbs,Thai PBS,https://www.thaipbs.or.th/,thai,thai,media,advanced,B2–C1,listening|reading,free,3,authentic-media,news|native-content,"Thailand's public broadcaster — free news, documentaries and current-affairs video.","Free access to news bulletins, documentaries and talk programmes in standard Thai, plus written articles for reading practice on the same stories. Public-broadcast Thai is clearer and less slangy than commercial TV, which makes it a manageable first step into unmodified native media. It is genuinely advanced material — formal register, fast delivery, and no learner scaffolding of any kind.",,,,,,,
thai-with-grace,Thai With Grace,https://thaiwithgrace.com/,thai,thai,website|course|podcast,beginner|intermediate|advanced,,listening|reading|vocabulary|grammar,freemium,2,structured-course,graded-readers|podcast,"Thai teacher's mix of free mini-course, beginner podcast and paid reading courses.","Grace publishes a free ten-day absolute-beginner mini course, a beginner podcast, subtitled YouTube lessons and a free phrase ebook, then sells structured courses covering beginner-to-conversational Thai, practical reading and an advanced tier, plus a graded reader and vocabulary apps. The free layer is substantial enough to be worth using on its own. Materials are spread across several platforms, so it takes a moment to work out what belongs to what.",https://podcasts.apple.com/us/podcast/grace-and-ari-teach-thai/id1517303088,,https://anchor.fm/s/23d9e75c/podcast/rss,https://apps.apple.com/us/app/poly-thai-reader/id6636517794,,https://www.youtube.com/channel/UCtxPNb4l4rf4msU-oD-Abqg,
thai2english,Thai2English,https://thai2english.com/,thai,thai,dictionary|tool,beginner|intermediate,,reading|vocabulary,freemium,3,graded-reading,dictionary|reading-tool,Paste Thai text and get it split into words with meanings and transliteration.,"Thai is written without spaces between words, which makes early reading brutal; this tool segments a pasted passage and glosses each word with tone-marked transliteration and audio. That makes it the fastest way to work through a Thai post, menu or news snippet before your parsing is automatic. Core lookup is free with a paid tier for extras, and its segmentation occasionally mis-splits names and compounds, so sanity-check anything surprising.",,,,,,,
thaipod101,ThaiPod101,https://www.thaipod101.com/,thai,thai,course|podcast|app,beginner|intermediate,A1–B1,listening|vocabulary|speaking,freemium,4,structured-course,dialogues,"Large dialogue-based lesson library with transcripts, PDFs and word lists.","Hundreds of audio and video lessons built around short dialogues that get broken down in English, with lesson notes, a word bank and spaced-repetition flashcards; a free account gives limited access and paid tiers run roughly $4–25 a month depending on plan length. It is a good structured listening supplement, especially in the beginner range. Treat it as one input among several — the lessons over-explain, and the constant discount emails are the price of admission.",https://podcasts.apple.com/us/podcast/learn-thai-thaipod101-com/id381009650,,https://www.thaipod101.com/wp-feed-audio-video.php,,,https://www.youtube.com/@thaipod101,
understand-thai,Understand Thai,https://www.youtube.com/@UnderstandThai,thai,thai,youtube|tutoring,beginner|intermediate,A1–B1,listening|immersion|speaking,freemium,3,comprehensible-input|conversation-practice,comprehensible-input,"Kruu Ying's slow, story-driven Thai-only videos plus private online lessons.","A second strong comprehensible-input channel, useful precisely because hearing more than one voice matters: Kruu Ying narrates everyday situations in clear, slow Thai with on-screen support, at beginner and intermediate levels, and was still posting in August 2026. The videos are free; one-to-one online lessons through the website are paid and priced on request. The channel is smaller and more conversational than Comprehensible Thai, so use both rather than choosing.",,,,,,,Website=https://www.understandthai.com/
you-too-can-learn-thai,You Too Can Learn Thai (Khru Nan),https://www.youtoocanlearnthai.com/,thai,thai,podcast|website,beginner|intermediate,A1–B1,listening|pronunciation|vocabulary,freemium,2,pronunciation-training,podcast|pronunciation,Linguist-led Thai podcast with transcripts and free audio flashcards.,"Khru Nan is a Thai university lecturer with a PhD in linguistics, and it shows in how carefully she handles tones, vowel length and the sounds learners systematically mishear. The podcast is free on Spotify, Apple Podcasts and YouTube, with transcripts and Quizlet flashcard sets on the site; extra episodes sit behind Patreon. Episodes are short and conversational rather than a structured syllabus, so use it alongside a course.",,https://open.spotify.com/show/7LO1UlCxpk2aNV8w5HLQ9Q,,,,https://www.youtube.com/c/youtoocanlearnthai,
ankara-tomer,Ankara University TÖMER,https://tomer.ankara.edu.tr/,turkish,turkish,tutoring|course,beginner|intermediate|advanced,A1–C1,speaking|writing|grammar|reading,paid,4,structured-course|conversation-practice,exam-prep|textbook-publisher,"The oldest Turkish-for-foreigners centre — courses, exams and the Hitit textbooks.","Founded in 1984, TÖMER is the reference institution for teaching Turkish to foreigners: it runs graded courses in Ankara and online, administers Turkish proficiency and exemption exams that universities accept, and publishes the Hitit / Yeni Hitit coursebook series many other schools teach from. This is the option when you need certified proof of level or a real classroom rather than self-study. Courses are paid and enrolment is bureaucratic, and the website is mostly in Turkish.",,,,,,,
bbc-news-turkce,BBC News Türkçe,https://www.bbc.com/turkce,turkish,turkish,media,advanced,B2–C2,reading|listening|vocabulary,free,3,authentic-media,news,"Daily news in clear standard Turkish, with video and audio alongside text.","Not a learning resource as such, but BBC Türkçe's register is unusually clean and standard, and stories are short, which makes it the natural first stop for real Turkish once graded material stops being challenging. Text, video and audio cover the same stories, so you can read first and listen after. There is no glossary or scaffolding of any kind — below roughly B2 you will be looking up something in every sentence.",,,,,,,
cooljugator-turkish,Cooljugator — Turkish,https://cooljugator.com/tr,turkish,turkish,tool,beginner|intermediate,A1–B2,grammar|writing,free,2,,conjugation,Free Turkish verb conjugator with English glosses for every form.,"Type any Turkish verb and get the full grid of tense, aspect, person and negation forms with an English gloss beside each — the fastest way to check whether a suffix chain you've encountered is what you think it is. Free and needs no account. It is a lookup tool, not a teacher: it shows the forms but never explains why Turkish stacks suffixes the way it does, so keep a grammar alongside it.",,,,,,,
easy-turkish,Easy Turkish,https://www.easyturkish.fm/,turkish,turkish,podcast|youtube,beginner|intermediate,A1–B2,listening|vocabulary|immersion,freemium,4,comprehensible-input,comprehensible-input|street-interviews,"Street interviews and a weekly conversation podcast in real, unscripted Turkish.","The Turkish branch of the Easy Languages format: Emin, Ömer and the team stop people in Istanbul and elsewhere and subtitle the answers in Turkish and English, and the companion podcast (200+ episodes, still weekly in August 2026) adds unscripted chat plus a slower 'Slow News in Turkish' segment. It is the most reliable source of natural spoken Turkish at learner-friendly speed. Videos and podcast are free; full transcripts and the vocabulary helper need the Patreon membership. Unscripted speech means A1 learners will struggle without the subtitles.",https://podcasts.apple.com/us/podcast/easy-turkish-learn-turkish-with-everyday-conversations/id1633455697,https://open.spotify.com/show/4hi5TQ2gXwetxWYv23WDyl,https://feeds.fireside.fm/easyturkish/rss,,,https://www.youtube.com/@EasyTurkish,
guncel-turkce,Güncel Türkçe (Learn Turkish),https://www.youtube.com/@G%C3%BCncelT%C3%BCrk%C3%A7e,turkish,turkish,youtube,intermediate|advanced,B1–C1,listening|writing|speaking|grammar,free,2,,exam-prep|tys,One of the only free channels aimed at B2–C1 and the TYS proficiency exam.,"Made by experienced Turkish teachers, this channel fills the gap almost every other Turkish resource leaves: upper-intermediate and advanced practice. Recent uploads include C1 listening mock exams and writing workshops for the TYS (Türkçe Yeterlik Sınavı) plus a multi-day A2→B1 shadowing series for speaking. Everything is free, at one or two videos a week. Explanations are in Turkish, and the production is plain — this is exam-and-practice material, not entertainment.",,,,,,,
hands-on-turkish,Hands on Turkish,https://turkishonline.eu/,turkish,turkish,course,beginner,A1–A2,listening|speaking|vocabulary,paid,1,structured-course,structured-course,"A small, coherent A1–A2 course built with EU Lifelong Learning funding.","Produced by Pendragon Education with EU Lifelong Learning Programme support, it runs two levels — 'First Steps in Turkish' (A1) and the fuller A2 course — around practical situations for travel, work and family, ending in a completion certificate. It is ad-free and its progression is more coherent than most app courses at this level. Pricing is €9 a month or €59 a year with one free sample lesson, and the platform feels dated next to commercial competitors. Note the project has moved to turkishonline.eu; the old handsonturkish.com address now redirects there.",,,,,,,
learn-turkish-via,Learn Turkish Via,https://www.youtube.com/@LearnTurkishvia,turkish,turkish,youtube,beginner|intermediate,A1–B1,grammar|vocabulary|listening,free,2,structured-course,structured-course,"A numbered free lesson series, one grammar point per video, still running.","A native-speaker teacher working through a numbered sequence — lesson 40 covers gibi/kadar, 41 -a göre, 42 önce/sonra — which makes this one of the few free Turkish channels you can genuinely follow in order rather than dip into. Two lessons a week as of August 2026, plus short vocabulary clips. Production is simple (slides and voice) and the teacher advertises private lessons, but nothing is paywalled.",,,,,,,
nisanyan-sozluk,Nişanyan Sözlük,https://www.nisanyansozluk.com/,turkish,turkish,dictionary,advanced,B2–C2,vocabulary|reading,free,3,,etymology,"Etymological dictionary of contemporary Turkish, with first-attestation dates.","Sevan Nişanyan's etymological dictionary traces modern Turkish words back through Ottoman, Persian, Arabic, Greek, Armenian and French, giving the date of first recorded use in Turkish. For learners past B1 it is the single most effective way to make vocabulary stick, because it turns arbitrary-looking words into families. It is a scholarly reference in Turkish only, with no learner scaffolding, and the author's public commentary is politically controversial in Turkey.",,,,,,,
reddit-turkishlearning,r/turkishlearning,https://www.reddit.com/r/turkishlearning/,turkish,turkish,community,beginner|intermediate|advanced,,grammar|vocabulary|reading,free,3,,q-and-a,The main English-language community for Turkish learners' questions.,"The default place to post a sentence you can't parse, ask why a suffix behaves oddly, or get resource recommendations checked by people who have used them; native speakers answer regularly. Useful precisely for the questions dictionaries and grammars leave unresolved. Traffic is moderate rather than large, so expect answers in hours rather than minutes, and quality varies with who happens to reply.",,,,,,,
sesli-sozluk,Sesli Sözlük,https://www.seslisozluk.net/,turkish,turkish,dictionary,beginner|intermediate,A1–B2,vocabulary|pronunciation|listening,freemium,3,,audio,Bilingual dictionary whose entries come with real recorded audio.,"The selling point is in the name — headwords and many example sentences carry recorded native audio, so it answers 'how is this actually said' rather than only 'what does it mean'. That makes it a good companion to Tureng, which is stronger on coverage but silent. The free web version is heavily ad-supported and a paid tier removes ads and unlocks extras; the definitions themselves are thinner than TDK's.",,,,,,,
tdk-sozluk,TDK Sözlükleri (sozluk.gov.tr),https://sozluk.gov.tr/,turkish,turkish,dictionary,intermediate|advanced,B1–C2,vocabulary|reading|writing,free,5,,monolingual|official,"The official Turkish Language Association dictionaries, free and ad-free.","The Türk Dil Kurumu's portal bundles the current monolingual dictionary (12th edition, 2023) with a proverbs-and-idioms dictionary of several thousand entries, an etymological dictionary, spelling guide, science and arts terminology and a Turkish Sign Language dictionary. It is the authority Turkish speakers themselves cite for spelling and usage questions. Everything is monolingual Turkish, so you need roughly B1 to get value from it. Free, no ads, with an official mobile app.",,,,,,,
teacher-ali-yilmaz,Teacher Ali Yılmaz,https://www.youtube.com/@teacheraliyilmaz,turkish,turkish,youtube,beginner|intermediate,A2–B2,listening|grammar|vocabulary,free,2,comprehensible-input,turkish-only,"A Turkish teacher explaining Turkish in Turkish, with near-daily uploads.","Ali Yılmaz teaches 'yabancılar için Türkçe' almost entirely in Turkish, mixing vocabulary vlogs (a car wash, a market) with 'hangisi doğru?' mini-quizzes on the mistakes learners actually make. Uploading several times a week as of August 2026, so the archive is large and current. Because he speaks Turkish throughout, it works from roughly A2 up rather than from zero, and there is no lesson ordering to follow — you dip in by topic. He also advertises private lessons via WhatsApp.",,,,,,,
tureng,Tureng,https://tureng.com/en/turkish-english,turkish,turkish,dictionary,intermediate|advanced,B1–C2,vocabulary|reading|writing,free,4,,turkish-english,"The Turkish–English dictionary translators actually use, strong on technical terms.","Tureng's distinguishing feature is breadth of specialist vocabulary — legal, medical, engineering and business senses are tagged by domain, alongside multi-word phrases and collocations that a general dictionary omits. That makes it the right tool once you are reading real Turkish text rather than course material. It is free and ad-supported, with mobile apps. Weaknesses: little usage guidance or example sentences, and the sheer number of domain-tagged senses can bury the everyday meaning.",,,,,,,
turkish-comprehensive-grammar,Turkish: A Comprehensive Grammar (Göksel & Kerslake),https://www.routledge.com/Turkish-A-Comprehensive-Grammar/Goksel-Kerslake/p/book/9781138350533,turkish,turkish,book,intermediate|advanced,B1–C2,grammar|reading|writing,paid,3,grammar-reference,reference-grammar,The standard English-language descriptive grammar of modern Turkish.,"Aslı Göksel and Celia Kerslake's reference grammar, revised for a second edition, is what linguists and serious learners reach for when a course book's explanation runs out — full coverage of the suffix system, evidentiality, subordination and word order, with abundant real examples. It is organised by structure rather than by lesson, so you look things up in it, you do not read it front to back. Expensive at list price; earlier printings turn up much cheaper secondhand.",,,,,,,
turkish-journey,Turkish Journey,https://yourturkishjourney.com/,turkish,turkish,website|youtube|podcast,beginner|intermediate,A1–B1,grammar|listening|reading,freemium,2,grammar-reference,,"Sercan's methodical grammar articles, with audio versions as a podcast.","A one-person project by Sercan, a native speaker and engineer, covering Turkish grammar (cases, conjugation, adjectives) in written articles that are mirrored as YouTube videos and again as a podcast of over a hundred episodes — useful if you'd rather listen to a grammar explanation than read it. The site and videos were both active in mid-2026. Verb-conjugation e-books are paid. As a solo effort, coverage is uneven and stops well short of advanced.",https://podcasts.apple.com/us/podcast/turkish-journey/id1750330698,,https://media.rss.com/turkishjourney/feed.xml,,,https://www.youtube.com/@turkishjourney,
turkish-tea-time,Turkish Tea Time,https://turkishteatime.com/,turkish,turkish,podcast|course,beginner|intermediate|advanced,A1–C1,listening|grammar|vocabulary,freemium,3,structured-course,archive|graded,A 130+ episode graded lesson archive across five levels — no longer updated.,"Hosted by a mix of learners, teachers and natives, the podcast rotates through five difficulty bands from absolute beginner to advanced, with each episode built around a dialogue and a grammar point. New episodes stopped years ago and the site's press mentions date to around 2016, but the archive remains one of the best-structured Turkish audio libraries anywhere and the site still serves it. Podcast episodes are free; the vocabulary sheets, quizzes and speech-recognition drills need a subscription.",,,,,,https://www.youtube.com/channel/UCV1kVIDeljeFOBjX9yye4PQ,
turkish-textbook,TurkishTextbook.com,https://www.turkishtextbook.com/,turkish,turkish,website,beginner|intermediate,A1–B2,grammar|reading|vocabulary,free,3,grammar-reference,grammar-reference,"Free grammar reference written by Turkish speakers, organised by topic.","A free reference site covering grammar, vocabulary, listening and culture, with the stated aim of explaining Turkish on its own terms instead of translating English grammar categories onto it — helpful for suffix chains and cases, where most English-language material goes vague. All topics are readable without an account; registering only saves progress. The newest lessons date from 2025, so treat it as a stable reference rather than a growing course.",,,,,,,
turkishclass-com,TurkishClass.com,https://www.turkishclass.com/,turkish,turkish,website|community,beginner|intermediate,A1–B1,grammar|reading|vocabulary,free,3,structured-course,archive|forum,Free graded lessons plus a long-running translation-help forum.,"A veteran free site with lessons sequenced from Beginner 1 to Intermediate 1, vocabulary lists, stories and a dictionary, but its real value now is the forum, where natives still answer translation and grammar questions. Editorial content is effectively frozen — news posts stop in 2022 and the columns date from 2010–2013 — so treat the lessons as a stable archive rather than a maintained course. Everything, including the forum, is free after a free sign-up.",,,,,,,
turkishclass101,TurkishClass101,https://www.turkishclass101.com/,turkish,turkish,course|podcast|app,beginner|intermediate|advanced,A1–C1,listening|vocabulary|grammar|reading,freemium,4,structured-course,,"The biggest structured Turkish audio-lesson library, absolute beginner to advanced.","Innovative Language's Turkish arm, with a decade-plus of dialogue-based audio and video lessons organised into level pathways, each with a PDF transcript, line-by-line breakdown and SRS flashcards. Its main advantage over the app-store giants is sheer depth of listening material at graded levels, including genuinely advanced content. The free lifetime account unlocks only a slice, most lessons sit behind a subscription, and the site pushes upgrade offers hard. The public podcast feed was still publishing in August 2026.",https://podcasts.apple.com/us/podcast/learn-turkish-turkishclass101-com/id535704693,,https://www.turkishclass101.com/wp-feed-audio-video.php,,,https://www.youtube.com/@TurkishClass101,
turkishle,Turkishle,https://turkishle.com/,turkish,turkish,youtube|course,beginner|intermediate,A1–B1,vocabulary|pronunciation|listening,freemium,3,,,"Can's high-energy Istanbul channel: short clips on words, sounds and daily life.","Founded by Can in Istanbul, this is the largest Turkish-learning channel outside the Pod101 empire, posting near-daily short videos on pronunciation traps, everyday vocabulary and cultural habits. The pace and humour make it easy to keep watching, which is most of the battle early on. The paid Turkish Master Courses on the site are the structured part; the free YouTube output is deliberately snackable and does not add up to a syllabus, so pair it with something sequential.",,,,,,https://www.youtube.com/@Turkishle,
yunus-emre-turkce,Yunus Emre Institute — Learn Turkish,https://turkce.yee.org.tr/en/,turkish,turkish,course|youtube,beginner|intermediate,A1–B2,grammar|listening|reading|vocabulary,free,3,structured-course,,Turkey's state cultural institute's free Turkish course portal and grammar videos.,"Yunus Emre Enstitüsü is Turkey's official cultural institute, and its learning portal plus very active YouTube channel deliver a free, level-tagged path through Turkish grammar — the channel was posting B1 topics (dilek kipi, -DIkçA, -DIğI sürece) several times a week in August 2026. Being state-funded, there is nothing to buy and no upsell. Caveats: the portal's interface is clunky and registration-driven, and its TLS certificate chain is incomplete, so some browsers and tools flag the site even though it loads normally in Chrome.",,,,,,https://www.youtube.com/@yeeorgtr,
chytanka-ukrainian,ЧИТАНКА,https://www.youtube.com/@mychytanka,ukrainian,ukrainian,youtube|media,advanced,B2–C2,listening|reading|immersion,free,2,authentic-media,native-content|literature,Ukrainian literature explained to Ukrainians — native-speed content worth graduating to.,"Not a learning channel at all: a well-made Ukrainian video essay series about Ukrainian literature, its censorship under Soviet rule and the writers school made boring. That is exactly why it is valuable once you are past B2 — natural pace, rich vocabulary, and subject matter that repays the effort with real cultural literacy. Free, actively publishing through 2026. Expect no concessions to learners: no subtitles aimed at you, no slowing down.",,,,,,,
dobra-forma,Dobra Forma,https://opentext.ku.edu/dobraforma/,ukrainian,ukrainian,website|course,beginner|intermediate,A1–B1,grammar|writing,free,2,structured-course,open-educational-resource|cases,University of Kansas open textbook drilling Ukrainian cases and verb forms.,"A free open-access grammar workbook focused squarely on Ukrainian morphology — the seven cases, aspect, verbs of motion — with explanations followed by interactive practice rather than prose alone. It is the resource to reach for when the case endings stop making sense and a podcast is not enough. Hosted by KU Libraries and stable, though the presentation is plain and there is no audio to speak of. Use it as a companion to a communicative course, not as a standalone way in.",,,,,,,
e2u-dictionaries,e2u.org.ua (English–Ukrainian Dictionaries),https://e2u.org.ua/,ukrainian,ukrainian,dictionary,intermediate|advanced,A2–C2,vocabulary|writing|reading,free,2,,bilingual,"Searches eleven English–Ukrainian dictionaries at once, including technical ones.","A volunteer project that queries around a dozen English-Ukrainian dictionaries simultaneously and shows the results side by side, which is genuinely useful when a word has several plausible translations and you want to see which sources agree. It leans scholarly and includes specialised and technical vocabularies you will not find in app dictionaries. The sister site r2u.org.ua does the same for Russian-Ukrainian and hosts a spelling checker. Free, but the interface is utilitarian and Ukrainian-only.",,,,,,,r2u.org.ua=https://r2u.org.ua/
five-minute-ukrainian,5 Minute Ukrainian,https://www.ukrainianlessons.com/fmu/,ukrainian,ukrainian,podcast,beginner,A0–A2,listening|speaking|vocabulary,freemium,3,audio-method,bite-sized,Sixty bite-sized episodes drilling one everyday conversation at a time.,"The gentler sibling of the main Ukrainian Lessons podcast: 60 short lessons, each built around a single practical exchange with plenty of repetition and pauses for you to speak. It works well as a first contact with the language or as a low-effort daily habit alongside a heavier course. The series completed in 2021, so nothing new is coming, but beginner phrasebook material dates slowly. Free to listen; the lesson notes are part of the Premium membership.",https://podcasts.apple.com/us/podcast/5-minute-ukrainian-learn-ukrainian-one-conversation/id1532711571,,https://rss.buzzsprout.com/1370695.rss,,,,
goroh-dictionary,Горох (Goroh),https://goroh.pp.ua/,ukrainian,ukrainian,dictionary|tool,intermediate|advanced,B1–C2,vocabulary|reading|writing|pronunciation,free,3,,monolingual|inflection,"The best all-in-one Ukrainian reference: definitions, inflection, etymology, synonyms.","Goroh pulls definitions, full declension and conjugation tables, transcription, synonyms, phraseology, etymology and rhymes into a single lookup, which makes it far more practical than consulting several dictionaries in turn. The inflection tables alone justify bookmarking it when you are wrestling with noun endings. Everything is in Ukrainian with no English interface, so it becomes usable somewhere around B1. Free and maintained by volunteers.",,,,,,,
immersive-ukrainian-hanna,Immersive Ukrainian with Hanna,https://www.youtube.com/@Ukrainian.Language,ukrainian,ukrainian,youtube,beginner|intermediate,A1–B1,listening|vocabulary|immersion,free,2,comprehensible-input,comprehensible-input,"Short story-based Ukrainian videos with visual support, aimed at absolute beginners up.","Hanna teaches through pictures, gesture and repetition rather than English explanation, which lets the videos work from a much lower level than most immersion content — several are pitched at people in their first weeks. Formats vary from six-minute stories to guessing games that quietly drill vocabulary. Uploads continued through August 2026 and the channel is free. If you want grammar rules stated explicitly in English, this is not that channel.",,,,,,,
learn-ukrainian-viktoriia,Learn Ukrainian with Viktoriia,https://podcasts.apple.com/us/podcast/learn-ukrainian-with-viktoriia/id1699940339,ukrainian,ukrainian,podcast,beginner|intermediate,A1–B1,listening|vocabulary|grammar,free,2,,bite-sized,Over 100 short episodes mixing everyday vocabulary with clear grammar points.,"Viktoriia works through practical topics and grammar in short episodes, using enough English early on that a near-beginner can follow, then shifting toward Ukrainian as the levels climb. With 100+ episodes released through mid-2026 it is one of the more substantial actively-produced Ukrainian learner podcasts. Free to listen. Audio is home-studio quality and episode ordering is loose, so browse rather than starting at episode one.",https://podcasts.apple.com/us/podcast/learn-ukrainian-with-viktoriia/id1699940339,,https://anchor.fm/s/c64053b4/podcast/rss,,,https://www.youtube.com/c/SpazioGrigio,
podorozhi-ua,PodorozhiUA,https://podorozhiua.com/,ukrainian,ukrainian,course|book,beginner,A1–A2,reading|grammar|vocabulary|listening,free,2,structured-course,open-educational-resource|structured-course,Free university e-textbook: 26 units of Ukrainian for English speakers.,"An open-access introductory course by Alla Nedashkivska and Olena Sivachenko (University of Alberta), structured as 26 'trips' through contemporary Ukrainian language and culture with quizzes, a glossary, grammar reference and verb tables. Because it was written for university classrooms it is more systematic about cases and conjugation than most free web courses. Self-learners can use everything at no cost, though without an instructor you lose the assignment layer. Best for someone who wants a real syllabus rather than scattered lessons.",,,,,,,
reddit-r-ukrainian,r/Ukrainian,https://www.reddit.com/r/Ukrainian/,ukrainian,ukrainian,community,beginner|intermediate|advanced,,writing|reading|grammar|vocabulary,free,4,,q-and-a,Active learner community where native speakers answer translation and usage questions.,"The main English-language gathering point for Ukrainian learners, with native speakers reliably answering 'why this ending' and 'how would you actually say this' questions, plus recurring resource threads. Useful for resolving the specific doubts no textbook covers and for sanity-checking sentences you have written. Free. As with any subreddit the answer quality varies and Russian-Ukrainian comparison threads can get heated.",,,,,,,
slow-ukrainian-yevhen,Slow Ukrainian with Yevhen,https://www.youtube.com/@slowukrainian,ukrainian,ukrainian,youtube|podcast,beginner|intermediate,A2–B1,listening|vocabulary|immersion,free,3,comprehensible-input,comprehensible-input|subtitles,"Simple stories told slowly in Ukrainian, with subtitles — 200+ episodes and still going.","Comprehensible-input done properly: Yevhen narrates short, genuinely interesting stories at a deliberately reduced pace, with on-screen subtitles so you can read along when your ear falls behind. Over 200 episodes exist across YouTube and the podcast feed, with new ones through August 2026. It becomes usable earlier than most immersion channels — roughly A2 — and stays worthwhile into B1. Free on both platforms; there is no structured grammar teaching here by design.",https://podcasts.apple.com/us/podcast/slow-ukrainian-with-yevhen/id1626308911,,https://anchor.fm/s/973b404c/podcast/rss,,,,Podcast=https://podcasts.apple.com/us/podcast/slow-ukrainian-with-yevhen/id1626308911
sluhay-audiobooks,Слухай (Sluhay),https://sluhay.com.ua/,ukrainian,ukrainian,media,intermediate|advanced,B1–C2,listening|immersion|vocabulary,free,2,authentic-media,audiobooks|native-content,"Free Ukrainian audiobook library — prose, poetry, fairy tales and school classics.","A donation-funded library of Ukrainian-language audiobooks spanning poetry, short stories, novels and children's fairy tales, with progress tracking and favourites if you make an account. Fairy tales and shorter prose are a realistic on-ramp at B1; the literary catalogue is native-level listening. Free, with no subscription — support is via voluntary contributions. Recording quality varies between titles since much of it is volunteer-narrated.",,,,,,,
speak-ukrainian-lingva,SpeakUkrainian (Lingva.Skills),https://ukr.lingva.ua/,ukrainian,ukrainian,course|website,beginner|intermediate,A1–B1,listening|reading|vocabulary|speaking,free,3,structured-course,government|interactive,"Ukraine's national language platform: ~100 interactive lessons, free certificate.","Built by Skills Academy for the Ministry of Culture and Information Policy, this is the state-backed platform for learning Ukrainian, organised into 25 everyday themes and roughly 100 lessons of dialogues, video and exercises. It deliberately teaches through situations rather than grammar tables, which makes it approachable but leaves gaps you will need a grammar reference to fill. Completely free including the certificate, and there is an English-facing version for foreigners. The interface feels dated in places and some media loads slowly from outside Ukraine.",,,,,https://play.google.com/store/apps/details?id=free.langame_ua.rivex,,
speak-ukrainian-school,Speak Ukrainian,https://speakua.com/,ukrainian,ukrainian,tutoring|course|youtube,beginner|intermediate|advanced,A1–C1,speaking|listening|grammar,paid,2,structured-course|conversation-practice,speaking-practice,"Established online Ukrainian school: small-group courses, 1-on-1 lessons, speaking club.","One of the larger dedicated Ukrainian schools for foreigners, running levelled group courses, private lessons, short conversation sessions and a kids' programme with a sizeable teaching staff. It is the straightforward option when self-study has stalled and you need someone correcting you. Its YouTube channel publishes free comprehensible-input and tips videos and was active through August 2026, and there is a free placement test. Course pricing is not listed publicly — you have to request a consultation, which is worth factoring in.",,,,,,https://www.youtube.com/c/SpeakUkrainian,
sum20-dictionary,СУМ-20 (Academic Dictionary of Ukrainian),https://sum20ua.com/,ukrainian,ukrainian,dictionary,advanced,B2–C2,vocabulary|reading,free,3,,monolingual|academic,"The official 20-volume academic dictionary of Ukrainian, online and free.","Published by the Ukrainian Lingua-Information Foundation of the National Academy of Sciences, this is the authoritative monolingual dictionary — the one to cite when you need a definitive answer about a word's meaning or usage. Note that the widely-linked sum.in.ua is an unofficial copy of older volumes; this is the sanctioned, maintained edition. Entirely in Ukrainian and written for native-level users, so it is an advanced tool rather than a learning aid. Free to search.",,,,,,,
ukr-lifehacks-edera,Лайфхаки з української мови (EdEra),https://ukr-lifehacks.ed-era.com/,ukrainian,ukrainian,book|website,advanced,B2–C2,grammar|writing|reading,free,3,grammar-reference,reference|orthography,"Free online Ukrainian grammar and orthography handbook, 16 sections.","EdEra's open handbook covers Ukrainian phonetics, word formation, every part of speech, punctuation and text style across sixteen sections — effectively a complete reference grammar you can search. It was written for Ukrainian school students preparing for the national ZNO exam, which means it assumes you already speak the language and focuses on correctness. That makes it superb for advanced learners and heritage speakers cleaning up their written Ukrainian, and largely useless as a first course. Free and in Ukrainian only.",,,,,,,
ukrainian-alphabet-guide,Ukrainian Alphabet Guide,https://www.ukrainianlessons.com/ukrainian-alphabet/,ukrainian,ukrainian,website,beginner,A0–A1,reading|pronunciation,free,2,,cyrillic|writing-system,Free walkthrough of all 33 Cyrillic letters with audio for each sound.,"A single page that gets you reading Ukrainian Cyrillic, with recorded pronunciation for every letter and explicit warnings about the letters that differ from Russian (і, ї, є, ґ and the г/ґ distinction). Working through it takes an evening and removes the biggest early barrier for learners coming from a Latin alphabet. Entirely free with no signup. Pair it with a handwriting resource if you also want to write by hand, which this page does not teach.",,,,,,,
ukrainian-comprehensive-grammar,Ukrainian: A Comprehensive Grammar,https://www.routledge.com/Press-Pugh/p/book/9780415150309,ukrainian,ukrainian,book,intermediate|advanced,B1–C2,grammar|reading|writing,paid,3,grammar-reference,reference,Ian Press and Stefan Pugh's reference grammar — the standard English-language one.,"The most complete description of Ukrainian grammar available in English, covering morphology and syntax in the systematic detail that learner courses compress or skip. It is a reference to consult, not a book to read front to back, and it expects you to already know basic terminology. Worth owning once you are past the beginner stage and want authoritative answers about aspect, government of verbs or case usage. Expensive, and the presentation is dry academic prose.",,,,,,,
ukrainian-lessons-podcast,Ukrainian Lessons Podcast,https://www.ukrainianlessons.com/thepodcast/,ukrainian,ukrainian,podcast|course,beginner|intermediate|advanced,A1–B2,listening|grammar|vocabulary|pronunciation,freemium,4,structured-course,structured-course|transcripts,"Anna Ohoiko's 240-episode structured audio course, the backbone of Ukrainian self-study.","Six seasons that climb from the alphabet to B2 discussion, each episode pairing a dialogue with grammar and cultural commentary — it is the closest thing Ukrainian has to a complete free audio curriculum. The final episode landed in July 2024, so treat it as a finished archive rather than an ongoing show; that also means the whole arc is available to binge in order. All 240 episodes are free; transcripts, translations and flashcards sit behind the paid Premium membership. If you only pick one Ukrainian resource, this is the usual answer.",https://podcasts.apple.com/us/podcast/ukrainian-lessons-podcast-for-everyone-who-learns-and/id1128346151,,https://rss.buzzsprout.com/1370836.rss,,,,
ukrainian-up-podcast,Ukrainian Up,https://podcasts.apple.com/us/podcast/ukrainian-up-your-graded-podcast-for-learning-ukrainian/id1778859408,ukrainian,ukrainian,podcast,beginner|intermediate,A2–B1,listening|vocabulary,free,2,comprehensible-input,graded,Graded Ukrainian podcast where each episode is labelled by level.,"Tutor Larissa's show grades every episode so you can pick material that sits just above your current level instead of guessing — the thing most learner podcasts fail to do. Around 30 episodes exist, with the most recent from late 2025, so it is a compact archive rather than a weekly habit. Free on the usual podcast apps. Best used to bridge the gap between beginner phrase courses and full-speed comprehensible input.",https://podcasts.apple.com/us/podcast/ukrainian-up-your-graded-podcast-for-learning-ukrainian/id1778859408,,https://anchor.fm/s/fd32e06c/podcast/rss,,,,
ukrainiancourse-com,UkrainianCourse.com,https://www.ukrainiancourse.com/,ukrainian,ukrainian,website|course,beginner|intermediate,A1–B1,grammar|reading|listening|vocabulary,free,2,structured-course,cases|audio,"Free lessons with audio, plus a dedicated course on the Ukrainian case system.","A no-signup site collecting alphabet lessons, graded texts and dialogues with audio, and — most usefully — a standalone course working through the cases one at a time. There is also a section using Ukrainian songs as listening material. It is the work of an individual rather than an institution, so coverage is uneven and some sections are thinner than others. Good free supplementary practice, particularly if cases are your sticking point.",,,,,,,
ukrainianlanguage-uk,UkrainianLanguage.uk,https://ukrainianlanguage.uk/,ukrainian,ukrainian,website|course,beginner|intermediate,A1–B1,reading|vocabulary|pronunciation|grammar,free,2,structured-course,reading-course|stress,"Free British-made collection: a reading course, stress guide and themed vocabulary.","A quietly excellent non-commercial site whose standout piece is a beginners' reading course that takes you from decoding Cyrillic to handling real sentences, alongside themed vocabulary lists and an unusually good guide to Ukrainian word stress. There is also niche material for researchers and a legal English-Ukrainian reference. Everything is free with no accounts. The design is spartan and navigation is old-fashioned, so it rewards a bit of clicking around.",,,,,,,
ukrainianpod101,UkrainianPod101,https://www.ukrainianpod101.com/,ukrainian,ukrainian,course|podcast|app,beginner|intermediate,A1–B1,listening|vocabulary|grammar,freemium,3,structured-course,dialogues,"Big dialogue-and-drill library from the Pod101 network, still publishing in 2026.","The usual Pod101 formula: hundreds of recorded dialogues with line-by-line breakdowns, vocabulary lists, flashcards and PDF notes, plus a YouTube arm that posted through August 2026. Its strength is sheer volume of listening material at the lower levels and the polish of the audio. The weakness is structure — lessons are organised into pathways but the sequencing is loose, so it suits topping up an existing plan better than being your only course. Free tier is limited and the site pushes hard on discounted subscriptions.",,,,,,,
verba-school-ukrainian,VERBA School,https://www.youtube.com/@VERBA_SCHOOL,ukrainian,ukrainian,youtube|course,beginner|intermediate,A1–B1,grammar|vocabulary|speaking,freemium,2,grammar-reference,grammar-explained,Ukrainian grammar and culture explained in English by a working language school.,"VERBA's channel does the explanatory half that the immersion channels skip: verb groups, case usage, word-building, delivered in clear English with Ukrainian examples and a strong thread of cultural context. Videos are tagged by CEFR level, which makes it easy to find material that actually fits you. YouTube content is free; the school's actual courses and one-to-one lessons are paid. Upload pace slowed during 2026, so treat the back catalogue as the main draw.",,,,,,,
yedyni-movni-kursy,Рух Єдині (Yedyni),https://yedyni.org/,ukrainian,ukrainian,course|community,intermediate|advanced,B1–C2,speaking|listening|writing,free,3,structured-course|conversation-practice,speaking-practice|heritage-learners,"Free 28-day switching course plus speaking clubs, run by a Ukrainian NGO.","Yedyni's flagship is a free 28-day programme of daily tasks, materials and mentor support designed to move Russian-speaking Ukrainians into using Ukrainian every day, backed by online and in-person speaking clubs and webinars. The speaking-club network is the real prize — sustained conversation practice with native speakers at no cost. Everything runs in Ukrainian with no English scaffolding, so it suits heritage speakers and confident B1+ learners rather than beginners. Some paid advanced courses exist alongside the free track, and participation is restricted by nationality.",,,,,,https://www.youtube.com/channel/UCP38C0jxC8aNbW34eBoQKJw,
actually-understand-vietnamese,Actually Understand Vietnamese,https://actuallyunderstandvietnamese.com/,vietnamese,vietnamese,youtube|website,beginner|intermediate,A1–B1,listening|immersion|vocabulary,free,2,comprehensible-input,comprehensible-input,"Slow, subtitled Vietnamese videos filmed in real places — markets, beaches, streets.","Comprehensible-input videos built from everyday scenes around Vietnam, graded beginner to upper-beginner and subtitled, with the whole library free on the site and YouTube and a Patreon for people who want to fund it. Filming in real locations means you pick up the vocabulary you will actually need in a market or a café rather than textbook set-pieces. Much of it is filmed around Đà Nẵng, so expect central and southern speech; the catalogue thins out above upper-beginner.",,,,,,https://www.youtube.com/channel/UCiJJCAigdFRvR1CfH25IIbg,
elementary-vietnamese-ngo,Elementary Vietnamese (Ngô Như Bình),https://www.tuttlepublishing.com/vietnam/elementary-vietnamese-9780804855150,vietnamese,vietnamese,book,beginner|intermediate,A1–B1,grammar|reading|writing|listening,paid,3,structured-course,textbook|northern-vietnamese,"The standard university Vietnamese textbook, with printable exercises and audio.","Written by Harvard's Vietnamese program head, this is the textbook most US university courses use: thorough grammar explanations, dialogues, drills and downloadable audio, taking a beginner to a comfortable intermediate over roughly two years of coursework. If you want a systematic backbone rather than scattered videos, this is it. It teaches the Northern standard with notes on Southern variants, and it is dense enough that self-learners should pair it with a tutor or an input channel.",,,,,,,
go-vietnamese,Go Vietnamese,https://www.go-vietnamese.com/,vietnamese,vietnamese,podcast|tutoring|course,beginner|intermediate,A1–B1,listening|speaking|vocabulary,freemium,2,comprehensible-input|conversation-practice,podcast|central-vietnamese,Đà Nẵng school whose story-based podcast comes in slow and normal-speed versions.,"A small language school in Đà Nẵng that publishes a free podcast built around short stories and conversations, with transcripts and dual-pace audio so you can hear the same content slowed down and then at speed. The Central and Southern flavour of the speech is a useful counterweight to the Hanoi-standard material that dominates textbooks. Lessons and programmes are paid, and the free catalogue is modest compared with the bigger platforms.",https://podcasts.apple.com/us/podcast/go-vietnamese/id1592500659,,https://anchor.fm/s/6be9b3b0/podcast/rss,,,https://www.youtube.com/c/GoVietnameseLanguageLessons,
lazy-vietnamese,Lazy Vietnamese,https://www.youtube.com/@VietnameseComprehensibleInput,vietnamese,vietnamese,youtube,beginner|intermediate,A1–B2,listening|immersion|vocabulary,free,3,comprehensible-input,comprehensible-input|northern-vietnamese,"Graded comprehensible-input videos in Vietnamese, labelled A1 through B2.","One of the most consistent free comprehensible-input channels for Vietnamese: everyday topics and interviews delivered in clear Vietnamese with visual support, each video tagged with a CEFR-ish level so you can find material just above your comfort zone. Still uploading regularly as of August 2026. The teacher speaks Northern Vietnamese, so pair it with Southern material if Saigon is where you are headed.",,,,,,,
learn-vietnamese-with-annie,Learn Vietnamese With Annie,https://learnvietnamesewithannie.com/,vietnamese,vietnamese,youtube|course|podcast,beginner|intermediate,A1–B1,listening|pronunciation|speaking|vocabulary,freemium,3,pronunciation-training,southern-vietnamese,"Southern-dialect lessons that teach how Vietnamese is actually spoken, not written.","Annie's long-running channel and site teach Southern Vietnamese from real materials — songs, adverts, street speech — with explicit comparisons of Northern and Southern pronunciation so you know which form you are hearing. She is unusually good at the vowel and consonant differences learners get wrong. YouTube and the podcast are free while structured courses on the site are paid; upload pace has slowed, so treat the archive as the main value.",https://podcasts.apple.com/us/podcast/learn-vietnamese-with-annie-youtube-show/id1574252830,,https://anchor.fm/s/61007114/podcast/rss,,,https://www.youtube.com/@LearnVietnameseWithAnnie,
lilian-vietnamese,Lilian Vietnamese,https://www.youtube.com/@LilianVietnamese,vietnamese,vietnamese,youtube,beginner|intermediate,A1–B1,listening|immersion|vocabulary,free,2,comprehensible-input,comprehensible-input,Numbered beginner-to-intermediate input lessons on Vietnamese life and festivals.,"A tidy, sequentially numbered comprehensible-input series — Beginner 01, 02, … then Intermediate — covering culture, Tết traditions and daily life in clear Vietnamese with visuals. The numbering makes it one of the easiest input channels to work through in order, which matters when most channels dump videos in a random feed. Uploads are occasional rather than weekly (most recent in early 2026), so it is a supplement, not a spine.",,,,,,,
more-vietnamese,More Vietnamese,https://morevietnamese.com/,vietnamese,vietnamese,website,beginner|intermediate,,grammar|pronunciation|vocabulary,free,3,,blog|dialects,The longest-running Vietnamese learning blog — start with its dialect-choice guide.,"Thảo has been writing about learning Vietnamese since 2013, and the archive answers the questions beginners actually get stuck on: which dialect to pick, how tone marks behave in speech, why your pronunciation is not landing, and which resources are worth the money. It is free, ad-light and opinionated in a useful way. It is a blog, not a course, and posting has slowed since she left Vietnam, so treat it as a reference library.",,,,,,,
nutty-vietnamese,Nutty Vietnamese,https://nuttyvietnamese.com/,vietnamese,vietnamese,website|course,beginner,A1,pronunciation|listening|reading,free,2,pronunciation-training,tones|pronunciation|writing-system,"Free browser lessons on the six tones and the Vietnamese alphabet, no signup.","A small, focused site that walks absolute beginners through the alphabet, the six tones and basic pronunciation with audio and interactive practice, then adds topic lessons such as greetings and introductions. Tones are the wall every Vietnamese learner hits first, and doing this before any phrasebook saves months of being misunderstood. There is no account or paywall; equally, there is no depth beyond the beginner stage.",,,,,,,
phospeak,PhoSpeak,https://phospeak.com/,vietnamese,vietnamese,app|tool,beginner|intermediate,A1–B1,pronunciation|listening|speaking,freemium,2,pronunciation-training,tones|northern-vietnamese,Listening-and-tone app with instant feedback on your production of the six tones.,"A mobile app built by a Vietnamese teacher around tone practice with immediate feedback, plus graded listening, native-speaker video conversations and structured lessons. Automated feedback on tone production is genuinely hard to get outside a tutor, and this is one of the few tools attempting it for Vietnamese. It teaches the Northern accent, the app is newer and smaller than the big platforms, and full access is paid after a trial.",,,,https://apps.apple.com/us/app/phospeak/id6753764350,https://play.google.com/store/apps/details?id=com.phospeak,,
reddit-learnvietnamese,r/learnvietnamese,https://www.reddit.com/r/learnvietnamese/,vietnamese,vietnamese,community,beginner|intermediate|advanced,,grammar|vocabulary|pronunciation,free,4,,forum,Learner forum with the running master lists of free Vietnamese resources.,"The main English-language community for Vietnamese learners: native speakers answer tone and usage questions, and the pinned and recurring resource master-lists are how most people find the good free material in a language with a thin published market. Dialect debates (Northern versus Southern) come up constantly and are worth reading once, then ignoring. Traffic is lower than the big language subreddits, so answers can take a day.",,,,,,,r/Vietnamese=https://www.reddit.com/r/Vietnamese/
seasite-vietnamese,SEAsite Vietnamese (Northern Illinois University),https://seasite.niu.edu/vietnamese/,vietnamese,vietnamese,course|website,beginner,A1–A2,pronunciation|listening|vocabulary|reading,free,3,structured-course|pronunciation-training,university|pronunciation,Free academic site: 20 spoken-Vietnamese lessons and an interactive sound guide.,"NIU's Southeast Asian studies archive includes twenty lessons in spoken Vietnamese, an interactive pronunciation guide covering every consonant, vowel and tone with audio, flashcards, matching exercises and culture pages. The pronunciation guide in particular is still one of the clearest free explanations of the Vietnamese sound system. The site is visibly an early-2000s artefact — frames, font notes, occasional broken media — so use it for the audio reference, not as a modern course.",,,,,,,
svff,SVFF — Southern Vietnamese For Foreigners,https://svff.online/,vietnamese,vietnamese,course|app|podcast,beginner|intermediate|advanced,A0–C2,listening|speaking|pronunciation|vocabulary,freemium,3,structured-course|comprehensible-input,southern-vietnamese,"The most complete Southern Vietnamese curriculum, A0 to C2, with slow-speech podcasts.","A full course ladder from a pronunciation-only level 00 through A1–A2, B1–B2 and C1–C2, combining textbooks, video courses, graded 'Slow Vietnamese' podcasts, flashcards and optional live or AI tutoring. Almost nothing else takes Southern Vietnamese seriously across the whole range, which is why it stands out for anyone living in or heading to Ho Chi Minh City. There is a free trial and some free speaking material, but the substance is subscription-based, and Northern and Huế tracks are much thinner than the Southern one.",,https://open.spotify.com/show/1pirxfPqZJotEh4pynrRFo,,https://apps.apple.com/us/app/svff-online/id1545587066,https://play.google.com/store/apps/details?id=info.svff.svff_online,,
tieng-viet-123,Tiếng Việt 123 (123Vietnamese),https://123vietnamese.com/,vietnamese,vietnamese,book|course|tutoring,beginner|intermediate,A1–B1,speaking|grammar|reading,paid,3,structured-course|conversation-practice,textbook|northern-vietnamese,Hanoi school and its widely used Vietnamese-for-foreigners coursebook series.,"The Tiếng Việt 123 books are a staple of Vietnamese classrooms for foreigners — practical topics, clear progression and exercises designed for teacher-led lessons — and the associated Hanoi centre runs online and in-person classes using them. Good if you want a curriculum a teacher can teach you from rather than a self-study narrative. The material is Northern-dialect and works far better with an instructor than alone, since the books are light on English explanation.",,,,,,,
tieng-viet-oi,Tiếng Việt Ơi,https://www.tiengvietoi.com/,vietnamese,vietnamese,podcast|youtube|tutoring,beginner|intermediate|advanced,A1–B2,listening|speaking|vocabulary,freemium,2,structured-course|conversation-practice,podcast,Vietnamese school with a free podcast and video library plus classes in three cities.,"A Vietnam-based teaching outfit that publishes a genuinely useful free layer — the TVO podcast, video lessons, a beginner alphabet game and a blog — then sells group, private and online classes in Hanoi, Đà Nẵng and Ho Chi Minh City. Recent lessons explicitly cover Northern, Central and Southern variants of the same phrase, which is rare and helpful. Class prices are quote-only, and the free content is scattered across the site, YouTube and podcast apps rather than sequenced.",https://podcasts.apple.com/us/podcast/tieng-viet-oi/id1651060133,https://open.spotify.com/show/52d8ZwFj0ugYWqt4FsVLPb,https://anchor.fm/s/726227a4/podcast/rss,,,https://www.youtube.com/@Tiengvietoi,
vdict,VDict,https://vdict.com/,vietnamese,vietnamese,dictionary|tool,beginner|intermediate|advanced,,vocabulary|reading,free,3,,dictionary,Free English–Vietnamese dictionary with specialist glossaries and example sentences.,"A long-standing bilingual dictionary that most learners in Vietnam end up using: bidirectional lookup, example sentences, and specialist technical glossaries alongside the general one. Coverage of everyday and technical vocabulary is better than the learner-oriented apps. The site is ad-heavy and plainly designed, and it gives you glosses rather than usage guidance — check register with a native speaker before deploying an unfamiliar synonym.",,,,,,,
vietnameselessons-directory,VietnameseLessons.com,https://vietnameselessons.com/,vietnamese,vietnamese,website|community,beginner|intermediate|advanced,,listening|reading|vocabulary,free,2,,directory,"Hand-curated database of ~380 Vietnamese resources, sorted by dialect and level.","A solo-built catalogue of podcasts, channels, textbooks, schools and Anki decks with short descriptions, plus guides on dialects, tones and study order — by far the fastest way to see what exists for Vietnamese, a language whose resources are scattered and hard to find. Free, with no ads or paywall. Some outbound links are affiliate links (disclosed on the site), so read its recommendations as a starting point rather than a verdict.",,,,,,,
vietnamesepod101,VietnamesePod101,https://www.vietnamesepod101.com/,vietnamese,vietnamese,course|podcast|app,beginner|intermediate,A1–B1,listening|vocabulary|speaking,freemium,4,structured-course,dialogues,"Broad dialogue-based lesson library with transcripts, PDFs and word banks.","The usual Innovative Language formula applied to Vietnamese: hundreds of short dialogue lessons broken down in English, with notes, flashcards and an audio dictionary; a free account gives limited access and paid tiers run roughly $4–25 a month depending on plan. It is the largest single structured library for Vietnamese and fine as a listening supplement. Dialect coverage is inconsistent between lessons — check whether a series is Northern or Southern before drilling its pronunciation.",https://podcasts.apple.com/us/podcast/learn-vietnamese-vietnamesepod101-com/id534443508,,https://www.vietnamesepod101.com/wp-feed-audio-video.php,,,,
vitamese,Vitamese,https://vitamese.com/,vietnamese,vietnamese,podcast|course,beginner|intermediate,A1–B2,listening|vocabulary|reading,paid,2,comprehensible-input,southern-vietnamese|podcast,"Southern Vietnamese podcasts at three levels, with transcripts and flashcards.","Tu My's podcast series (VTM1 beginner, VTM2 post-beginner, plus upper-intermediate material) delivers natural, largely unscripted Southern Vietnamese on daily topics, backed by transcripts, articles and flashcard sets. Unscripted speech at a controlled level is exactly what is missing between textbook audio and native podcasts. A seven-day trial and some preview lessons are free; ongoing access, video courses and flashcard packs are paid.",https://podcasts.apple.com/vn/channel/vitameses-podcast/id6475641202,https://open.spotify.com/show/3IXhXqhl0Fn4VVtIFslESq,,,,https://www.youtube.com/@tumy_vietnamese,
vlstudies,Vietnamese Language Studies (VLS),https://vlstudies.com/,vietnamese,vietnamese,tutoring|course,beginner|intermediate|advanced,,speaking|listening|grammar,paid,2,structured-course|conversation-practice,southern-vietnamese|in-person,"Established Ho Chi Minh City school for Southern Vietnamese, in person or online.","A long-running Saigon school offering group and private Vietnamese courses across levels, plus online lessons for people not in Vietnam, with its own materials and a clear level structure. For learners committed to Southern Vietnamese, regular hours with a trained teacher fixes tone and vowel errors that self-study leaves in place for years. It is priced as a private school and, as with any school, the individual teacher makes or breaks the experience.",,,,,,https://www.youtube.com/channel/UCy56t8bvTTDSAbUxQGNUtNQ,
vnexpress,VnExpress,https://vnexpress.net/,vietnamese,vietnamese,media|website,advanced,B2–C1,reading|vocabulary,free,4,authentic-media,news|native-content,Vietnam's most-read news site — free daily reading practice at native level.,"Endless free current-affairs, business and lifestyle articles in standard written Vietnamese, updated all day. Because VnExpress also runs an English edition, you can often read the same story twice and check your comprehension without a teacher. This is unmodified native material: long sentences, Sino-Vietnamese vocabulary and no glossing, so it belongs to the stage after graded readers rather than before.",,,,,,https://www.youtube.com/channel/UCVRqZH5QnrnbMWhElPBD-MQ,
ai-conversation-practice,AI chat as a conversation partner,https://chatgpt.com/,universal,*,tool,beginner|intermediate|advanced,,speaking|writing|grammar|vocabulary,freemium,4,conversation-practice,,"Use an AI chatbot as a patient, free-ish conversation and grammar partner.","Modern assistants (ChatGPT, Claude, Gemini) will roleplay a scenario at your level, correct your writing with explanations, generate graded reading, and hold voice conversations — endlessly patient and available at 2am, which no tutor is. Free tiers are enough for text practice; voice modes generally need a subscription. The caveats are real: models are noticeably weaker and more error-prone in lower-resource languages, they tend to produce bland textbook register rather than how people actually speak, and they will not correct you unless you explicitly ask them to.",,,,,,,
anki,Anki,https://apps.ankiweb.net/,universal,*,app|tool,beginner|intermediate|advanced,,vocabulary,free,5,flashcards,,The gold-standard spaced-repetition flashcard app with community decks for every language.,"Free on desktop, Android and web; the iOS app is a one-off paid purchase that funds the project. The interface is dated and the options are overwhelming at first, but nothing beats it for retaining vocabulary over years. Most effective when you stop grinding premade decks and start mining sentences from things you actually read or watch.",,,,https://apps.apple.com/us/app/ankimobile-flashcards/id373493387,https://play.google.com/store/apps/details?id=com.ichi2.anki,,
assimil,Assimil,https://www.assimil.com/en/,universal,*,book|course,beginner|intermediate,A1–B2,reading|listening|grammar|vocabulary,paid,3,audio-method|structured-course,,Century-old bilingual course books that take you from zero to solid B2.,"Each course is ~100 short bilingual dialogues with native audio: you passively absorb for months, then start an 'active wave' translating back into the target language. Books run around €30 (e-courses ~€50) across 70+ languages, and the method is a long-standing favourite among polyglots for reaching real reading fluency. Caveats: many courses are only published from French, the humour is dated, and it demands daily discipline with no gamification to carry you.",,,,,,,
babbel,Babbel,https://www.babbel.com/,universal,*,app|course,beginner|intermediate,A1–B1,vocabulary|grammar|speaking|listening,paid,5,structured-course,,"Structured dialogue-based courses in 13 languages, built by actual linguists.","Subscription-only after a handful of free intro lessons, typically $10–15/month with big discounts on annual plans. Lessons are short, dialogue-first and explain grammar properly, which makes it a much more serious beginner course than Duolingo. It covers only 13 languages and effectively stops around B1, so it is a stepping stone rather than a destination.",,,,https://apps.apple.com/us/app/babbel-language-learning/id829587759,https://play.google.com/store/apps/details?id=com.babbel.mobile.android.en,https://www.youtube.com/@BabbelPlus,
busuu,Busuu,https://www.busuu.com/,universal,*,app|course,beginner|intermediate,A1–B2,vocabulary|grammar|writing|speaking,freemium,4,structured-course|gamified,,Structured CEFR courses with written corrections from native speakers.,"Covers 14 languages along an explicit CEFR path, and its best feature is the community exchange: you submit short writing or speaking exercises and real native speakers correct them, free of charge, in exchange for you correcting theirs. The free tier is limited to core lessons; Premium unlocks grammar, offline and the full path. A solid Babbel alternative if you specifically want writing practice with human feedback.",,,,https://apps.apple.com/us/app/busuu-language-learning-app/id379968583,https://play.google.com/store/apps/details?id=com.busuu.android.enc,,
clozemaster,Clozemaster,https://www.clozemaster.com/,universal,*,app|tool,intermediate|advanced,A2–C1,vocabulary|reading|grammar,freemium,3,flashcards,,Fill-in-the-blank sentence drills for vocabulary after you know the basics.,"Built on Tatoeba sentences, it drills words in context by frequency band across 50+ languages and 170+ language pairings, with a genuinely generous free tier. It explicitly starts where beginner apps end, so it is the natural 'what now?' answer for someone who finished a Duolingo tree. Sentences are crowd-sourced and occasionally awkward or oddly specific, and it teaches nothing about grammar explicitly.",,,,https://apps.apple.com/us/app/clozemaster-vocabulary-builder/id1149199075,https://play.google.com/store/apps/details?id=com.clozemaster.v2,,
coffee-break-languages,Coffee Break Languages,https://coffeebreaklanguages.com/,universal,*,podcast|course,beginner|intermediate,A1–B2,listening|speaking|grammar|vocabulary,freemium,3,structured-course|audio-method,,"Podcast courses that teach through a real learner's lesson, season by season.","Mark Pentleton teaches a genuine student while you listen in, across French, Spanish, German, Italian, Chinese, Swedish, Portuguese, Japanese and Gaelic. The podcast seasons are free on any podcast app and are structured as a real curriculum rather than scattered episodes; the Academy sells premium lesson notes, video and bonus audio. Ideal commuting material for beginners through B1, and the Spanish and French series are the strongest.",,,,,,,
colloquial-series,Colloquial series (Routledge),https://routledgetextbooks.com/textbooks/colloquial/,universal,*,book|course,beginner|intermediate,A1–B1,reading|grammar|vocabulary|listening,paid,2,structured-course,,Routledge's beginner course books with free downloadable native-speaker audio.,"Over 70 languages, each a step-by-step beginner course written by an experienced teacher, and crucially all the audio is free to download from the companion site even if you find the book secondhand. Slightly more academic and grammar-forward than Teach Yourself, which some learners prefer. Like any book series the individual titles differ in quality; the less common languages are often the only decent course in existence.",,,,,,,
duolingo,Duolingo,https://www.duolingo.com/,universal,*,app,beginner,A1–A2,vocabulary|grammar|reading|listening,freemium,5,structured-course|gamified,,"Gamified daily lessons in 40+ languages; great for habit-building, weak beyond A2.","The free tier is genuinely usable (ads plus a limited 'hearts' system); Super removes both for about $96/yr. Its real value is streak-driven consistency for absolute beginners, and the smaller courses are thin machine-assisted content rather than the polished Spanish or French trees. Treat it as a warm-up habit, not a curriculum — nobody reaches conversational fluency on Duolingo alone.",,,,https://apps.apple.com/us/app/duolingo-language-lessons/id570060128,https://play.google.com/store/apps/details?id=com.duolingo,,
easy-languages,Easy Languages,https://www.easy-languages.org/,universal,*,youtube|media,intermediate|advanced,A2–C1,listening|immersion|vocabulary,freemium,4,comprehensible-input,,"Street interviews with dual subtitles, produced in dozens of languages.","A franchise of local producers filming unscripted street interviews, each episode subtitled in the target language and English, which is the closest free thing to hearing how people genuinely speak. All YouTube episodes are free; membership adds transcripts, vocabulary lists and exercises. Real-speed unscripted speech is hard early on — start with the slower 'Super Easy' episodes if you are below B1.",,,,,,https://www.youtube.com/@easylanguages,
forvo,Forvo,https://forvo.com/,universal,*,dictionary|tool,beginner|intermediate|advanced,,pronunciation|listening,freemium,3,pronunciation-training,,Crowd-sourced pronunciations of nearly any word by native speakers.,"Around 6 million words recorded by native speakers across 400+ languages, usually with several accents per word so you can hear regional variation. Free to search on the site; the paid tiers are aimed at API users and bulk audio downloads. Indispensable for names, place names and anything a TTS voice would mangle — many learners wire it directly into Anki for card audio.",,,,,,,
fsi-live-lingua,FSI & Peace Corps courses (Live Lingua),https://www.livelingua.com/courses/,universal,*,course|book,beginner|intermediate|advanced,A1–C1,grammar|listening|speaking|reading,free,3,structured-course|audio-method,,Free public-domain US government language courses with textbooks and audio.,"Foreign Service Institute, Peace Corps and DLI materials — full textbooks plus hundreds of hours of audio — are public domain and hosted here for free across dozens of languages. The depth is extraordinary and the FSI Basic courses take diplomats to professional working proficiency, which no consumer app attempts. The recordings are from the 1960s–80s, the drills are relentless, and some vocabulary is dated (Cold War era), so they suit disciplined self-studiers, not casual learners.",,,,,,,
glossika,Glossika,https://ai.glossika.com/,universal,*,app|course,beginner|intermediate,A1–B2,listening|speaking|pronunciation,paid,2,audio-method,,Mass-sentence audio drilling for listening and speaking automaticity.,"You listen to and repeat thousands of native-recorded sentences on a spaced schedule, which builds fluent output patterns without explicit grammar study. It covers 60+ languages and keeps nine minority languages (Catalan, Welsh, Taiwanese, Kurdish and others) permanently free as a preservation effort. It is expensive at roughly $20–40/month, and the repetition is monotonous — most reviewers call it effective but overpriced, so try the 7-day trial first.",,,,https://apps.apple.com/us/app/glossika-language-learning/id1597902556,https://play.google.com/store/apps/details?id=com.glossika.ai,,
hellotalk,HelloTalk,https://www.hellotalk.com/,universal,*,app|community,beginner|intermediate|advanced,,writing|speaking|listening,freemium,4,conversation-practice,,"Text, call and correct with native speakers in a language-exchange feed.","Built-in correction tools let partners fix your messages inline, and the social 'moments' feed gets you corrections from strangers without arranging a call. Free for the core exchange; VIP adds more translations and simultaneous target languages. The persistent caveat is that a fair share of users treat it as a dating app, and exchange partners are unreliable — it works best once you already have some output to correct.",,,,https://apps.apple.com/us/app/hellotalk-language-learning/id557130558,https://play.google.com/store/apps/details?id=com.hellotalk,,
italki,italki,https://www.italki.com/,universal,*,tutoring,beginner|intermediate|advanced,,speaking|listening|grammar,paid,4,conversation-practice,,Marketplace of online tutors and community teachers for 150+ languages.,"One-on-one video lessons from roughly $5–30/hr depending on the language and the teacher's credentials. It is the single fastest way to get real speaking practice, and the reason most self-study plans stall is that they skip this step. Community tutors are cheap conversation partners; professional teachers are worth it if you want structure, homework and error correction.",,,,,,,
language-reactor,Language Reactor,https://www.languagereactor.com/,universal,*,tool,intermediate|advanced,,listening|reading|vocabulary|immersion,freemium,3,graded-reading|flashcards,,Dual subtitles and click-to-look-up on Netflix and YouTube.,"A Chrome extension that shows target-language and native subtitles simultaneously, lets you click any word for a definition, replay a line, and save phrases for review. The free tier already covers dual subs, dictionary lookups and the CEFR-graded video catalogue; Pro (about $6/month) adds machine translation, speech recognition and better AI lookups. It transforms passive Netflix time into study time, but you need enough of a base — roughly B1 — for subtitle mining to beat just watching.",,,,,,,
language-transfer,Language Transfer,https://www.languagetransfer.org/,universal,*,course|podcast,beginner,A1–B1,grammar|speaking|listening,free,3,audio-method,,Free audio courses that teach you to reason your way into the language.,"Mihalis Eleftheriou records real lessons with a real student and walks you through constructing the language yourself using cognates and logic — Spanish, French, Italian, German, Greek, Turkish, Arabic and Swahili are covered. Completely free, no ads, no sign-up, funded by donations. The Spanish course in particular is one of the most recommended free resources anywhere; the trade-off is small vocabulary and no reading or writing practice.",https://podcasts.apple.com/us/podcast/language-transfer/id909994948,,https://feeds.soundcloud.com/users/soundcloud:users:81304541/sounds.rss,,,,
librivox,LibriVox,https://librivox.org/,universal,*,media,advanced,B2–C2,listening|immersion,free,3,authentic-media,,"Free public-domain audiobooks in 40+ languages, read by volunteers.","Thousands of public-domain books recorded by volunteers, downloadable as MP3 or M4B with no account. Pairing a LibriVox recording with the matching free Project Gutenberg text gives you a full audiobook-plus-ebook study set for nothing. Two caveats: recordings are volunteer-quality and vary a lot reader to reader, and everything is out of copyright, so the language is often a century old — great for literature, poor for modern slang.",,,,,,,
lingopie,Lingopie,https://lingopie.com/,universal,*,media|app,intermediate|advanced,A2–C1,listening|immersion|vocabulary,paid,3,authentic-media|graded-reading,,Licensed TV shows with interactive subtitles in 15 languages.,"A streaming service where every show has clickable dual subtitles and saved words become flashcards, covering 15 languages with apps on phone, Roku and TV. It solves the 'what do I watch' problem for languages where Netflix's catalogue is thin. The library is much smaller than a mainstream streamer and it is subscription-only — if you already pay for Netflix, Language Reactor's free tier does most of the same job.",,,,https://apps.apple.com/us/app/lingopie-learn-a-language/id1534737981,https://play.google.com/store/apps/details?id=com.lingopie.tv,https://www.youtube.com/channel/UCWozl2jWVx_6QcTA7r_ayEg,
lingq,LingQ,https://www.lingq.com/,universal,*,app|tool,beginner|intermediate|advanced,A2–C1,reading|listening|vocabulary|immersion,freemium,3,graded-reading,,Read and listen to real content while tracking every word you know.,"Import podcasts, articles or ebooks, tap unknown words for definitions, and LingQ tracks your known-word count over time. The free tier caps how many saved words you can keep, so serious use means paying (~$13/month or less annually). The interface is clunky and the built-in SRS is weaker than Anki, but the reading-plus-audio workflow with 50+ languages is hard to replicate elsewhere.",,,,https://apps.apple.com/us/app/lingq-learn-languages/id379385811,https://play.google.com/store/apps/details?id=com.linguist,https://www.youtube.com/@Thelinguist,
mango-languages,Mango Languages,https://mangolanguages.com/,universal,*,app|course,beginner|intermediate,A1–B1,speaking|listening|vocabulary|pronunciation,paid,3,structured-course,,"Conversation-driven courses in 70+ languages, often free through your library.","Lessons build outward from real conversations with colour-coded literal translations and cultural notes, and the catalogue includes endangered and indigenous languages nobody else covers. Retail pricing starts around $10/month, but a very large number of public libraries and universities give patrons free access — check yours before paying. Content depth per language is modest, so it suits travellers and early learners more than people pushing toward B2.",,,,https://apps.apple.com/us/app/mango-languages-learning/id443516516,https://play.google.com/store/apps/details?id=com.mango.android,,
memrise,Memrise,https://www.memrise.com/,universal,*,app,beginner|intermediate,A1–B1,vocabulary|listening|speaking,freemium,4,flashcards,,Vocabulary drills backed by clips of native speakers saying the phrase.,"The 'learn with locals' video clips are the distinguishing feature — you hear real people at real speed rather than TTS. Be aware that Memrise moved user-created community courses off the main app in 2024 onto a separate site, which gutted what many long-time users valued most, and the app has leaned hard into AI chat features since. Fine as a phrase-and-vocabulary app for major languages; if you came for the community decks, use Anki instead.",,,,https://apps.apple.com/us/app/memrise-easy-language-learning/id635966718,https://play.google.com/store/apps/details?id=com.memrise.android.memrisecompanion,https://www.youtube.com/channel/UC4Ywz0GYzq7nlPtKCMQ8m0w,
michel-thomas,Michel Thomas Method,https://www.michelthomas.com/,universal,*,course,beginner,A1–A2,speaking|grammar|listening,paid,3,audio-method,,Audio courses where you learn by listening in on a real lesson.,"You sit in on a recorded lesson with two students and build sentences aloud alongside them, with no writing, homework or memorisation; 19 languages are available. It is remarkably good at making the core grammar of Romance languages click in a few hours. Vocabulary coverage is small, the recordings are old, and the courses after Michel Thomas's death are taught by other teachers with mixed results — treat it as a fast on-ramp, not a course of study.",,,,,,https://www.youtube.com/channel/UCxONq9RA-tr5FnPR-y2pemQ,
migaku,Migaku,https://migaku.com/,universal,*,tool|app,intermediate|advanced,,immersion|vocabulary|reading|listening,paid,2,flashcards|graded-reading,,"Turns Netflix, YouTube and web pages into Anki-style sentence cards.","The heavyweight immersion toolkit: one-click sentence mining with audio, screenshot and definitions, plus its own SRS and known-word tracking, for 11 languages including Japanese, Korean, Mandarin and the major European ones. A 10-day free trial then a subscription (roughly $10/month). Overkill unless you are committed to a sentence-mining routine — if that describes you it saves hours a week, otherwise Language Reactor's free tier is enough.",,,,https://apps.apple.com/us/app/migaku-really-learn-languages/id1664096855,https://play.google.com/store/apps/details?id=com.migaku.android,https://www.youtube.com/c/ImmersewithMigaku,
pimsleur,Pimsleur,https://www.pimsleur.com/,universal,*,course|app,beginner|intermediate,A1–B1,speaking|listening|pronunciation,paid,4,audio-method,,Audio-only spaced-recall courses that drill speaking from lesson one.,"Thirty-minute audio lessons force you to produce sentences out loud before you see anything written, which builds unusually good accent and recall. Subscriptions run about $15–21/month (all-access covers 50+ languages), and older courses are often available through public libraries. It is slow and vocabulary-light by design, so pair it with reading — but for commute or walking time it is the best use of otherwise dead hours.",,,,https://apps.apple.com/us/app/pimsleur-language-learning/id1405735469,https://play.google.com/store/apps/details?id=com.simonandschuster.pimsleur.unified.android,,
preply,Preply,https://preply.com/,universal,*,tutoring,beginner|intermediate|advanced,,speaking|listening|grammar,paid,4,conversation-practice,,Large tutor marketplace with subscription-style lesson packages.,"100,000+ tutors across 120+ subjects, with a free replacement if your first tutor is a bad fit. The main structural difference from italki is that Preply pushes weekly lesson subscriptions and takes a large commission from tutors, which some learners consider a reason to prefer italki. Worth comparing side by side for your language — prices, availability and tutor quality differ per market rather than per platform.",,,,,,,
readlang,Readlang,https://readlang.com/,universal,*,tool|website,intermediate|advanced,,reading|vocabulary,freemium,2,graded-reading|flashcards,,Click any word while reading the web to translate it and make a flashcard.,"A browser extension plus web reader covering 100+ languages: click a word or drag across a phrase, get an inline translation, and it becomes a flashcard automatically. The free tier gives unlimited single-word translations but caps phrases and AI explanations at 10 a day; Premium is $6/month. Simpler and cheaper than LingQ or Migaku if all you want is frictionless reading of articles and ebooks.",,,,,,,
reddit-languagelearning,r/languagelearning,https://www.reddit.com/r/languagelearning/,universal,*,community,beginner|intermediate|advanced,,reading,free,4,,,"3M-member forum for method debates, resource recommendations and reality checks.","The default place to ask 'is X app worth it' or 'what should I do at B1' and get answers from people who have actually done it, plus per-language subreddits (r/Spanish, r/LearnJapanese, r/French) with far better resource lists. The wiki and FAQ head off most beginner questions. Expect strong ideological camps — comprehensible-input purists versus textbook people — so read a few threads before taking any single answer as settled.",,,,,,,
refold,Refold,https://refold.la/,universal,*,website|community,beginner|intermediate|advanced,,immersion|listening|reading|vocabulary,freemium,3,,,Free immersion-learning roadmap plus tools and a large learner community.,"A detailed staged roadmap for acquiring a language through massive comprehensible input — what to do at each stage, when to start output, how to mine sentences — with a free tracker, starter courses and an active Discord. The roadmap and community are free; vocabulary decks, advanced courses and coaching are paid. It is opinionated to the point of dogma about avoiding early output and translation, so take the framework and ignore the purity rules if they do not fit your goals.",,,,,,,
speak-app,Speak,https://www.speak.com/,universal,*,app,beginner|intermediate,A1–B1,speaking|pronunciation|listening,paid,3,conversation-practice|pronunciation-training,,AI speaking partner that makes you talk out loud every session.,"Unlike most apps it is built around producing speech: you repeat, roleplay and converse with an AI tutor that gives pronunciation and phrasing feedback in real time. Covers Spanish, French, Korean, Japanese, Italian and Chinese for English speakers, with a 7-day trial then a subscription (roughly $20/month or $99/yr). Good for overcoming the fear of speaking before your first human lesson, but an AI will not push back or drift off-script the way a real conversation partner does.",,,,https://apps.apple.com/us/app/speak-language-learning/id1286609883,https://play.google.com/store/apps/details?id=com.selabs.speak,,
speechling,Speechling,https://speechling.com/,universal,*,app|tool,beginner|intermediate,,speaking|pronunciation|listening,freemium,2,pronunciation-training,,Record yourself and get free human feedback on your pronunciation.,"A 501(c)(3) nonprofit: you shadow native audio, record your own version, and a real human coach returns feedback — 10 free submissions a month, unlimited for about $20/month, with full scholarships for anyone who needs one. Covers French, Spanish, Chinese, Japanese, Korean, German, Italian, Portuguese, Russian and English. It only fixes pronunciation and delivery, so it complements rather than replaces conversation practice.",,,,https://apps.apple.com/us/app/speechling-learn-any-language/id1239983313,https://play.google.com/store/apps/details?id=com.speechling.speechling,,
tandem,Tandem,https://tandem.net/,universal,*,app|community,beginner|intermediate|advanced,,speaking|writing|listening,freemium,3,conversation-practice,,Language-exchange app with moderated profiles and easy voice/video calls.,"Same idea as HelloTalk but with vetted profiles and a cleaner focus on actual voice and video calls, which makes it noticeably less spammy in practice. Free to use; Pro adds unlimited partner search and extra languages, and the app also sells paid tutors. Both apps live or die on finding one or two committed partners, so expect to message a lot of people before anything sticks.",,,,https://apps.apple.com/us/app/tandem-practice-languages/id959001619,https://play.google.com/store/apps/details?id=net.tandem,https://www.youtube.com/@TandemAppHQ,
tatoeba,Tatoeba,https://tatoeba.org/,universal,*,website|tool,beginner|intermediate|advanced,,reading|vocabulary|grammar,free,2,,,Open database of 13M example sentences with translations across 400+ languages.,"A collaborative, Creative Commons-licensed corpus you can search for real usage of a word or download in bulk to build your own decks. It is the raw material behind Clozemaster and countless Anki decks rather than a study tool in itself. Sentences are contributed by volunteers, so quality and naturalness vary — prefer sentences from native contributors and cross-check anything surprising.",,,,,,,
teach-yourself,Teach Yourself (Complete series),https://www.teachyourself.com/,universal,*,book|course,beginner|intermediate,A1–B2,reading|grammar|vocabulary|listening,paid,3,structured-course,,"Self-study course books with audio for 30+ languages, beginner to advanced.","The 'Complete' books are proper structured courses with dialogues, graded exercises and downloadable audio, and the range covers languages no app touches. Quality varies noticeably by title and author, so check reviews for your specific language before buying rather than trusting the series name. Their graded readers and 'Script Hacking' alphabet guides are also worth knowing about for non-Latin scripts.",,,,,,,
wiktionary,Wiktionary,https://www.wiktionary.org/,universal,*,dictionary|website,beginner|intermediate|advanced,,vocabulary|grammar|pronunciation,free,4,,,"Free multilingual dictionary with etymologies, IPA and full conjugation tables.","Over 100 language editions; the English edition alone has millions of entries covering hundreds of languages, with IPA, declension and conjugation tables, etymologies and usage notes that commercial apps usually paywall. The etymology sections are quietly one of the best vocabulary-retention tools available. Being crowd-sourced, coverage is uneven and rare entries can be wrong — cross-check anything unusual against a native-language dictionary.",,,,,,,
youglish,YouGlish,https://youglish.com/,universal,*,tool|website,intermediate|advanced,,pronunciation|listening,free,3,pronunciation-training,,"Hear how a word is really said, searched across millions of YouTube clips.","Type a word or phrase and it plays back real YouTube clips of people saying it in context, across 25 languages plus sign languages, so you get natural intonation and regional variation rather than an isolated dictionary recording. Free, donation-supported, no account needed. Complements Forvo: Forvo for single words, YouGlish for phrases and prosody.",,,,,,,
